-- MySQL dump 10.13  Distrib 8.0.36, for Linux (x86_64)
--
-- Host: localhost    Database: sistema_gerenciamento_contratos
-- ------------------------------------------------------
-- Server version	8.0.36

/*!40101 SET @OLD_CHARACTER_SET_CLIENT=@@CHARACTER_SET_CLIENT */;
/*!40101 SET @OLD_CHARACTER_SET_RESULTS=@@CHARACTER_SET_RESULTS */;
/*!40101 SET @OLD_COLLATION_CONNECTION=@@COLLATION_CONNECTION */;
/*!50503 SET NAMES utf8mb4 */;
/*!40103 SET @OLD_TIME_ZONE=@@TIME_ZONE */;
/*!40103 SET TIME_ZONE='+00:00' */;
/*!40014 SET @OLD_UNIQUE_CHECKS=@@UNIQUE_CHECKS, UNIQUE_CHECKS=0 */;
/*!40014 SET @OLD_FOREIGN_KEY_CHECKS=@@FOREIGN_KEY_CHECKS, FOREIGN_KEY_CHECKS=0 */;
/*!40101 SET @OLD_SQL_MODE=@@SQL_MODE, SQL_MODE='NO_AUTO_VALUE_ON_ZERO' */;
/*!40111 SET @OLD_SQL_NOTES=@@SQL_NOTES, SQL_NOTES=0 */;

--
-- Table structure for table `SequelizeMeta`
--

DROP TABLE IF EXISTS `SequelizeMeta`;
/*!40101 SET @saved_cs_client     = @@character_set_client */;
/*!50503 SET character_set_client = utf8mb4 */;
CREATE TABLE `SequelizeMeta` (
  `name` varchar(255) COLLATE utf8mb3_unicode_ci NOT NULL,
  PRIMARY KEY (`name`),
  UNIQUE KEY `name` (`name`)
) ENGINE=InnoDB DEFAULT CHARSET=utf8mb3 COLLATE=utf8mb3_unicode_ci;
/*!40101 SET character_set_client = @saved_cs_client */;

--
-- Dumping data for table `SequelizeMeta`
--

LOCK TABLES `SequelizeMeta` WRITE;
/*!40000 ALTER TABLE `SequelizeMeta` DISABLE KEYS */;
INSERT INTO `SequelizeMeta` VALUES ('20240511220615-create-usuarios.js'),('20240511220727-create-fabricantes.js'),('20240511220816-create-clientes.js'),('20240511220851-create-produtos.js'),('20240511220913-create-contratos.js'),('20240511220938-create-logs.js'),('20240511221005-create-fatos-importantes.js'),('20240511221105-create-contatos-comerciais.js'),('20240511221126-create-contatos-tecnicos.js'),('20240712210119-remove-email-null-descricao-quantidade.js'),('20240712211423-add-tipo-alter-gestores.js'),('20240713043143-alterar-tipo-nps.js'),('20240713191655-add-nome-indice-contrato.js'),('20240812135908-add-table-segmentos.js'),('20240812140455-alter-contratos-segmentos-id_segmentos.js'),('20240812184415-alter-column-to-enum.js'),('20240812214507-add-status-clientes.js'),('20240812214608-add-status-fabricantes.js'),('20240812214703-add-status-produtos.js'),('20240812214725-add-status-segmentos.js'),('20240819224835-create-tabel-faturado.js'),('20240820125500-alter-faturado-por-id-faturado.js'),('20240905201043-add-column-data-inicio-contrato.js'),('20241003133726-indice_nao-obrigatorio.js'),('20250224044048-tabela-contratos-erro-reajuste.js'),('20250224044455-tabela-reprocessamento-contratos.js'),('20250305024053-tabela-reset-senha.js'),('20250307035619-tabela-vencimento-contratos.js'),('20250608022545-add_oid_microsoft_user.js'),('20250608030406-alterar-coluna-senha-para-nula-em-usuarios.js'),('20250704015543-alter-clientes-e-create-grupos-economicos.js'),('20250707002654-tipo_faturamento_tabela_contratos.js'),('20250709235543-create_tabela_classificacao_clientes.js'),('20250710002538-alter-clientes-grupos-add-classificacao.js'),('20250710035840-create-categorias-produto.js'),('20250710035849-add-id-categoria-produto-to-produtos.js'),('20250716024032-remove-faturado-from-contratos.js');
/*!40000 ALTER TABLE `SequelizeMeta` ENABLE KEYS */;
UNLOCK TABLES;

--
-- Table structure for table `categorias_produtos`
--

DROP TABLE IF EXISTS `categorias_produtos`;
/*!40101 SET @saved_cs_client     = @@character_set_client */;
/*!50503 SET character_set_client = utf8mb4 */;
CREATE TABLE `categorias_produtos` (
  `id` int NOT NULL AUTO_INCREMENT,
  `nome` varchar(255) NOT NULL,
  `status` enum('ativo','inativo') NOT NULL DEFAULT 'ativo',
  `created_at` datetime NOT NULL DEFAULT CURRENT_TIMESTAMP,
  `updated_at` datetime NOT NULL DEFAULT CURRENT_TIMESTAMP,
  PRIMARY KEY (`id`),
  UNIQUE KEY `nome` (`nome`)
) ENGINE=InnoDB AUTO_INCREMENT=7 DEFAULT CHARSET=utf8mb4 COLLATE=utf8mb4_0900_ai_ci;
/*!40101 SET character_set_client = @saved_cs_client */;

--
-- Dumping data for table `categorias_produtos`
--

LOCK TABLES `categorias_produtos` WRITE;
/*!40000 ALTER TABLE `categorias_produtos` DISABLE KEYS */;
INSERT INTO `categorias_produtos` VALUES (1,'Consultoria','ativo','2025-07-10 15:24:31','2025-07-10 15:24:31'),(2,'Antivirus','ativo','2025-07-10 15:24:53','2025-07-10 15:24:53'),(3,'Serviço','ativo','2025-07-10 15:25:36','2025-07-10 15:25:36'),(4,'Segurança','ativo','2025-07-10 15:25:49','2025-07-10 15:25:49'),(5,'Firewall','ativo','2025-07-10 15:26:15','2025-07-10 15:26:15'),(6,'Licenciamento','ativo','2025-07-10 15:26:45','2025-07-10 16:29:22');
/*!40000 ALTER TABLE `categorias_produtos` ENABLE KEYS */;
UNLOCK TABLES;

--
-- Table structure for table `classificacoes_clientes`
--

DROP TABLE IF EXISTS `classificacoes_clientes`;
/*!40101 SET @saved_cs_client     = @@character_set_client */;
/*!50503 SET character_set_client = utf8mb4 */;
CREATE TABLE `classificacoes_clientes` (
  `id` int NOT NULL AUTO_INCREMENT,
  `nome` varchar(255) NOT NULL,
  `status` enum('ativo','inativo') DEFAULT 'ativo',
  `tipo_categoria` enum('quantidade','valor') NOT NULL,
  `quantidade` int DEFAULT NULL,
  `valor` decimal(10,2) DEFAULT NULL,
  `created_at` datetime NOT NULL DEFAULT CURRENT_TIMESTAMP,
  `updated_at` datetime NOT NULL DEFAULT CURRENT_TIMESTAMP,
  PRIMARY KEY (`id`),
  UNIQUE KEY `nome` (`nome`)
) ENGINE=InnoDB AUTO_INCREMENT=5 DEFAULT CHARSET=utf8mb4 COLLATE=utf8mb4_0900_ai_ci;
/*!40101 SET character_set_client = @saved_cs_client */;

--
-- Dumping data for table `classificacoes_clientes`
--

LOCK TABLES `classificacoes_clientes` WRITE;
/*!40000 ALTER TABLE `classificacoes_clientes` DISABLE KEYS */;
INSERT INTO `classificacoes_clientes` VALUES (1,'TOP 30','ativo','quantidade',30,NULL,'2025-07-10 15:28:43','2025-07-10 15:28:43'),(2,'A','ativo','valor',NULL,3000.00,'2025-07-10 15:31:49','2025-07-10 15:31:49'),(3,'B','ativo','valor',NULL,2000.00,'2025-07-10 15:33:11','2025-07-10 15:33:11'),(4,'C','ativo','valor',NULL,1.00,'2025-07-10 15:33:34','2025-07-10 15:33:34');
/*!40000 ALTER TABLE `classificacoes_clientes` ENABLE KEYS */;
UNLOCK TABLES;

--
-- Table structure for table `clientes`
--

DROP TABLE IF EXISTS `clientes`;
/*!40101 SET @saved_cs_client     = @@character_set_client */;
/*!50503 SET character_set_client = utf8mb4 */;
CREATE TABLE `clientes` (
  `id` int NOT NULL AUTO_INCREMENT,
  `razao_social` varchar(255) NOT NULL,
  `nome_fantasia` varchar(255) NOT NULL,
  `cpf_cnpj` varchar(255) NOT NULL,
  `id_usuario` int NOT NULL,
  `nps` varchar(255) DEFAULT NULL,
  `data_criacao` datetime NOT NULL,
  `gestor_contratos_nome` varchar(255) NOT NULL,
  `gestor_contratos_email` varchar(255) NOT NULL,
  `gestor_contratos_nascimento` varchar(255) DEFAULT NULL,
  `gestor_contratos_telefone_1` varchar(255) NOT NULL,
  `gestor_contratos_telefone_2` varchar(255) DEFAULT NULL,
  `gestor_chamados_nome` varchar(255) DEFAULT NULL,
  `gestor_chamados_email` varchar(255) DEFAULT NULL,
  `gestor_chamados_nascimento` varchar(255) DEFAULT NULL,
  `gestor_chamados_telefone_1` varchar(255) DEFAULT NULL,
  `gestor_chamados_telefone_2` varchar(255) DEFAULT NULL,
  `gestor_financeiro_nome` varchar(255) DEFAULT NULL,
  `gestor_financeiro_email` varchar(255) DEFAULT NULL,
  `gestor_financeiro_nascimento` varchar(255) DEFAULT NULL,
  `gestor_financeiro_telefone_1` varchar(255) DEFAULT NULL,
  `gestor_financeiro_telefone_2` varchar(255) DEFAULT NULL,
  `created_at` datetime NOT NULL,
  `updated_at` datetime NOT NULL,
  `id_segmento` int NOT NULL,
  `status` enum('ativo','inativo') DEFAULT 'ativo',
  `id_grupo_economico` int DEFAULT NULL,
  `tipo_unidade` enum('pai','filha') DEFAULT NULL,
  `id_classificacao_cliente` int DEFAULT NULL,
  PRIMARY KEY (`id`),
  UNIQUE KEY `razao_social` (`razao_social`),
  UNIQUE KEY `cpf_cnpj` (`cpf_cnpj`),
  KEY `id_usuario` (`id_usuario`),
  KEY `clientes_id_segmento_foreign_idx` (`id_segmento`),
  KEY `clientes_id_grupo_economico_foreign_idx` (`id_grupo_economico`),
  KEY `clientes_id_classificacao_cliente_foreign_idx` (`id_classificacao_cliente`),
  CONSTRAINT `clientes_ibfk_1` FOREIGN KEY (`id_usuario`) REFERENCES `usuarios` (`id`) ON DELETE CASCADE ON UPDATE CASCADE,
  CONSTRAINT `clientes_id_classificacao_cliente_foreign_idx` FOREIGN KEY (`id_classificacao_cliente`) REFERENCES `classificacoes_clientes` (`id`) ON DELETE SET NULL ON UPDATE CASCADE,
  CONSTRAINT `clientes_id_grupo_economico_foreign_idx` FOREIGN KEY (`id_grupo_economico`) REFERENCES `grupos_economicos` (`id`) ON DELETE SET NULL ON UPDATE CASCADE,
  CONSTRAINT `clientes_id_segmento_foreign_idx` FOREIGN KEY (`id_segmento`) REFERENCES `segmentos` (`id`) ON DELETE CASCADE ON UPDATE CASCADE
) ENGINE=InnoDB AUTO_INCREMENT=387 DEFAULT CHARSET=utf8mb4 COLLATE=utf8mb4_0900_ai_ci;
/*!40101 SET character_set_client = @saved_cs_client */;

--
-- Dumping data for table `clientes`
--

LOCK TABLES `clientes` WRITE;
/*!40000 ALTER TABLE `clientes` DISABLE KEYS */;
INSERT INTO `clientes` VALUES (1,'MODELITOS CONFECCOES LTDA (ALPHORRIA)          ','MODELITOS CONFECCOES LTDA (ALPHORRIA)          ','20.631.826/0001-66',8,NULL,'2024-08-27 14:23:24','Nathalia Serra','nathalia.serra@alphorria.com.br',NULL,'(31) 3304-0500',NULL,'Alexsander Monteiro','ti@alphorria.com.br',NULL,'(31)9732-0861',NULL,'Genoveva','genoveva@alphorria.com.br',NULL,'(31) 3304-0500',NULL,'2024-08-27 14:23:24','2025-07-20 21:55:59',3,'ativo',NULL,NULL,3),(2,'AGREGGA CONTAGEM ESCOLA DE IDIOMAS LTDA','AGREGGA CONTAGEM ESCOLA DE IDIOMAS LTDA (NUMBER ONE YUCCA)','19.672.639/0001-41',2,NULL,'2024-08-27 14:23:24','gestor inicial','gestor_inicial@email.com',NULL,'(31)99999-9999',NULL,NULL,NULL,NULL,NULL,NULL,NULL,NULL,NULL,NULL,NULL,'2024-08-27 14:23:24','2025-07-10 12:18:25',1,'inativo',NULL,NULL,NULL),(3,'AGROPECUARIA ALMEIDA BRAGA S/A','AGROPECUARIA ALMEIDA BRAGA S/A','21.379.093/0001-87',3,NULL,'2024-08-27 14:23:24',' Saulo Souza','saulo@almeidabraga.com.br','2023-12-31','(31) 97187-1174','(31) 3327-6966 ',' Saulo Souza','saulo@almeidabraga.com.br','2023-12-31','(31) 97187-1174','(31) 3327-6966 ',' Marcel ','financeiro@almeidabraga.com.br','2021-09-08','(31) 99239-0229',NULL,'2024-08-27 14:23:24','2025-07-20 21:56:01',7,'ativo',NULL,NULL,4),(4,'GSN SISTEMAS LTDA - ME','GSN SISTEMAS (2G SOLUÇÕES)','64.342.926/0001-48',2,NULL,'2024-08-27 14:23:24','gestor inicial','gestor_inicial@email.com',NULL,'(31)99999-9999',NULL,NULL,NULL,NULL,NULL,NULL,NULL,NULL,NULL,NULL,NULL,'2024-08-27 14:23:24','2025-07-10 12:18:25',1,'inativo',NULL,NULL,NULL),(5,'ANJOS DA GUARDA SEGURANÇA E VIGILANCIA LTDA','ANJOS DA GUARDA SEGURANÇA E VIGILANCIA LTDA (ANJOS DA GUARDA)','65.136.566/0001-90',21,NULL,'2024-08-27 14:23:24','Fabio André','administravo@anjosdaguarda.com.br','2021-02-12','(31) 99241-3058',NULL,'Ana Carolina Rodrigues','gerentedetecnologia@anjosdaguarda.com.br','2021-12-25','(31) 99827-9756',NULL,' Viviana Andréia','financeiro@anjosdaguarda.com.br',NULL,'(31) 3282-6567',NULL,'2024-08-27 14:23:24','2025-07-20 21:56:01',6,'ativo',NULL,NULL,4),(6,'ADMINISTRADORA DE CONDOMINIOS OPALA LTDA - EPP','ADMINISTRADORA DE CONDOMINIOS OPALA LTDA - EPP (OPALA ADMINISTRADORA DE CONDOMINIOS)','17.355.686/0001-36',3,NULL,'2024-08-27 14:23:24','Carolina Neri','avulsos@admopala.com.br',NULL,'(31) 99401-9947',NULL,' Caio ','comercialopala@admopala.com.br',NULL,'(31) 3223-8111',NULL,NULL,'pagamentos@admopala.com.br',NULL,NULL,NULL,'2024-08-27 14:23:24','2025-07-20 21:55:59',6,'ativo',NULL,NULL,2),(7,'ALNUTRI ALIMENTOS LTDA','ALNUTRI ALIMENTOS LTDA (Dgh Foods/Hikari)','07.747.780/0001-87',3,NULL,'2024-08-27 14:23:24','Eduardo Alexander','eduardo.alexsander@alnutrialimentos.com.br',NULL,'(31) 3328-4639','(31) 98497-6085','Laercio Sandes','laercio.sandes@dghfoods.com.br',NULL,'(11) 99372-6962','(11) 97595-0196','','financeiro@alnutrialimentos.com.br',NULL,'',NULL,'2024-08-27 14:23:24','2025-07-11 08:20:24',3,'ativo',2,'pai',3),(8,'ALVARO REPRESENTACOES LTDA','ALVARO REPRESENTACOES LTDA','25.480.468/0001-51',6,NULL,'2024-08-27 14:23:24','Álvaro Nilo','alvaro.nilo@hotmail.com',NULL,'(85) 99910-3032',NULL,'Jéssica Fernandes','jessica@alvarorepresentacoes.com.br',NULL,'(31) 3227-7212',NULL,'Jéssica Fernandes','jessica@alvarorepresentacoes.com.br',NULL,'(31) 3227-7212',NULL,'2024-08-27 14:23:24','2025-07-20 21:56:01',3,'ativo',NULL,NULL,4),(9,'ARQUA INDUSTRIA BRASILEIRA DE MANGUEIRAS LTDA','ARQUA INDUSTRIA BRASILEIRA DE MANGUEIRAS LTDA','08.133.315/0001-19',4,NULL,'2024-08-27 14:23:24','Gustavo Lacerda','gustavo@arqua.com.br','2021-10-11','(31) 3597-0744',NULL,'Renato Ferreira','producao2@arqua.com.br','1984-09-03','(31) 3597-0744',NULL,NULL,'financeiro@arqua.com.br',NULL,NULL,NULL,'2024-08-27 14:23:24','2025-07-20 21:56:00',1,'ativo',NULL,NULL,4),(10,'AQUILA PARTICIPACOES LTDA','AQUILA PARTICIPACOES LTDA','08.573.356/0001-26',6,NULL,'2024-08-27 14:23:24','Ronaldo Lodi','ronaldolx@aquilapart.com.br','2021-12-17','(31) 99953-5695',NULL,'Juliana  Calazan','juliana.calazan@aquilapart.com.br','2021-02-20','(31) 3243-8040',NULL,'Mônica Lodi Xavier','monicalx@aquilapart.com.br',NULL,' (31) 99953-5695',NULL,'2024-08-27 14:23:24','2025-07-20 21:56:00',4,'ativo',NULL,NULL,4),(11,'BIOTECH LOGÍSTICA','BIOTECH LOGÍSTICA','21.382.943/0001-04',4,NULL,'2024-08-27 14:23:24','Bruna Araújo','bruna@biotechlogistica.com.br','2021-01-23','31) 3362-9719',NULL,'Fernando','fernando.pinto@biotechlogistica.com.br',NULL,'(31) 98834-6013',NULL,'Emanuelle','emanuelle.ribeiro@biotechlogistica.com.br','2021-10-24',NULL,NULL,'2024-08-27 14:23:24','2025-07-20 21:56:00',2,'ativo',NULL,NULL,4),(12,'TARGET MECANICA INDUSTRIAL LTDA','TARGET MECANICA INDUSTRIAL LTDA','21.091.757/0001-08',21,NULL,'2024-08-27 14:23:24','Kamila Gomes','target@targetmecanica.com.br',NULL,'(31) 3396-3562 ext. 3545',NULL,'Yasmim Avila','yasmim.avila@targetmecanica.com.br',NULL,'(31) 3396-3562',NULL,NULL,'financeiro@targetmecanica.com.br',NULL,NULL,NULL,'2024-08-27 14:23:24','2025-07-20 21:56:00',10,'ativo',NULL,NULL,4),(13,'ABILITA ASSESSORIA E CONSULTORIA CONTABIL - EPP (ABILITA CONTABIL)','ABILITA ASSESSORIA E CONSULTORIA CONTABIL - EPP (ABILITA CONTABIL)','26.898.067/0001-89',4,NULL,'2024-08-27 14:23:24','Daiane Priscila','contabilidade1@abilitacontabil.com.br','','(31) 3166-0589',NULL,'Adriana Rocha','adriana.rocha@abilitacontabil.com.br',NULL,'(31) 98422-4469',NULL,'Adriana Rocha','adriana.rocha@abilitacontabil.com.br',NULL,'(31) 98422-4469',NULL,'2024-08-27 14:23:24','2025-07-20 21:56:00',4,'ativo',NULL,NULL,4),(14,'ARQUIVAR FRANCHISING EIRELI','ARQUIVAR FRANCHISING EIRELI','21.525.644/0001-73',8,NULL,'2024-08-27 14:23:24','Erika Abreu','gestor_inicial@email.com','2021-07-14','(31) 99212-1597','(31) 3626-9300',' Gabriel ','gabriel@arquivar.com','2021-04-27','(31) 3626-9300',NULL,'  Michelle ','michelle@arquivar.com','2021-09-10','(31) 3626-9300',NULL,'2024-08-27 14:23:24','2025-07-20 21:55:59',4,'ativo',NULL,NULL,2),(15,'BRIDGE TRANSPORTES E LOGISTICA LTDA','BRIDGE TRANSPORTES E LOGISTICA LTDA','13.697.410/0001-85',4,NULL,'2024-08-27 14:23:24','Jacyr Brecho','jacyr@bridgelog.com.br','2021-04-23','(31) 3889-5001',NULL,'Renato Luiz','relacionamento@bridgelog.com.br','2021-12-03','(31) 3889-5001',NULL,'Renato Luiz','relacionamento@bridgelog.com.br','2021-12-03','3138895001',NULL,'2024-08-27 14:23:24','2025-07-20 21:56:00',2,'ativo',NULL,NULL,3),(16,'BICALHO E ASSOCIADOS CONSULTORIA JURIDICA - ME','BICALHO E ASSOCIADOS CONSULTORIA JURIDICA - ME','05.974.056/0001-60',4,NULL,'2024-08-27 14:23:24','Pablo Troncoso','pablo@bicalho.com','2021-01-12','(31) 3291-2959',NULL,'Renata Oliveira','administrativo@bicalho.com','2021-08-28','(31) 3291-2959',NULL,'Ana Paula','anapaula@bicalho.com','2025-08-28','(31) 3291-2959',NULL,'2024-08-27 14:23:24','2025-07-20 21:55:59',5,'ativo',NULL,NULL,2),(17,'BTX GEOLOGIA E MEIO AMBIENTE LTDA','BTX GEOLOGIA E MEIO AMBIENTE LTDA','02.021.008/0001-60',8,NULL,'2024-08-27 14:23:24','Letícia Raposo','leticia.raposo@btx.com.br',NULL,'(11) 94845-0195','','Reginaldo','reginaldo.evora@btx.com.br',NULL,'(65) 9996-3233',NULL,'','elton.fernandes@btx.com.br',NULL,'',NULL,'2024-08-27 14:23:24','2025-07-20 21:56:00',1,'ativo',NULL,NULL,4),(18,'BISCOITOS BARBIERI INDUSTRIA ALIMENTICIA LTDA','BISCOITOS BARBIERI INDUSTRIA ALIMENTICIA LTDA','02.549.370/0001-08',8,NULL,'2024-08-27 14:23:24','Luiz Gustavo','diretoria@biscoitosbarbieri.com.br','2021-04-07','(31) 3394-6679',NULL,'Fernanda ','administrativo@biscoitosbarbieri.com.br','2021-01-20','(31) 3394-6679',NULL,'','contasapagar@biscoitosbarbieri.com.br','','(31) 3394-6679',NULL,'2024-08-27 14:23:24','2025-07-20 21:56:00',3,'ativo',NULL,NULL,3),(19,'2º TABELIAO DE NOTAS E DE PROTESTO DE LETRAS E TITULOS DA COMARCA DE SAO JOAO DA BOA VISTA - SP','2º TABELIAO DE NOTAS E DE PROTESTO DE LETRAS E TITULOS DA COMARCA DE SAO JOAO DA BOA VISTA - SP (DIEGO PEREIRA MACHADO)','27.177.975/0001-46',14,NULL,'2024-08-27 14:23:24','Diego','diegopm_brazil@yahoo.com',NULL,'(19) 97110-8383',NULL,'Alexandre','contato@confsegsjbv.com.br',NULL,'(19) 99131-0769',NULL,'Diego','diegopm_brazil@yahoo.com',NULL,'(19) 97110-8383',NULL,'2024-08-27 14:23:24','2025-07-20 21:56:00',5,'ativo',NULL,NULL,4),(20,'SOLUCOES FARMA LTDA (Buzatto\'s)','SOLUCOES FARMA LTDA (BUZATTO\'S)','35.517.640/0001-58',3,NULL,'2024-08-27 14:23:24','Augusto Cotes','augusto@buzattos.com.br',NULL,'(31) 3358-3644',NULL,'Paulo Carvalho ','ti@buzattos.com.br',NULL,'(31) 99113-5430',NULL,NULL,'financeiro@buzattos.com.br',NULL,NULL,NULL,'2024-08-27 14:23:24','2025-07-20 21:55:59',1,'ativo',NULL,NULL,2),(21,'AMPHORA LTDA - FARMÁCIA DE MANIPULAÇÃO','AMPHORA LTDA','38.659.082/0001-53',8,NULL,'2024-08-27 14:23:24','Anderson Matos ','andersonmattos@amphora.com.br','20-02-27','(31) 99972-7539',NULL,'Walisson  Damião dos Santos ','ti@amphora.com.br','2011-03-03','(31) 98893-2769',NULL,NULL,NULL,NULL,NULL,NULL,'2024-08-27 14:23:24','2025-07-10 12:18:25',6,'inativo',NULL,NULL,NULL),(22,'BRUNSKER TECNOLOGIA LTDA','BRUNSKER TECNOLOGIA LTDA','07.074.778/0001-94',2,NULL,'2024-08-27 14:23:24','gestor inicial','gestor_inicial@email.com',NULL,'(31)99999-9999',NULL,NULL,NULL,NULL,NULL,NULL,NULL,NULL,NULL,NULL,NULL,'2024-08-27 14:23:24','2025-07-10 12:18:25',1,'inativo',NULL,NULL,NULL),(23,'CANADA LOCADORA DE EQUIPAMENTOS LIMITADA','CANADA LOCADORA DE EQUIPAMENTOS LIMITADA (CANADA CONTEINERS)','02.694.691/0001-04',3,NULL,'2024-08-27 14:23:24',' Breno','patrimonio@canadacontainers.com.br','2021-06-03','(31) 99111-1256','(31) 3589-4500',' Breno','patrimonio@canadacontainers.com.br','2021-06-03','(31) 99111-1256','(31) 3589-4500','Reinaldo Marquezini','financeiro@canadacontainers.com.br',NULL,'(31) 3589-4500',NULL,'2024-08-27 14:23:24','2025-07-20 21:55:59',6,'ativo',NULL,NULL,3),(24,'ASSOCIACAO CLUBE DAS TINTAS','ASSOCIACAO CLUBE DAS TINTAS','17.690.383/0001-70',3,NULL,'2024-08-27 14:23:24','Renato Bernardone','renatobernardone@hotmail.com',NULL,'(31) 3364-7337',NULL,'Graciele ','suporte@clubedastintas.com',NULL,'(31) 3364-7337',NULL,NULL,NULL,NULL,NULL,NULL,'2024-08-27 14:23:24','2025-07-10 12:18:25',3,'inativo',NULL,NULL,NULL),(25,'RADLINE TECNOLOGIA EM POLIMEROS EIRELI','RADLINE TECNOLOGIA EM POLIMEROS EIRELI (Canadense)','29.750.525/0001-26',14,NULL,'2024-08-27 14:23:24','Lunes Paolinelli','lunes.paolinelli@radline.com.br',NULL,'(31) 99613-2932',NULL,'José Carlos','jose.carlos@radline.com.br',NULL,'(31) 99942-3166',NULL,'Guilherme Garcia','guilherme.garcia@radline.com.br',NULL,'(31) 99715-1058',NULL,'2024-08-27 14:23:24','2025-07-20 21:56:00',1,'ativo',NULL,NULL,4),(26,'YASSUCO YOKOTA DOS SANTOS','YASSUCO YOKOTA DOS SANTOS (CARTÓRIO - 1º OFÍCIO DE REGISTRO DE IMÓVEIS E OFÍCIO DE REGISTROS DE TÍTULOS DOCUMENTOS E CIVIS DAS PESSOAS JURÍDICAS DE VILHENA/RO)','004.446.958-69',3,NULL,'2024-08-27 14:23:24','Luiz Fernando','luizfcbilibio@gmail.com',NULL,'(69) 99275-1137',NULL,'André Martineli','andre_martineli@hotmail.com',NULL,'(69) 99843-1113',NULL,'','carolyokota@hotmail.com',NULL,'',NULL,'2024-08-27 14:23:24','2025-07-20 21:56:00',1,'ativo',NULL,NULL,4),(27,'CONSERVADORA MINEIRA','CONSERVADORA MINEIRA ','86.972.569/0001-34',2,NULL,'2024-08-27 14:23:24','gestor inicial','gestor_inicial@email.com',NULL,'(31)99999-9999',NULL,NULL,NULL,NULL,NULL,NULL,NULL,NULL,NULL,NULL,NULL,'2024-08-27 14:23:24','2025-07-10 12:18:25',1,'inativo',NULL,NULL,NULL),(28,'CARTÓRIO ÚNICO DE NOTAS DE GUAJARÁ MIRIM RO (JOEL LUIZ ANTUNES CHAVES)','CARTÓRIO ÚNICO DE NOTAS DE GUAJARÁ MIRIM RO (JOEL LUIZ ANTUNES CHAVES)','468.453.051-53',14,NULL,'2024-08-27 14:23:24','Clió Suriadakis','cartorioclio@ibest.com.br',NULL,'(69) 3541-2238','(69) 99969-3570',NULL,NULL,NULL,NULL,NULL,NULL,'joelluizadv@brturbo.com.br',NULL,NULL,NULL,'2024-08-27 14:23:24','2025-07-20 21:56:00',1,'ativo',NULL,NULL,4),(29,'CARDIESEL LTDA','CARDIESEL LTDA (GRUPO VDL)','23.338.197/0001-79',4,NULL,'2024-08-27 14:23:24','Frederico','frederico@grupovdl.com.br',NULL,'(31) 97309-1967','(31) 2108-1110','Breno','breno@grupovdl.com.br',NULL,'(31) 99744-0068','(31) 3231-0694','Lígia Mata','ligia@grupovdl.com.br',NULL,'(31) 2108-1172',NULL,'2024-08-27 14:23:24','2025-07-20 21:55:59',3,'ativo',NULL,NULL,2),(30,'LUCAS GERASEEV PINHEIRO MACHADO','LUCAS GERASEEV PINHEIRO MACHADO (CARTÓRIO COSTA MARQUES)','105.202.236-75',21,NULL,'2024-08-27 14:23:24','Lucas Geraseev','geraseev@hotmail.com',NULL,'(32)98407-6041',NULL,'Jonhatan Brito Lucas','cartoriocmarques@gmail.com',NULL,'(69)98487-0246',NULL,'Jonhatan Brito Lucas','cartoriocmarques@gmail.com',NULL,'(69)98487-0246',NULL,'2024-08-27 14:23:24','2025-07-20 21:56:00',5,'ativo',NULL,NULL,4),(31,'JEFFERSON OURIBES FLORES','1º REGISTRO CIVIL E TABELIONATO DE NOTAS DE VILHENA','22.728.978/0001-07',8,NULL,'2024-08-27 14:23:24','Jefferson Ouribes Flores','cartoriodrjefferson.escritura@hotmail.com',NULL,'(69) 3322-3654',NULL,NULL,NULL,NULL,NULL,NULL,NULL,NULL,NULL,NULL,NULL,'2024-08-27 14:23:24','2025-07-20 21:56:01',5,'ativo',NULL,NULL,4),(32,'RBMA DISTRIBUIDORA DE PRESENTES LTDA (CASHBOX)','RBMA DISTRIBUIDORA DE PRESENTES LTDA (CASHBOX)','08.377.725/0001-05',3,NULL,'2024-08-27 14:23:24','Alessandra Braulio','alessandra@cashbox.com.br',NULL,'(31) 3423-2020',NULL,'Venâncio','ti@cashbox.com.br',NULL,'(31) 99732-6100',NULL,'Clesia Tavares','financeiro@cashbox.com.br',NULL,'(31) 3423-2020',NULL,'2024-08-27 14:23:24','2025-07-20 21:55:59',1,'ativo',NULL,NULL,2),(33,'CENTRO EDUCACIONAL PIO XII','CENTRO EDUCACIONAL PIO XII','17.216.367/0001-40',4,NULL,'2024-08-27 14:23:24','Philippe','informatica@pioxii.com.br',NULL,'(31) 33376055',NULL,'Philippe','informatica@pioxii.com.br',NULL,'(31) 33376055',NULL,NULL,'financeiro@pioxii.com.br',NULL,NULL,NULL,'2024-08-27 14:23:24','2025-07-14 14:57:33',11,'ativo',12,'pai',3),(34,'CASA IDEIA RECREACAO INFANTIL LTDA','ARTE INFANCIA LTDA (CASA IDEIA) ','09.599.570/0001-14',21,NULL,'2024-08-27 14:23:24','Breno ','comunicacao@acasaideia.com.br',NULL,'(31) 3281-2434',NULL,'Isabelle França Restel','contato@acasaideia.com.br',NULL,'(31) 3281-2434',NULL,'Isabelle França Restel','contato@acasaideia.com.br',NULL,'(31) 3281-2434',NULL,'2024-08-27 14:23:24','2025-07-20 21:56:00',11,'ativo',NULL,NULL,4),(35,'CENTRO DE MEDICINA REPRODUTIVA LTDA - CLINICA ORIGEN','CENTRO DE MEDICINA REPRODUTIVA LTDA - CLINICA ORIGEN','03.119.576/0001-60',3,NULL,'2024-08-27 14:23:24','Welligton','informatica@origen.com.br',NULL,'(31) 2102-6363','(31) 98822-4140','Welligton','informatica@origen.com.br',NULL,'(31) 2102-6363',NULL,NULL,'financeiro@origen.com.br',NULL,NULL,NULL,'2024-08-27 14:23:24','2025-07-20 21:56:00',1,'ativo',NULL,NULL,4),(36,'WELLINGTON DE LIMA MOTA','WELLINGTON DE LIMA MOTA (CARTÓRIO DE CAETÉ)','332.777.248-75',2,NULL,'2024-08-27 14:23:24','gestor inicial','gestor_inicial@email.com',NULL,'(31)99999-9999',NULL,NULL,NULL,NULL,NULL,NULL,NULL,NULL,NULL,NULL,NULL,'2024-08-27 14:23:24','2025-07-10 12:18:25',1,'inativo',NULL,NULL,NULL),(37,'MICHELY FREIRE FONSECA CUNHA.','CARTÓRIO DE REGISTRO DE IMÓVEIS DE VIRGINÓPOLIS','072.097.956-00',2,NULL,'2024-08-27 14:23:24','gestor inicial','gestor_inicial@email.com',NULL,'(31)99999-9999',NULL,NULL,NULL,NULL,NULL,NULL,NULL,NULL,NULL,NULL,NULL,'2024-08-27 14:23:24','2025-07-10 12:18:25',1,'inativo',NULL,NULL,NULL),(38,'POUSO ALEGRE CARTORIO DO TERCEIRO OFICIO','POUSO ALEGRE CARTORIO DO TERCEIRO OFICIO','20.372.280/0001-76',2,NULL,'2024-08-27 14:23:24','gestor inicial','gestor_inicial@email.com',NULL,'(31)99999-9999',NULL,NULL,NULL,NULL,NULL,NULL,NULL,NULL,NULL,NULL,NULL,'2024-08-27 14:23:24','2025-07-10 12:18:25',1,'inativo',NULL,NULL,NULL),(39,'CARTÓRIO DO 2º OFICIO DE NOTAS DE NOVA SERRANA (CARTÓRIO LOPES)','CARTÓRIO DO 2º OFICIO DE NOTAS DE NOVA SERRANA (CARTÓRIO LOPES)','14.314.123/0001-01',3,NULL,'2024-08-27 14:23:24','Cinthia ','cinthia@cartoriolopes.com.br',NULL,'(37) 3226-6450',NULL,'Cinthia ','cinthia@cartoriolopes.com.br',NULL,'(37) 3226-6450',NULL,'Cinthia ','cinthia@cartoriolopes.com.br',NULL,'(37) 3226-6450',NULL,'2024-08-27 14:23:24','2025-07-20 21:56:01',1,'ativo',NULL,NULL,4),(40,'GLAUCIA DO VALLE PEREIRA PAIVA','GLAUCIA DO VALLE PEREIRA PAIVA (CARTÓRIO CORUMBA)','03.552.676/0001-86',2,NULL,'2024-08-27 14:23:24','gestor inicial','gestor_inicial@email.com',NULL,'(31)99999-9999',NULL,NULL,NULL,NULL,NULL,NULL,NULL,NULL,NULL,NULL,NULL,'2024-08-27 14:23:24','2025-07-10 12:18:25',1,'inativo',NULL,NULL,NULL),(41,'DOURADOS CARTORIO 1 OFICIO NOTAS E REGISTRO DE IMOVEIS','DOURADOS CARTORIO 1 OFICIO NOTAS E REGISTRO DE IMOVEIS (TABELIONATO AGUIAR)','15.469.240/0001-07',3,NULL,'2024-08-27 14:23:24','Wemerson','douradoscart1@gmail.com','2021-09-13','(67) 3416-9200',NULL,'Wemerson','douradoscart1@gmail.com','2021-09-13','(67) 3416-9200',NULL,'Wemerson','douradoscart1@gmail.com','2021-09-13','(67) 3416-9200',NULL,'2024-08-27 14:23:24','2025-07-20 21:56:00',1,'ativo',NULL,NULL,4),(42,'CASA DAS VALVULAS COMERCIO DE EQUIPAMENTOS HIDRAULICOS INDUSTRIAIS LTDA - ME','CASA DAS VALVULAS COMERCIO DE EQUIPAMENTOS HIDRAULICOS INDUSTRIAIS LTDA (CASA DAS VÁLVULAS)','23.361.254/0001-30',3,NULL,'2024-08-27 14:23:24','João Mauro','joao.mauro@casadasvalvulasmg.com.br','2021-12-11','(31) 2565-2005','(31) 99281-0778','João Mauro','joao.mauro@casadasvalvulasmg.com.br','2021-12-11','(31) 2565-2005','(31) 99281-0778','Elivania','financeiro@casadasvalvulasmg.com.br',NULL,'(31) 2565-2005','','2024-08-27 14:23:24','2025-07-20 21:56:00',1,'ativo',NULL,NULL,3),(43,'CENTRO OESTE IMPLEMENTOS PARA TRANSPORTES LTDA','CENTRO OESTE IMPLEMENTOS PARA TRANSPORTES LTDA','25.521.683/0001-53',2,NULL,'2024-08-27 14:23:24','gestor inicial','gestor_inicial@email.com',NULL,'(31)99999-9999',NULL,NULL,NULL,NULL,NULL,NULL,NULL,NULL,NULL,NULL,NULL,'2024-08-27 14:23:24','2025-07-10 12:18:25',1,'inativo',NULL,NULL,NULL),(44,'CARTÓRIO TABELIONATO DE NOVA MAMORÉ (ROSELI MERTEN)','CARTÓRIO TABELIONATO DE NOVA MAMORÉ (ROSELI MERTEN)','010.268.742-03',3,NULL,'2024-08-27 14:23:24','Roseli Merten','roselimerten@hotmail.com',NULL,'(45) 9932-5149',NULL,'Maria Margarida','cartorionovamamore@hotmail.com',NULL,'(69) 99211-7266',NULL,'','civilenotas_novamamore@tjro.jus.br',NULL,'',NULL,'2024-08-27 14:23:24','2025-07-20 21:56:01',1,'ativo',NULL,NULL,4),(45,'VULCAFLEX SERVICOS TECNICOS EIRELI (CÓDIGA)','VULCAFLEX SERVICOS TECNICOS EIRELI (CÓDIGA)','06.164.517/0001-00',14,NULL,'2024-08-27 14:23:24','Luíz Guilherme','guilherme@codiga.com.br',NULL,'(31) 3357-1820',NULL,'Diego Silva','diego.silva@vulcaflex.com.br',NULL,'(34) 3233-5259',NULL,'Diego Silva','diego.silva@vulcaflex.com.br',NULL,'(34) 3233-5259',NULL,'2024-08-27 14:23:24','2025-07-20 21:56:00',1,'ativo',NULL,NULL,4),(46,'COFER IMPORTADORA E DISTRIBUIDORA LTDA','COFER IMPORTADORA E DISTRIBUIDORA LTDA','03.064.064/0001-44',2,NULL,'2024-08-27 14:23:24','gestor inicial','gestor_inicial@email.com',NULL,'(31)99999-9999',NULL,NULL,NULL,NULL,NULL,NULL,NULL,NULL,NULL,NULL,NULL,'2024-08-27 14:23:24','2025-07-10 12:18:25',1,'inativo',NULL,NULL,NULL),(47,'DUILIO CALAES ARQUITETURA','CHAMA ARQUITETURA LTDA','07.999.891/0001-80',2,NULL,'2024-08-27 14:23:24','gestor inicial','gestor_inicial@email.com',NULL,'(31)99999-9999',NULL,NULL,NULL,NULL,NULL,NULL,NULL,NULL,NULL,NULL,NULL,'2024-08-27 14:23:24','2025-07-10 12:18:25',1,'inativo',NULL,NULL,NULL),(48,'CONTATO COMERCIAL ATACADISTA EIRELI - EPP','CONTATO COMERCIAL ATACADISTA EIRELI - EPP (COMETA)','16.979.942/0001-01',5,NULL,'2024-08-27 14:23:24','Wallyson','cpd@contatoatacado.com.br',NULL,'(61) 3453-9406',NULL,'Wallyson','cpd@contatoatacado.com.br',NULL,'(61) 3453-9406',NULL,'Wilson','wilson@cometamoveis.com.br',NULL,NULL,NULL,'2024-08-27 14:23:24','2025-07-20 21:56:01',1,'inativo',NULL,NULL,4),(49,'CIEEMG','CIEEMG (CIEE-MG)','21.728.779/0001-36',14,NULL,'2024-08-27 14:23:24','Lidiomar Soares','lidiomar.soares@cieemg.org.br',NULL,'(31) 98457-2138','(31)3429-8190','Lidiomar Soares','lidiomar.soares@cieemg.org.br',NULL,'(31) 98457-2138','(31)3429-8190',NULL,'financeiro@origen.com.br',NULL,'(31)3429-8190',NULL,'2024-08-27 14:23:24','2025-07-20 21:55:59',1,'ativo',NULL,NULL,1),(50,'CGC - SERVICOS DE INFORMATICA E APOIO ADMINISTRATIVO LTDA - ME','CGC - SERVICOS DE INFORMATICA E APOIO ADMINISTRATIVO LTDA - ME','11.620.965/0001-01',14,NULL,'2024-08-27 14:23:24','Alexandre Antônio','alexandre@cgccontabilidade.com.br',NULL,'(31) 3036-4450','(31) 99859-5565','Marcelo','marcelo.henrique@cgccontabilidade.com.br',NULL,'(31) 3036-4450',NULL,'Luciana','luciana@cgccontabilidade.com.br',NULL,'(31) 3036-4449',NULL,'2024-08-27 14:23:24','2025-07-20 21:55:59',1,'ativo',NULL,NULL,2),(51,'CONDOMINIO DO EDIFICIO AGMAR GLASS TOWER','CONDOMINIO DO EDIFICIO AGMAR GLASS TOWER','03.007.517/0001-09',21,NULL,'2024-08-27 14:23:24','Barbara Jordana','glasstower2@gmail.com','2021-07-19','(31) 3222-7844',NULL,'Barbara Jordana','glasstower2@gmail.com','2021-07-19','(31) 3222-7844',NULL,'Barbara Jordana','glasstower2@gmail.com','2021-07-19','(31) 3222-7844',NULL,'2024-08-27 14:23:24','2025-07-20 21:56:00',1,'ativo',NULL,NULL,4),(52,'CONSERVO SERVICOS GERAIS LTDA','CONSERVO SERVICOS GERAIS LTDA','17.027.806/0001-76',2,NULL,'2024-08-27 14:23:24','gestor inicial','gestor_inicial@email.com',NULL,'(31)99999-9999',NULL,NULL,NULL,NULL,NULL,NULL,NULL,NULL,NULL,NULL,NULL,'2024-08-27 14:23:24','2025-07-10 12:18:25',1,'inativo',NULL,NULL,NULL),(53,'CONDOMINIO EDIFICIO SERGIO MARTINS','CONDOMINIO EDIFICIO SERGIO MARTINS','03.536.466/0001-02',8,NULL,'2024-08-27 14:23:24','Karine','karine@prosind.com.br',NULL,'não tem telefone cadastrado',NULL,'Pedro','cesm69@hotmail.com',NULL,NULL,NULL,'Michele','michele.carvalho@prosind.com.br',NULL,NULL,NULL,'2024-08-27 14:23:24','2025-07-20 21:56:00',1,'ativo',NULL,NULL,4),(54,'ANDREA ARANTES CONTABILIDADE','ANDREA ARANTES CONTABILIDADE','11.009.961/0001-83',14,NULL,'2024-08-27 14:23:24','Pedro Netto','pedro@andreacontabilidade.com','2025-01-09','(31) 3497-2898',NULL,'Gabriel Castro','gabriel@andreacontabilidade.com',NULL,'(31) 3497-2898',NULL,'Abelardo','abelardo@andreacontabilidade.com','2025-10-22','(31) 3497-2898',NULL,'2024-08-27 14:23:24','2025-07-20 21:56:00',4,'ativo',NULL,NULL,4),(55,'CONSORCIO INTERMUNICIPAL DE SAUDE','CONSORCIO INTERMUNICIPAL DE SAUDE - Unidade: CEO','71.203.715/0001-90',2,NULL,'2024-08-27 14:23:24','gestor inicial','gestor_inicial@email.com',NULL,'(31)99999-9999',NULL,NULL,NULL,NULL,NULL,NULL,NULL,NULL,NULL,NULL,NULL,'2024-08-27 14:23:24','2025-07-10 12:18:25',1,'inativo',NULL,NULL,NULL),(56,'CONSTRUTORA AGMAR LTDA','CONSTRUTORA AGMAR LTDA','18.778.225/0001-39',3,NULL,'2024-08-27 14:23:24','Maria Luiza Xisto','marialuiza@agmar.com.br','2021-01-01','(31) 3343-8024',NULL,'Anderson  Soares','anderson.soares@agmar.com.br',NULL,'(31) 3343-8000',NULL,'Aurea Gomes','aurea.gomes@agmar.com.br',NULL,'(31) 3343-8000',NULL,'2024-08-27 14:23:24','2025-07-20 21:56:00',1,'ativo',NULL,NULL,4),(57,'ELIANA MARIA DA CONSOLACAO PACHECO URBANO','CONTABILIDADE MARTINS URBANO','14.294.137/0001-00',2,NULL,'2024-08-27 14:23:24','gestor inicial','gestor_inicial@email.com',NULL,'(31)99999-9999',NULL,NULL,NULL,NULL,NULL,NULL,NULL,NULL,NULL,NULL,NULL,'2024-08-27 14:23:24','2025-07-10 12:18:25',1,'inativo',NULL,NULL,NULL),(58,'CONTAGEM ALUMINIO LTDA - EPP','CONTAGEM ALUMINIO LTDA - EPP','05.280.940/0001-03',2,NULL,'2024-08-27 14:23:24','gestor inicial','gestor_inicial@email.com',NULL,'(31)99999-9999',NULL,NULL,NULL,NULL,NULL,NULL,NULL,NULL,NULL,NULL,NULL,'2024-08-27 14:23:24','2025-07-10 12:18:25',1,'inativo',NULL,NULL,NULL),(59,'CONSTRUTORA ALTTI LTDA','CONSTRUTORA ALTTI LTDA','06.101.779/0001-18',3,NULL,'2024-08-27 14:23:24','Bernardo Chaves','bernardo@altti.com.br',NULL,'(31)98684-8868','(31) 3286-5772','Bernardo  Chaves','bernardo@altti.com.br',NULL,'(31)98684-8868','(31) 3286-5772','Ana Paula','anapaula@altti.com.br',NULL,'(31) 3286-5772','(31) 98684-8856','2024-08-27 14:23:24','2025-07-20 21:56:00',1,'ativo',NULL,NULL,4),(60,'CONTABIL RAMOS LTDA','CONTABILIDADE RAMOS','06.219.622/0001-91',2,NULL,'2024-08-27 14:23:24','gestor inicial','gestor_inicial@email.com',NULL,'(31)99999-9999',NULL,NULL,NULL,NULL,NULL,NULL,NULL,NULL,NULL,NULL,NULL,'2024-08-27 14:23:24','2025-07-10 12:18:25',1,'inativo',NULL,NULL,NULL),(61,'CONTABILIDADE JL LTDA ME','CONTABILIDADE JL LTDA ME (JL CONTABILIDADE)','00.680.845/0001-75',8,NULL,'2024-08-27 14:23:24','Joana Teixeira','joana@jlassessoriacontabil.com.br','2021-06-22','(31) 2557-3026',NULL,'Mayara  Costa','mayara@jlassessoriacontabil.com.br','2021-01-26','(31) 2557-3026',NULL,'José Vilaça','jose.vilaca@jlassessoriacontabil.com.br','2021-01-16','(31) 99956-6487',NULL,'2024-08-27 14:23:24','2025-07-20 21:55:59',1,'ativo',NULL,NULL,2),(62,'COOP DE CONSUMO DOS SERVIDORES DO DERMG','COOP DE CONSUMO DOS SERVIDORES DO DERMG (COOPEDER)','17.250.366/0001-11',14,NULL,'2024-08-27 14:23:24','Luciano Sossai','luciano.sossai@coopeder.org.br','2021-07-02','(31) 3526-9470 ',NULL,'','cpd@coopeder.org.br',NULL,'(31) 3526-9470 ',NULL,'','nfe@coopeder.org.br',NULL,'(31) 3526-9470 ',NULL,'2024-08-27 14:23:24','2025-07-20 21:55:59',1,'ativo',NULL,NULL,2),(63,'CONTECNICA FABRICACOES LTDA','CONTECNICA FABRICACOES LTDA','86.393.774/0001-45',2,NULL,'2024-08-27 14:23:24','gestor inicial','gestor_inicial@email.com',NULL,'(31)99999-9999',NULL,NULL,NULL,NULL,NULL,NULL,NULL,NULL,NULL,NULL,NULL,'2024-08-27 14:23:24','2025-07-10 12:18:25',1,'inativo',NULL,NULL,NULL),(64,'COLEGIO REGISTRAL IMOBILIARIO DE MINAS GERAIS - CORI-MG','COLEGIO REGISTRAL IMOBILIARIO DE MINAS GERAIS - CORI-MG','20.754.964/0001-32',2,NULL,'2024-08-27 14:23:24','gestor inicial','gestor_inicial@email.com',NULL,'(31)99999-9999',NULL,NULL,NULL,NULL,NULL,NULL,NULL,NULL,NULL,NULL,NULL,'2024-08-27 14:23:24','2025-07-10 12:18:25',1,'inativo',NULL,NULL,NULL),(65,'COOPERATIVA AGROPECUARIA DO ALTO PARANAIBA','COOPERATIVA AGROPECUARIA DO ALTO PARANAIBA - COOPADAP','86.675.642/0001-06',2,NULL,'2024-08-27 14:23:24','gestor inicial','gestor_inicial@email.com',NULL,'(31)99999-9999',NULL,NULL,NULL,NULL,NULL,NULL,NULL,NULL,NULL,NULL,NULL,'2024-08-27 14:23:24','2025-07-10 12:18:25',1,'inativo',NULL,NULL,NULL),(66,'CONSELHO REG DE MEDICINA VETERINARIA DO EST DE M GERAIS (CRMV)','CONSELHO REG DE MEDICINA VETERINARIA DO EST DE M GERAIS (CRMV)','16.539.173/0001-12',2,NULL,'2024-08-27 14:23:24','gestor inicial','gestor_inicial@email.com',NULL,'(31)99999-9999',NULL,NULL,NULL,NULL,NULL,NULL,NULL,NULL,NULL,NULL,NULL,'2024-08-27 14:23:24','2025-07-10 12:18:25',1,'inativo',NULL,NULL,NULL),(67,'DPS ENGENHARIA LTDA','DPS ENGENHARIA LTDA - DIGICOMP','04.470.222/0001-29',8,NULL,'2024-08-27 14:23:24','Jefferson','servicos@digicomp.com.br',NULL,'(31) 92000-0508',NULL,'Lucas','lucas.prudente@digicomp.com.br',NULL,'(31) 3517-0413',NULL,'Elaine Nascimento','financeiro@digicomp.com.br',NULL,'(31) 99256-5532',NULL,'2024-08-27 14:23:24','2025-07-20 21:56:00',1,'ativo',NULL,NULL,3),(68,'CONTALIZA GESTAO CONTABIL LTDA - EPP','CONTALIZA GESTAO CONTABIL LTDA','07.335.606/0001-27',3,NULL,'2024-08-27 14:23:24','Claudio Santos','claudio@contaliza.com.br','2021-03-31','(31) 2519-6200','(31) 98342-1034','Matheus','cpd@unimedlavras.coop.br',NULL,'(32) 3462-6733','','Katy Passos','financeiro@contaliza.com.br',NULL,'(31) 2519-6200',NULL,'2024-08-27 14:23:24','2025-07-20 21:55:59',1,'ativo',NULL,NULL,3),(69,'CURVEL VEICULOS LTDA','CURVEL VEICULOS LTDA (CURVELO)','19.790.104/0001-75',8,NULL,'2024-08-27 14:23:24','Bruno Teodoro','bruno.silva@curvel.com.br','2021-08-09','(38) 99815-1033','(38)99731-4077','Bruno Teodoro','cpd@curvel.com.br','2021-08-09','(38) 99815-1033','(38)99731-4077','Aline','tesouraria@curvel.com.br',NULL,'(38)3729-7010',NULL,'2024-08-27 14:23:24','2025-07-20 21:56:00',1,'ativo',NULL,NULL,4),(70,'DATRON COMERCIO E SERVICOS EIRELI','DATRON COMERCIO E SERVICOS EIRELI','07.498.438/0001-90',2,NULL,'2024-08-27 14:23:24','gestor inicial','gestor_inicial@email.com',NULL,'(31)99999-9999',NULL,NULL,NULL,NULL,NULL,NULL,NULL,NULL,NULL,NULL,NULL,'2024-08-27 14:23:24','2025-07-10 12:18:25',1,'inativo',NULL,NULL,NULL),(71,'CONSTRUTORA VALADARES GONTIJO LTDA','CONSTRUTORA VALADARES GONTIJO LTDA','41.829.870/0001-55',3,NULL,'2024-08-27 14:23:24','Vander','vander.alves@valadaresgontijo.com.br','2021-12-08','(31) 98498-1299',NULL,'Vander ','vander.alves@valadaresgontijo.com.br','2021-12-08','(31) 98498-1299',NULL,'Fernanda ','fernanda.novais@valadaregontijo.com.br','2021-04-13','(31) 2538-8202',NULL,'2024-08-27 14:23:24','2025-07-20 21:55:59',1,'ativo',NULL,NULL,2),(72,'DEMAIS COMÉRCIO E PRESENTES LTDA','DEMAIS COMÉRCIO E PRESENTES LTDA (DEMAIS CASA - SHOPPING ESTAÇÃO)','28.759.857/0001-09',8,NULL,'2024-08-27 14:23:24','Luis Roberto','luisrob@paluma.com.br','2021-10-08','(31) 98489-1797',NULL,'Aline  Amorim','cpd.estacacaobh@demaiscasa.com.br','2021-01-12','(31) 99999-4063',NULL,'Luis Roberto','luisrob@paluma.com.br','2021-10-08','(31) 98489-1797',NULL,'2024-08-27 14:23:24','2025-07-10 12:18:25',1,'inativo',NULL,NULL,NULL),(73,'COOP TRABALHO DOS MEDICOS DO HOSP DAS CLINICAS UFMG','COOP TRABALHO DOS MEDICOS DO HOSP DAS CLINICAS UFMG (HCCOOP)','71.308.126/0001-76',3,NULL,'2024-08-27 14:23:24',' Fernando Campos Queiroz','gerencia@hccoop.com.br','2021-06-26','(31) 98484-5046',NULL,'Samuel Viana','suporte@hccoop.com.br','2021-01-12','(31) 97541-5170',NULL,'','financeiro@hccoop.com.br','','',NULL,'2024-08-27 14:23:24','2025-07-20 21:56:00',1,'ativo',NULL,NULL,3),(74,'DEMAIS - MINAS SHOPPING','DEMAIS CASA (MINAS SHOPPING)','26.245.483/0001-88',8,NULL,'2024-08-27 14:23:24','Marcelo Faria','marcelo@demaiscasa.com.br',NULL,'(31) 3566-9066',NULL,'Cássio César','cpd@demaiscasa.com.br',NULL,'(31) 99137-9380',NULL,NULL,'financeiro@demaiscasa.com.br',NULL,NULL,NULL,'2024-08-27 14:23:24','2025-07-10 12:18:25',1,'inativo',NULL,NULL,NULL),(75,'DIMEX DISTRIBUIDORA DE MATERIAL ELETRICO LTDA','DIMEX DISTRIBUIDORA DE MATERIAL ELETRICO LTDA','06.166.794/0001-44',3,NULL,'2024-08-27 14:23:24','Antônio','afernandes@dimexbr.com','2021-03-06','(31) 3448-0300 ','(31) 3448-0315','Rodney ','ralmeida@dimexbr.com','2021-10-20','(31) 3448-0300',NULL,'Maria Angélica ','msouza@dimexbr.com','2021-06-07','(31) 3448-0300',NULL,'2024-08-27 14:23:24','2025-07-20 21:55:59',1,'ativo',NULL,NULL,1),(76,'DITELECOM SECURITY TELECOMUNICACOES LTDA','DITELECOM SECURITY TELECOMUNICACOES LTDA','05.018.904/0001-68',4,NULL,'2024-08-27 14:23:24','Gustavo  Cadamuro Resende','projetos@ditek.com.br',NULL,'(31) 3429-0707',NULL,'Luciano ','ti@ditek.com.br',NULL,'(31) 3429-0713',NULL,'','financeiro@ditek.com.br',NULL,'',NULL,'2024-08-27 14:23:24','2025-07-20 21:55:59',1,'ativo',NULL,NULL,2),(77,'DEMAIS E LEITURA ANCHIETA LTDA','DEMAIS E LEITURA ANCHIETA LTDA (CASA ANCHIETA)','38.570.176/0001-51',2,NULL,'2024-08-27 14:23:24','gestor inicial','gestor_inicial@email.com',NULL,'(31)99999-9999',NULL,NULL,NULL,NULL,NULL,NULL,NULL,NULL,NULL,NULL,NULL,'2024-08-27 14:23:24','2025-07-10 12:18:25',1,'inativo',NULL,NULL,NULL),(78,'DISTRIBUIDORA ROBERTO COUTO LTDA','DISTRIBUIDORA COUTO','04.837.641/0001-56',2,NULL,'2024-08-27 14:23:24','gestor inicial','gestor_inicial@email.com',NULL,'(31)99999-9999',NULL,NULL,NULL,NULL,NULL,NULL,NULL,NULL,NULL,NULL,NULL,'2024-08-27 14:23:24','2025-07-10 12:18:25',1,'inativo',NULL,NULL,NULL),(79,'DISTRIBUIDORA DE JORNAIS E REVISTAS CONTAGEM LTDA','DISTRIBUIDORA CONTAGEM','08.692.079/0001-70',2,NULL,'2024-08-27 14:23:24','gestor inicial','gestor_inicial@email.com',NULL,'(31)99999-9999',NULL,NULL,NULL,NULL,NULL,NULL,NULL,NULL,NULL,NULL,NULL,'2024-08-27 14:23:24','2025-07-10 12:18:25',1,'inativo',NULL,NULL,NULL),(80,'DEPOSITO CONARA LTDA','DEPOSITO CONARA LTDA','19.665.132/0001-60',4,NULL,'2024-08-27 14:23:24','Felipe Nascimento','comprasser@conara.com.br',NULL,'(32) 3363-1231','(31) 99959-7442','Felipe Nascimento','comprasser@conara.com.br',NULL,'(32) 3363-1231','(31) 99959-7442',NULL,'nfe.conarald@conara.com.br',NULL,NULL,NULL,'2024-08-27 14:23:24','2025-07-20 21:56:00',1,'ativo',NULL,NULL,4),(81,'DISTRIBUIDORA DE PERIODICOS BETIM LTDA','DISTRIBUIDORA DE PERIODICOS BETIM LTDA (Via super Log) ','07.992.397/0001-94',2,NULL,'2024-08-27 14:23:24','gestor inicial','gestor_inicial@email.com',NULL,'(31)99999-9999',NULL,NULL,NULL,NULL,NULL,NULL,NULL,NULL,NULL,NULL,NULL,'2024-08-27 14:23:24','2025-07-10 12:18:25',1,'inativo',NULL,NULL,NULL),(82,'LET\'S RENT A CAR SA (EBEC)','LET\'S RENT A CAR SA (EBEC)','17.162.280/0001-37',14,NULL,'2024-08-27 14:23:24','Gustavo Salgado','gustavo.andrade@ebec-sa.com.br','2021-09-19','(31) 2102-5504',NULL,'Chrystian Davis','chrystian@ebec-sa.com.br',NULL,'(31) 2102-5517',NULL,'Renato','renato@ebec-sa.com.br','2021-04-06','',NULL,'2024-08-27 14:23:24','2025-07-20 21:55:59',1,'ativo',NULL,NULL,1),(83,'DINACO INDUSTRIA E COMERCIO DE FERRO E ACO LTDA','DINACO INDUSTRIA E COMERCIO DE FERRO E ACO LTDA','22.060.065/0001-65',2,NULL,'2024-08-27 14:23:24','gestor inicial','gestor_inicial@email.com',NULL,'(31)99999-9999',NULL,NULL,NULL,NULL,NULL,NULL,NULL,NULL,NULL,NULL,NULL,'2024-08-27 14:23:24','2025-07-10 12:18:25',1,'inativo',NULL,NULL,NULL),(84,'E. B. O. - EMPRESA BRASILEIRA DE OBRAS LTDA - EPP','E. B. O. - EMPRESA BRASILEIRA DE OBRAS LTDA - EPP | GRUPO LAM /EBO/EMPAV','26.107.318/0001-60',3,NULL,'2024-08-27 14:23:24','Mayra Oliveira','mayra@grupolam.com.br','2021-12-05','(31) 3589-1000',NULL,'Renata','renata@grupolam.com.br','2021-02-05','(31) 3589-1000',NULL,'Renata','financeiro@grupolam.com.br','2021-02-05','(31) 3589-1000',NULL,'2024-08-27 14:23:24','2025-07-20 21:56:00',1,'ativo',NULL,NULL,3),(85,'ELEVAR ADMINISTRADORA E INCORPORADORA LTDA','ELEVAR ADMINISTRADORA E INCORPORADORA LTDA','11.653.642/0001-06',21,NULL,'2024-08-27 14:23:24','Alice','alice@elevar.eng.br',NULL,'(31)3497-8801',NULL,'Kelle Rodrigues','kelle@elevar.eng.br',NULL,'(31) 3497-8801',NULL,'Kelle Rodrigues','kelle@elevar.eng.br',NULL,'(31) 3497-8801',NULL,'2024-08-27 14:23:24','2025-07-20 21:56:00',16,'ativo',NULL,NULL,4),(86,'EMAM - EMULSOES E TRANSPORTES LTDA','EMAM - EMULSOES E TRANSPORTES LTDA','04.420.916/0006-66',3,NULL,'2024-08-27 14:23:24','Jair Junior','jair.junior@emamasfaltos.com.br',NULL,'(31)3533-6410',NULL,'Jair Oliveira','ti@emamasfaltos.com.br',NULL,'(31)9556-2578',NULL,'Emannuelle Gaudio','emannuelle.gaudio@emamasfaltos.com.br',NULL,'(31) 3533-6410',NULL,'2024-08-27 14:23:24','2025-07-20 21:55:59',1,'ativo',NULL,NULL,2),(87,'ENCOP ENGENHARIA CONSTRUCOES E PAVIMENTACAO LTDA','ENCOP ENGENHARIA CONSTRUCOES E PAVIMENTACAO LTDA','65.311.276/0001-36',2,NULL,'2024-08-27 14:23:24','gestor inicial','gestor_inicial@email.com',NULL,'(31)99999-9999',NULL,NULL,NULL,NULL,NULL,NULL,NULL,NULL,NULL,NULL,NULL,'2024-08-27 14:23:24','2025-07-10 12:18:25',1,'inativo',NULL,NULL,NULL),(88,'ENGELMIG ENERGIA LTDA.','ENGELMIG ENERGIA LTDA.','21.066.139/0001-08',4,NULL,'2024-08-27 14:23:24','Rhuan Costa','rhuan.costa@engelmig.com.br','','(33)9994-14207','','Kelvem Dias','kelvem21@gmail.com',NULL,'(33)99949-3748',NULL,' Ranuse','ranuse.baia@engelmig.com.br','2021-02-23','(33) 3339-3800',NULL,'2024-08-27 14:23:24','2025-07-20 21:55:59',1,'ativo',NULL,NULL,2),(89,'ENGEVALE AVALIACOES E PROJETOS LTDA - EPP','ENGEVALE AVALIACOES E PROJETOS LTDA - EPP','02.954.871/0001-70',3,NULL,'2024-08-27 14:23:24','Ricardo','ricardo@engevale.com.br',NULL,'(31)2555-3662',NULL,'Rachel Lage','rachel@engevale.com.br',NULL,'(31) 2555-3662',NULL,'Flávia Lage','flavia@engevale.com.br',NULL,'(31) 2532-3866',NULL,'2024-08-27 14:23:24','2025-07-20 21:56:00',1,'ativo',NULL,NULL,4),(90,'INSTITUTO EROS GUSTAVO LTDA','INSTITUTO EROS GUSTAVO LTDA','22.740.880/0001-75',14,NULL,'2024-08-27 14:23:24','Cristiane','direcao@erosgustavo.com.br',NULL,'(31) 98612-0633',NULL,'Maxwell ','juridico@erosgustavo.com.br',NULL,'(31) 98791-5945',NULL,'','departamentopessoal@institutoerosgustavo.com.br',NULL,'(31)3397-5497',NULL,'2024-08-27 14:23:24','2025-07-14 15:03:00',11,'ativo',13,'pai',4),(91,'EUROAR TECNOLOGIA AUTOMOTIVA LTDA','EUROAR TECNOLOGIA AUTOMOTIVA LTDA','06.285.986/0001-70',5,NULL,'2024-08-27 14:23:24','Carlos Augusto','carlos.augusto@euroar.com.br',NULL,'(31) 99919-4241',NULL,'Arthur Reis','ti@euroar.ind.br',NULL,'(31)3391-6664',NULL,NULL,'administrativo@euroar.ind.br',NULL,NULL,NULL,'2024-08-27 14:23:24','2025-07-10 12:18:25',1,'inativo',NULL,NULL,NULL),(92,'ELMO','ELMO','17.170.416/0001-50',2,NULL,'2024-08-27 14:23:24','gestor inicial','gestor_inicial@email.com',NULL,'(31)99999-9999',NULL,NULL,NULL,NULL,NULL,NULL,NULL,NULL,NULL,NULL,NULL,'2024-08-27 14:23:24','2025-07-10 12:18:25',1,'inativo',NULL,NULL,NULL),(93,'FEEDBACK CREDITO BRASIL LTDA.','FEEDBACK CREDITO BRASIL LTDA.','23.793.961/0001-04',2,NULL,'2024-08-27 14:23:24','gestor inicial','gestor_inicial@email.com',NULL,'(31)99999-9999',NULL,NULL,NULL,NULL,NULL,NULL,NULL,NULL,NULL,NULL,NULL,'2024-08-27 14:23:24','2025-07-10 12:18:25',1,'inativo',NULL,NULL,NULL),(94,'FUNDAÇÃO EDUCACIONAL DE CONSELHEIRO LAFAEIETE - FECON','FUNDAÇÃO EDUCACIONAL DE CONSELHEIRO LAFAEIETE - FECON','19.722.313/0001-81',4,NULL,'2024-08-27 14:23:24','Darlan','darlan.ti@fdcl.edu.br',NULL,'(31)9777-1586',NULL,'Jardel Castro','jardel.castro@fdcl.com.br',NULL,'(31) 98744-0674',NULL,NULL,'patrimonio@fdcl.edu.br',NULL,NULL,NULL,'2024-08-27 14:23:24','2025-07-20 21:55:59',1,'ativo',NULL,NULL,3),(95,'ENGELMIG COMERCIO DE MATERIAL DE CONSTRUCAO LTDA','ENGELMIG COMERCIO DE MATERIAL DE CONSTRUCAO LTDA','07.094.452/0001-29',2,NULL,'2024-08-27 14:23:24','gestor inicial','gestor_inicial@email.com',NULL,'(31)99999-9999',NULL,NULL,NULL,NULL,NULL,NULL,NULL,NULL,NULL,NULL,NULL,'2024-08-27 14:23:24','2025-07-10 12:18:25',1,'inativo',NULL,NULL,NULL),(96,'OF COMERCIO DE PRODUTOS ALIMENTICIOS LTDA (FALEIRO)','OF COMERCIO DE PRODUTOS ALIMENTICIOS LTDA (FALEIRO)','10.645.100/0001-29',3,NULL,'2024-08-27 14:23:24','Gilberto Domingos','gilberto@faleiro.com.br',NULL,'(31) 2128-7887',NULL,'Gilberto Domingos','gilberto@faleiro.com.br',NULL,'(31) 2128-7887',NULL,'','contasapagar@faleiro.com.br',NULL,'',NULL,'2024-08-27 14:23:24','2025-07-20 21:56:00',1,'ativo',NULL,NULL,4),(97,'UBERABA SUPERMERCADOS LTDA','UBERABA SUPERMERCADOS LTDA  ','10.783.796/0001-50',3,NULL,'2024-08-27 14:23:24','Raul','raul@frigorificouberaba.com.br',NULL,'(31) 3408-9900','(31) 99671-6765','Renato','renato@frigorificouberaba.com.br',NULL,'(31) 99867-9910',' (31) 2516-3038',NULL,'depfiscal@frigorificouberaba.com.br',NULL,NULL,NULL,'2024-08-27 14:23:24','2025-07-20 21:56:00',1,'ativo',NULL,NULL,3),(98,'HIPROMED-MORIAH COMERCIO, IMPORTACAO E SERVICOS LTDA','HIPROMED-MORIAH COMERCIO, IMPORTACAO E SERVICOS LTDA','32.311.246/0001-70',2,NULL,'2024-08-27 14:23:24','gestor inicial','gestor_inicial@email.com',NULL,'(31)99999-9999',NULL,NULL,NULL,NULL,NULL,NULL,NULL,NULL,NULL,NULL,NULL,'2024-08-27 14:23:24','2025-07-10 12:18:25',1,'inativo',NULL,NULL,NULL),(99,'GOL DISTRIBUIDORA DE JORNAIS E IMPRESSOS EM GERAL LTDA','GOL DISTRIBUIDORA','15.789.031/0001-40',2,NULL,'2024-08-27 14:23:24','gestor inicial','gestor_inicial@email.com',NULL,'(31)99999-9999',NULL,NULL,NULL,NULL,NULL,NULL,NULL,NULL,NULL,NULL,NULL,'2024-08-27 14:23:24','2025-07-10 12:18:25',1,'inativo',NULL,NULL,NULL),(100,'GREENLEGIS SERVICOS EM SUSTENTABILIDADE LTDA','GREENLEGIS SERVICOS EM SUSTENTABILIDADE LTDA','24.578.995/0001-30',4,NULL,'2024-08-27 14:23:24','Raíssa Zico','raissa@greenlegis.com.br',NULL,'(31)2514-2521',NULL,'Bernardo','bernardo@greenlegis.com.br',NULL,'(31) 99290-1918',NULL,'Bianca','financeiro@greenligis.com.br',NULL,'(31)2514-2521',NULL,'2024-08-27 14:23:24','2025-07-20 21:56:00',1,'ativo',NULL,NULL,3),(101,'GISMAC COMÉRCIO DE ARMARINHOS LTDA (GISMAC PEDRARIAS)','GISMAC COMÉRCIO DE ARMARINHOS LTDA (GISMAC PEDRARIAS)','41.865.221/0001-00',21,NULL,'2024-08-27 14:23:24','Iara Colchete','iara@gismac.com.br',NULL,'(31)99762-5500',NULL,'Graciano Mendes','graciano@gismac.com.br',NULL,NULL,NULL,NULL,NULL,NULL,NULL,NULL,'2024-08-27 14:23:24','2025-07-20 21:56:00',1,'ativo',NULL,NULL,4),(102,'IRMAOS AYRES S/A CONSTRUCOES INDUSTRIA E COMERCIO','IRMAOS AYRES S/A CONSTRUCOES INDUSTRIA E COMERCIO (IASA)','17.282.377/0001-83',14,NULL,'2024-08-27 14:23:24','Mario Ayres','marioayres@iasa.ind.br',NULL,'(31) 3359-1527',NULL,'Carlos Ayres','carlos@iasa.ind.br',NULL,'(31) 3359-1512',NULL,'Nívia','financeiro@iasa.ind.br',NULL,'(31)3359-1514',NULL,'2024-08-27 14:23:24','2025-07-20 21:55:59',1,'ativo',NULL,NULL,2),(103,'HC CONTABIL LTDA','HC CONTABIL LTDA','11.519.732/0001-09',3,NULL,'2024-08-27 14:23:24','Adriano Pereira','adriano@hccontabil.com.br',NULL,'(31) 3474-7418 ','(31)98422-7022','Adriano Pereira','adriano@hccontabil.com.br',NULL,'(31) 3474-7418 ','(31)98422-7022','Adriano Pereira','adriano@hccontabil.com.br',NULL,'(31) 3474-7418 ','(31)98422-7022','2024-08-27 14:23:24','2025-07-20 21:56:00',1,'ativo',NULL,NULL,4),(104,'FIDUCIAL CONSULTORIA E SERVICOS FINANCEIROS LTDA','FIDUCIAL CONSULTORIA E SERVICOS FINANCEIROS LTDA','22.440.788/0001-90',3,NULL,'2024-08-27 14:23:24','Ricardo Purri','ricardo@fiducial.com.br',NULL,'(31)2105-0077',NULL,'TI','infraestrutura@fiducial.com.br',NULL,'(31)2105-9322',NULL,NULL,'contasapagar@fiducial.com.br',NULL,NULL,NULL,'2024-08-27 14:23:24','2025-07-20 21:55:59',1,'ativo',NULL,NULL,1),(105,'GUIA MKT PROMOCIONAL LTDA','GUIA MKT PROMOCIONAL LTDA','07.500.842/0001-51',4,NULL,'2024-08-27 14:23:24','Talitha Tavares','talithatavares@guiamkt.com.br',NULL,'(31)98831-5021',NULL,'Izabella Freitas ','izabella.freitas@guiamkt.com.br',NULL,'(31) 3524-9984',NULL,'Renata Veo Nery Bacha','renata@guiamkt.com.br',NULL,'(31) 3524-9984',NULL,'2024-08-27 14:23:24','2025-07-20 21:55:59',1,'ativo',NULL,NULL,2),(106,'MEDTEXTIL IMPORTACAO E EXPORTACAO LTDA (IMA TEXTIL)','MEDTEXTIL IMPORTACAO E EXPORTACAO LTDA (IMA TEXTIL)','06.013.812/0001-58',8,NULL,'2024-08-27 14:23:24','Eduardo Magno','ti@imatextil.com.br',NULL,'(31)98567-2518','(31) 3238-3131','Eduardo Magno','ti@imatextil.com.br',NULL,'(31)98567-2518','(31) 3238-3131','','tesouraria@imatextil.com.br',NULL,'',NULL,'2024-08-27 14:23:24','2025-07-20 21:55:59',1,'ativo',NULL,NULL,1),(107,'LEMOS E RAGO LTDA','LEMOS E RAGO LTDA (Ideal Cosméticos)','17.226.994/0004-04',8,NULL,'2024-08-27 14:23:24','Joyce','joyce@idealcosmeticos.com.br',NULL,'(31) 3589-3200 ','(31) 97568-0011',NULL,'tecnologia@idealcosmeticos.com.br',NULL,'(31) 3589-3200 ',NULL,NULL,'financeiro01@idealcosmeticos.com.br',NULL,'(31) 3589-3200 ',NULL,'2024-08-27 14:23:24','2025-07-20 21:56:00',1,'ativo',NULL,NULL,3),(108,'HAVILAH COMERCIO DE SUCATAS E PRODUTOS SIDERURGICOS LTDA,','HAVILAH COMERCIO DE SUCATAS E PRODUTOS SIDERURGICOS LTDA','19.896.986/0001-58',2,NULL,'2024-08-27 14:23:24','gestor inicial','gestor_inicial@email.com',NULL,'(31)99999-9999',NULL,NULL,NULL,NULL,NULL,NULL,NULL,NULL,NULL,NULL,NULL,'2024-08-27 14:23:24','2025-07-10 12:18:25',1,'inativo',NULL,NULL,NULL),(109,'FUNDACAO BENJAMIN GUIMARAES (HOSPITAL DA BALEIA)','FUNDACAO BENJAMIN GUIMARAES (HOSPITAL DA BALEIA)','17.200.429/0001-25',3,NULL,'2024-08-27 14:23:24','Eliseu','eliseu.ti@hospitaldabaleia.org.br',NULL,'(31) 3489-1694','(31) 3489-1532','Pedro Henrique Lopes Bauer','pedro.bauer@hospitaldabaleia.org.br',NULL,NULL,NULL,'Fabiola','fabiola.financeiro@hospitaldabaleia.org.br',NULL,NULL,NULL,'2024-08-27 14:23:24','2025-07-20 21:55:59',1,'ativo',NULL,NULL,2),(110,'ALUGUEL VITRINI EMPREENDIMENTOS IMOBILIARIOS LTDA','ALUGUEL VITRINI EMPREENDIMENTOS IMOBILIARIOS LTDA (IMOBILIÁRIA VITRINI)','04.589.145/0001-20',3,NULL,'2024-08-27 14:23:24','Thiago Bessa','thiagobessa@imobiliariavitrini.com.br',NULL,'(31) 3348-4848',NULL,'Thiago Bessa','thiagobessa@imobiliariavitrini.com.br',NULL,'(31) 3348-4848',NULL,'Thais Oliveira','rhvitrini@imobiliariavitrini.com.br',NULL,'(31) 3348-4848',NULL,'2024-08-27 14:23:24','2025-07-20 21:56:00',16,'ativo',NULL,NULL,4),(111,'IMPERMEAR SERVICOS DE ENGENHARIA LTDA','IMPERMEAR SERVICOS DE ENGENHARIA LTDA','97.500.698/0001-46',14,NULL,'2024-08-27 14:23:24','Filipe Rocha','filipe.rocha@impermear.com.br',NULL,'(31) 3424-2000',NULL,'Filipe Rocha','filipe.rocha@impermear.com.br',NULL,'(31) 3424-2000',NULL,'Lednea Barral','tesouraria@impermear.com.br',NULL,'(31) 3424-2000',NULL,'2024-08-27 14:23:24','2025-07-20 21:55:59',1,'ativo',NULL,NULL,3),(112,'ICONE TECNOLOGIA E AUTOMACAO LTDA.','ICONE TECNOLOGIA E AUTOMACAO LTDA.','02.783.217/0001-40',14,NULL,'2024-08-27 14:23:24','Alessandra Pimenta','alessandra@iconetec.com.br',NULL,'(31)3293-4000',NULL,'Aline Rodrigues','aline@iconetec.com.br',NULL,'(31)3293-4000 ','(31) 99185-2228 ','Amelia','amelia@iconetec.com.br',NULL,'(31)99106-8919',NULL,'2024-08-27 14:23:24','2025-07-20 21:56:00',14,'ativo',NULL,NULL,4),(113,'IMUNOLAB IMUNOLOGIA DE TRANSPLANTES LTDA','IMUNOLAB IMUNOLOGIA DE TRANSPLANTES LTDA','41.729.856/0001-80',4,NULL,'2024-08-27 14:23:24','Alexandre Vilela','alexandre@imunolabtx.com.br',NULL,'(31) 3274-6160',NULL,'Alexandre Vilela','alexandre@imunolabtx.com.br',NULL,'(31) 3274-6160',NULL,'Cristina Souza','financeiro@imunolabtx.com.br',NULL,'(31) 3274-6160',NULL,'2024-08-27 14:23:24','2025-07-20 21:56:00',1,'ativo',NULL,NULL,4),(114,'INSPETORIA MADRE MAZZARELLO','INSPETORIA MADRE MAZZARELLO','17.218.504/0001-85',4,NULL,'2024-08-27 14:23:24','Alan Cordi','alancordi@gmail.com',NULL,'(31)98843-9412',NULL,'Paulo Toshio Nagoya','tecnologia@portalimm.com.br',NULL,'(31)2513-9387',NULL,NULL,'administrativo1@portalimm.com.br',NULL,NULL,NULL,'2024-08-27 14:23:24','2025-07-14 14:58:57',1,'ativo',12,'filha',3),(115,'INDUSTRIA MINEIRA DE PAO DE QUEIJO LTDA','INDUSTRIA MINEIRA DE PAO DE QUEIJO LTDA (FORNO DE MINAS)','35.621.543/0001-00',3,NULL,'2024-08-27 14:23:24','Daniel Vinicius','daniel.vinicius@fornodeminas.com.br',NULL,'(37) 98816-9974',NULL,'Luiz Cordeiro','luiz_cordeiro@fornodeminas.com.br',NULL,'(37) 98816-9974',NULL,'INFORMAÇÕES REPASSADAS VIA TEAMS PELA ADRIANA LOPES','contato@industriamineira.com.br',NULL,NULL,NULL,'2024-08-27 14:23:24','2025-07-20 21:56:01',1,'ativo',NULL,NULL,4),(116,'INSTITUTO AUXILIADORA','INSTITUTO AUXILIADORA','24.731.234/0001-77',2,NULL,'2024-08-27 14:23:24','gestor inicial','gestor_inicial@email.com',NULL,'(31)99999-9999',NULL,NULL,NULL,NULL,NULL,NULL,NULL,NULL,NULL,NULL,NULL,'2024-08-27 14:23:24','2025-07-10 12:18:25',1,'inativo',NULL,NULL,NULL),(117,'INTERCOMEX LTDA','INTERCOMEX LTDA','02.026.101/0001-67',8,NULL,'2024-08-27 14:23:24','Marcelo Motta','mmotta@intercomex.com.br',NULL,'(31) 3211-5555',NULL,'Marcelo Motta','mmotta@intercomex.com.br',NULL,'(31) 3211-5555',NULL,NULL,'financeiro@intercomex.com.br',NULL,NULL,NULL,'2024-08-27 14:23:24','2025-07-20 21:56:00',1,'ativo',NULL,NULL,4),(118,'INFORNET SISTEMAS DE INFORMACAO LTDA - ME','INFORNET SISTEMAS DE INFORMACAO LTDA - ME','10.531.906/0001-96',2,NULL,'2024-08-27 14:23:24','gestor inicial','gestor_inicial@email.com',NULL,'(31)99999-9999',NULL,NULL,NULL,NULL,NULL,NULL,NULL,NULL,NULL,NULL,NULL,'2024-08-27 14:23:24','2025-07-10 12:18:25',1,'inativo',NULL,NULL,NULL),(119,'ITASIDER - USINA SIDERURGICA ITAMINAS S/A','ITASIDER (BH)','16.852.451/0001-97',2,NULL,'2024-08-27 14:23:24','gestor inicial','gestor_inicial@email.com',NULL,'(31)99999-9999',NULL,NULL,NULL,NULL,NULL,NULL,NULL,NULL,NULL,NULL,NULL,'2024-08-27 14:23:24','2025-07-10 12:18:25',1,'inativo',NULL,NULL,NULL),(120,'JARAGUA COUNTRY CLUB','JARAGUA COUNTRY CLUB','17.311.432/0001-16',3,NULL,'2024-08-27 14:23:24','Gustavo Ferraz','gustavo.ferraz@jaraguaclub.com.br',NULL,'(31) 3490-9118','(31) 98791-8198','Gustavo Martinez','gustavo.martinez@jaraguaclub.com.br',NULL,'(31) 3490-9118','(31) 99721-5278','Pedro Elias','compras@jaraguaclub.com.br',NULL,'(31) 3490-9118',NULL,'2024-08-27 14:23:24','2025-07-20 21:55:59',1,'ativo',NULL,NULL,3),(121,'AB POSITIVO COMUNICACAO E MARKETING LTDA','AB POSITIVO COMUNICACAO E MARKETING LTDA (LF MERCADO)','11.129.166/0001-29',3,NULL,'2024-08-27 14:23:24','Andre Lacerda','andrelac@lfmercado.com.br',NULL,'(31) 3289-0840',NULL,'Angelo Cruz','operacoes@lfmercado.com.br',NULL,'(31) 98010-1078',NULL,NULL,'financeiro2@lfreciclo.com.br',NULL,NULL,NULL,'2024-08-27 14:23:24','2025-07-20 21:56:01',15,'ativo',NULL,NULL,4),(122,'JM-LINK TERMINAIS E LOGISTICA LTDA.','JM-LINK TERMINAIS E LOGISTICA LTDA.','26.756.350/0002-57',2,NULL,'2024-08-27 14:23:24','gestor inicial','gestor_inicial@email.com',NULL,'(31)99999-9999',NULL,NULL,NULL,NULL,NULL,NULL,NULL,NULL,NULL,NULL,NULL,'2024-08-27 14:23:24','2025-07-10 12:18:25',1,'inativo',NULL,NULL,NULL),(123,'LEITEPEU COOPERATIVA DE PRODUTORES RURAIS DE POMPEU','LEITEPEU COOPERATIVA DE PRODUTORES RURAIS DE POMPEU','07.086.360/0001-05',21,NULL,'2024-08-27 14:23:24','Ronei ','ronei@leitepeu.com.br',NULL,'(37) 3523-2400','(37) 99959-9898','Flávia','flavia@leitepeu.com.br',NULL,'',NULL,'Soraia','soraia1@leitepeu.com.br',NULL,'(37) 3523-2400',NULL,'2024-08-27 14:23:24','2025-07-11 08:33:13',8,'ativo',5,'pai',4),(124,'KRATOS HOLDING DE PARTICIPAÇOES LTDA','KRATOS HOLDING DE PARTICIPAÇOES LTDA (AMIGÃO CALÇADOS)','30.975.366/0001-47',3,NULL,'2024-08-27 14:23:24','Rodrigo','rodrigo@amigaocalcados.com.br',NULL,'(31) 3272-9694','','Ana Laura Nogueira','analaura@kratosfranquias.com.br',NULL,'(31) 3272-8597',NULL,'Marcos Oliveira','marcos.oliveira@csfranquias.com.br',NULL,'(31) 3272-9694','(31) 98648-0280','2024-08-27 14:23:24','2025-07-14 14:49:23',1,'ativo',11,'pai',3),(125,'MARIA CRISTINA MOURA AZEREDO (M & A Contabilidade)','MARIA CRISTINA MOURA AZEREDO (M & A Contabilidade)','26.818.373/0001-68',6,NULL,'2024-08-27 14:23:24','Cristina de Moura Azeredo','mourazcontabilidade@gmail.com',NULL,'(31)3321-2971',NULL,'Cristina de Moura Azeredo','mourazcontabilidade@gmail.com',NULL,'(31)3321-2971',NULL,'Cristina de Moura Azeredo','mourazcontabilidade@gmail.com',NULL,'(31)3321-2971',NULL,'2024-08-27 14:23:24','2025-07-20 21:56:01',5,'ativo',NULL,NULL,4),(126,'LM CONTROLE DE QUALIDADE LTDA','LM CONTROLE DE QUALIDADE LTDA','04.236.822/0001-27',8,NULL,'2024-08-27 14:23:24','Irene','irenevitoria@hotmail.com',NULL,'sem telefone',NULL,NULL,NULL,NULL,NULL,NULL,'Marcia ','marcia.imunohematologia@gmail.com',NULL,NULL,NULL,'2024-08-27 14:23:24','2025-07-20 21:56:00',1,'ativo',NULL,NULL,4),(127,'M.ROSCOE ENGENHARIA E CONSTRUCOES LTDA','M.ROSCOE ENGENHARIA E CONSTRUCOES LTDA','25.566.035/0001-13',3,NULL,'2024-08-27 14:23:24','Mauricio Roscoe','mauricio@mroscoe.com.br',NULL,'(31)2103-4044',NULL,'Filipe Carvalho','filipe.carvalho@planarequipamentos.com.br',NULL,' (31)3368-7717',NULL,'Leandro Lopes','leandro.lopes@mroscoe.com.br',NULL,NULL,NULL,'2024-08-27 14:23:24','2025-07-14 15:05:03',9,'ativo',14,'pai',3),(128,'LABORATORIO AP PATOLOGIA CIRURGICA LTDA (APANALYS)','LABORATORIO AP PATOLOGIA CIRURGICA LTDA (APANALYS)','03.634.559/0001-61',14,NULL,'2024-08-27 14:23:24','Rubens Gomes','rubens@apanalys.com.br',NULL,'(31) 3504-6851','(31) 97506-7902','Rubens Gomes','rubens@apanalys.com.br',NULL,'(31) 3504-6851','(31) 97506-7902','Marco Aurelio ','marco.aurelio@apanalys.com.br',NULL,'(31) 3504-6851','','2024-08-27 14:23:24','2025-07-20 21:56:00',1,'ativo',NULL,NULL,4),(129,'KRUG BIER INDUSTRIA LTDA','KRUG BIER INDUSTRIA LTDA','01.756.629/0001-29',3,NULL,'2024-08-27 14:23:24','Júlio Rodrigues','julio.rodrigues@krug.com.br',NULL,'(31)9721-96094',NULL,'Matheus Dias ','compras@krug.com.br',NULL,'(31) 3507-0779','(31) 99187-2604','Valeria Bicalho','valeria@krug.com.br',NULL,'(31) 3507-0773',NULL,'2024-08-27 14:23:24','2025-07-20 21:55:59',1,'ativo',NULL,NULL,1),(130,'LOCTR TECNOLOGIA DE RESIDUOS S.A.','LOCTR TECNOLOGIA DE RESIDUOS S.A.','25.310.222/0001-31',14,NULL,'2024-08-27 14:23:24','Alberto Filho','alberto.filho@grupolocavia.com.br',NULL,'(31)98765-2121',NULL,'Frederico Trindade','frederico.trindade@locavia.net',NULL,'(31)99258-0738','(31)3288-3055','','financeiro@grupolocavia.com.br',NULL,'',NULL,'2024-08-27 14:23:24','2025-07-14 14:44:01',1,'ativo',8,'filha',4),(131,'JPX COMERCIO, SERVICOS E REPRESENTACOES LTDA (MEGATORC)','JPX COMERCIO, SERVICOS E REPRESENTACOES LTDA (MEGATORC)','33.411.759/0001-16',2,NULL,'2024-08-27 14:23:24','gestor inicial','gestor_inicial@email.com',NULL,'(31)99999-9999',NULL,NULL,NULL,NULL,NULL,NULL,NULL,NULL,NULL,NULL,NULL,'2024-08-27 14:23:24','2025-07-10 12:18:25',1,'inativo',NULL,NULL,NULL),(132,'MAIS SOLUCOES INDUSTRIAIS S.A','MAIS SOLUCOES INDUSTRIAIS S.A','14.885.815/0001-00',3,NULL,'2024-08-27 14:23:24','Eduardo Maximiliano','eduardo@maisindustrial.com.br',NULL,'(31) 3046-6100','(31)99873-0826','Luciano ','luciano@maisindustrial.com.br',NULL,'(31) 3046-6100','(31) 99718-3343','Graziane Aguiar','graziane.aguiar@maisindustrial.com.br',NULL,'(31) 3046-6100',NULL,'2024-08-27 14:23:24','2025-07-20 21:56:00',1,'ativo',NULL,NULL,4),(133,'MAJUR CONSULTORIA E ASSESSORIA CONTABIL LTDA','MAJUR CONSULTORIA E ASSESSORIA CONTABIL LTDA','02.391.733/0001-20',4,NULL,'2024-08-27 14:23:24','Mário Cunha','mario@majurcontabil.com.br',NULL,'(31) 3222-9095','(31) 99560-1468','Mário Cunha','mario@majurcontabil.com.br',NULL,'(31) 3222-9095','(31) 99560-1468','Mário Cunha','mario@majurcontabil.com.br',NULL,'(31) 3222-9095','(31) 99560-1468','2024-08-27 14:23:24','2025-07-10 12:18:25',1,'inativo',NULL,NULL,NULL),(134,'MARCELO TOSTES ADVOGADOS ASSOCIADOS','MARCELO TOSTES ADVOGADOS ASSOCIADOS','03.482.042/0001-02',3,NULL,'2024-08-27 14:23:24','Marcelo Nery Ramos','marcelo.ramos@mtostes.com.br',NULL,'31 995658200','(31) 4501-4100','Pablo Souza Martins','pablo.martins@mtostes.com.br',NULL,'(31) 97252 9096','(31) 4501-4100','Alcino Bicalho Neto','alcino.bicalho@mtostes.com.br',NULL,'(31) 2538-75572','(31) 4501-4100','2024-08-27 14:23:24','2025-07-20 21:55:59',5,'ativo',NULL,NULL,2),(135,'MART MINAS DISTRIBUICAO LTDA','MART MINAS DISTRIBUICAO LTDA','04.737.552/0003-08',4,NULL,'2024-08-27 14:23:24','Helton  Gonçalves ','helton@martminas.com.br','2021-08-23','(31) 99802-0285',NULL,'Robson','robson@martminas.com.br','2021-12-14','(31) 99972-2198',NULL,NULL,NULL,NULL,NULL,NULL,'2024-08-27 14:23:24','2025-07-14 14:35:43',3,'ativo',6,'pai',1),(136,'MHEDICA SERVICE COMERCIO E MANUTENCAO LTDA','MHEDICA SERVICE COMERCIO E MANUTENCAO LTDA','08.245.855/0001-94',4,NULL,'2024-08-27 14:23:24','Eugênio Pacelli','eugenio@mhedica.com.br',NULL,'(31) 3214-2620',NULL,'Eugênio Pacelli','eugenio@mhedica.com.br',NULL,'(31) 3214-2620',NULL,'','financeiro@mhedica.com.br',NULL,'',NULL,'2024-08-27 14:23:24','2025-07-20 21:56:00',1,'ativo',NULL,NULL,4),(137,'MINASLUB-DISTRIBUIDORA DE LUBRIFICANTES LTDA','MINASLUB-DISTRIBUIDORA DE LUBRIFICANTES LTDA','05.783.504/0001-49',2,NULL,'2024-08-27 14:23:24','gestor inicial','gestor_inicial@email.com',NULL,'(31)99999-9999',NULL,NULL,NULL,NULL,NULL,NULL,NULL,NULL,NULL,NULL,NULL,'2024-08-27 14:23:24','2025-07-10 12:18:25',1,'inativo',NULL,NULL,NULL),(138,'MIB - MINERAÇÃO IBIRITE LTDA','MIB - MINERAÇÃO IBIRITE LTDA','08.578.982/0001-05',21,NULL,'2024-08-27 14:23:24','Maira Amorim','maira@mibmineracao.com.br',NULL,'não tem telefone',NULL,'Makel','makel@mibmineracao.com.br',NULL,'(31)99671-7191',NULL,'Makel','makel@mibmineracao.com.br',NULL,'(31)99671-7191',NULL,'2024-08-27 14:23:24','2025-07-20 21:56:01',9,'ativo',NULL,NULL,4),(139,'MINAS TENIS CLUBE','MINAS TENIS CLUBE','17.217.951/0001-10',21,NULL,'2024-08-27 14:23:24','Marcelo Campolina','marcelo.campolina@minastc.com.br',NULL,'(31)98804-1131',NULL,'Alan Bambirra','alan@minastc.com.br',NULL,'(31)3516-2127',NULL,'Talita Lage','talita@minastc.com.br',NULL,'(31) 3516-2127',NULL,'2024-08-27 14:23:24','2025-07-20 21:56:00',1,'ativo',NULL,NULL,4),(140,'L E F COMERCIO. PROJETOS E CONSULTORIA LTDA (MINHA CASA SOLAR)','L E F COMERCIO. PROJETOS E CONSULTORIA LTDA (MINHA CASA SOLAR)','11.945.569/0001-46',3,NULL,'2024-08-27 14:23:24','Paloma Passos','palomapassos@minhacasasolar.com.br',NULL,'(31)3479-1400',NULL,'Washington Santana ','wsantana@minhacasasolar.com.br',NULL,'(31) 3479-1400',NULL,'','financeiro@minhacasasolar.com.br',NULL,'(31) 3479-1400',NULL,'2024-08-27 14:23:24','2025-07-20 21:56:00',1,'ativo',NULL,NULL,3),(141,'LOCAVIA S.A. (GRUPO LOCAVIA)','LOCAVIA S.A. (GRUPO LOCAVIA)','02.912.081/0001-21',14,NULL,'2024-08-27 14:23:24','Virgílio Soares','virgilio.soares@grupolocavia.com.br',NULL,'(31)3288-3055',NULL,'Igor Costa','controladoria@grupolocavia.com.br',NULL,'(31)98466-1399',NULL,'Thais ','financeiro@grupolocavia.com.br',NULL,'(31)3387-3753',NULL,'2024-08-27 14:23:24','2025-07-14 14:43:38',1,'ativo',8,'pai',4),(142,'MONETIZZE SOLUCOES EM PAGAMENTO ON-LINE S.A.','MONETIZZE SOLUCOES EM PAGAMENTO ON-LINE S.A.','23.055.665/0001-06',2,NULL,'2024-08-27 14:23:24','gestor inicial','gestor_inicial@email.com',NULL,'(31)99999-9999',NULL,NULL,NULL,NULL,NULL,NULL,NULL,NULL,NULL,NULL,NULL,'2024-08-27 14:23:24','2025-07-10 12:18:25',1,'inativo',NULL,NULL,NULL),(143,'NB AUTOMOVEIS E PECAS LTDA','NB AUTOMOVEIS E PECAS LTDA (Marcovel)','83.836.130/0001-96',2,NULL,'2024-08-27 14:23:24','gestor inicial','gestor_inicial@email.com',NULL,'(31)99999-9999',NULL,NULL,NULL,NULL,NULL,NULL,NULL,NULL,NULL,NULL,NULL,'2024-08-27 14:23:24','2025-07-10 12:18:25',1,'inativo',NULL,NULL,NULL),(144,'MONICA ALVES RESENDE 29642701634','MONICA ALVES RESENDE (AGENCIA DE VIAGENS E EVENTOS ON LINE)','32.953.976/0001-75',21,NULL,'2024-08-27 14:23:24','Renan','renan@viagensonline.tur.br',NULL,'(31)98217-8111',NULL,'Renan','renan@viagensonline.tur.br',NULL,'(31)98217-8111',NULL,'Renan','renan@viagensonline.tur.br',NULL,'(31)98217-8111',NULL,'2024-08-27 14:23:24','2025-07-20 21:56:01',13,'ativo',NULL,NULL,4),(145,'J.N MIRANDA LTDA','J.N MIRANDA LTDA (ALLMAD)','31.312.608/0001-85',3,NULL,'2024-08-27 14:23:24','Fagundes','fagundesmg@gmail.com',NULL,'31 99224-7332',NULL,'Fagundes','fagundesmg@gmail.com',NULL,'31 99224-7332',NULL,'Kait','contasapagar01@allmad.com.br',NULL,NULL,NULL,'2024-08-27 14:23:24','2025-07-10 12:18:25',1,'inativo',NULL,NULL,NULL),(146,'MS GERADORES LTDA','MS GERADORES LTDA','71.504.328/0001-93',2,NULL,'2024-08-27 14:23:24','gestor inicial','gestor_inicial@email.com',NULL,'(31)99999-9999',NULL,NULL,NULL,NULL,NULL,NULL,NULL,NULL,NULL,NULL,NULL,'2024-08-27 14:23:24','2025-07-10 12:18:25',1,'inativo',NULL,NULL,NULL),(147,'MULTISOM ACESSORIOS LTDA','MULTISOM ACESSORIOS LTDA','01.579.710/0001-80',2,NULL,'2024-08-27 14:23:24','gestor inicial','gestor_inicial@email.com',NULL,'(31)99999-9999',NULL,NULL,NULL,NULL,NULL,NULL,NULL,NULL,NULL,NULL,NULL,'2024-08-27 14:23:24','2025-07-10 12:18:25',1,'inativo',NULL,NULL,NULL),(148,'NEED - NORTEAR EMPREENDIMENTOS EDUCACIONAIS LTDA (MAPLE BEER)','NEED - NORTEAR EMPREENDIMENTOS EDUCACIONAIS LTDA (MAPLE BEER)','09.211.234/0001-52',3,NULL,'2024-08-27 14:23:24','Compras','compras@gruponeed.com.br',NULL,'(31) 9806-0350',NULL,'Erick Oliveira','erick.oliveira@gruponeed.com.br',NULL,'(31) 99912-1636','(31) 3275-1111','Erick oliveira','erick.oliveira@gruponeed.com.br',NULL,'(31)3275-1111',NULL,'2024-08-27 14:23:24','2025-07-20 21:55:59',1,'ativo',NULL,NULL,2),(149,'NOVA ERA SILICON S/A','NOVA ERA SILICON S/A','19.795.665/0002-48',3,NULL,'2024-08-27 14:23:24','Marco Lucio','marco.lucio@novaerasilicon.com.br',NULL,'(31) 2122-5740',NULL,'Daniel Paiva','daniel.paiva@novaerasilicon.com.br',NULL,'(31) 2122-5741',NULL,'','faturas@novaerasilicon.com.br',NULL,'',NULL,'2024-08-27 14:23:24','2025-07-20 21:55:59',1,'ativo',NULL,NULL,2),(150,'NECTAR FARMACEUTICA LTDA (PHARMANECTAR)','NECTAR FARMACEUTICA LTDA (PHARMANECTAR)','42.917.146/0001-46',3,NULL,'2024-08-27 14:23:24','Gabriela','gabriela@pharmanectar.com.br',NULL,'(31) 3261-4028',NULL,'Gabriela','gabriela@pharmanectar.com.br',NULL,'(31) 3261-4028',NULL,'Gabriela','financeiro@pharmanectar.com.br',NULL,'',NULL,'2024-08-27 14:23:24','2025-07-20 21:56:00',1,'ativo',NULL,NULL,4),(151,'INSTITUTO CULTURAL NEWTON PAIVA FERREIRA LTDA','INSTITUTO CULTURAL NEWTON PAIVA FERREIRA LTDA','16.521.155/0001-03',3,NULL,'2024-08-27 14:23:24','Alexandre de Araújo','alexandre.araujo@newtonpaiva.br',NULL,'(31) 983357811',NULL,'Vitor Torres','vitor.torres@newtonpaiva.br',NULL,'(31) 3516-2719',NULL,NULL,NULL,NULL,NULL,NULL,'2024-08-27 14:23:24','2025-07-20 21:55:59',11,'ativo',NULL,NULL,2),(152,'ORGANIZACAO HL LTDA (PALÁCIO DOS LEILÕES)','ORGANIZACAO HL LTDA (PALÁCIO DOS LEILÕES)','01.097.817/0004-35',4,NULL,'2024-08-27 14:23:24','Cleber ','cleber@palaciodosleiloes.com.br','2021-07-01','(31)99470-1034','(31) 3360-8100','Nilton','tecnologia@palaciodosleiloes.com.br',NULL,'(31)99754-9480',NULL,' Mary','mary@palaciodosleiloes.com.br','2021-02-02','(31) 3360-8100',NULL,'2024-08-27 14:23:24','2025-07-20 21:55:59',1,'ativo',NULL,NULL,1),(153,'PAM-PRODUTOS AUXILIARES METALURGICOS LTDA','PAM-PRODUTOS AUXILIARES METALURGICOS LTDA','01.246.955/0001-96',2,NULL,'2024-08-27 14:23:24','gestor inicial','gestor_inicial@email.com',NULL,'(31)99999-9999',NULL,NULL,NULL,NULL,NULL,NULL,NULL,NULL,NULL,NULL,NULL,'2024-08-27 14:23:24','2025-07-10 12:18:25',1,'inativo',NULL,NULL,NULL),(154,'NOVO MILENIO TEXTIL LTDA (RELLUS)','NOVO MILENIO TEXTIL LTDA (RELLUS)','03.318.542/0001-03',3,NULL,'2024-08-27 14:23:24','Bernardo Maia Gomes','bernardo.gomes@rellus.com.br',NULL,'(31)98496-4346',NULL,'Junior Silva','junior.silva@rellus.com.br',NULL,'(31)3253-5000',NULL,'Gilson Ferreira','gilson.ferreira@rellus.com.br',NULL,'(31) 99495-0751',NULL,'2024-08-27 14:23:24','2025-07-20 21:55:59',1,'ativo',NULL,NULL,1),(155,'MP ORGANIZACAO CONTABIL - EPP (ORPLAN)','MP ORGANIZACAO CONTABIL - EPP (ORPLAN)','65.151.375/0001-06',3,NULL,'2024-08-27 14:23:24','Marco Aurélio','marcoaurelio@orplan.com.br',NULL,'(31)9119-8506',NULL,'Alex  Almeida','alex.almeida@orplan.com.br',NULL,'(31) 99133-9837',NULL,'Karine  Vieira','financeiro@orplan.com.br',NULL,'(31)2536-5151',NULL,'2024-08-27 14:23:24','2025-07-20 21:55:59',1,'ativo',NULL,NULL,2),(156,'OXIGAS RESIDUOS ESPECIAIS LTDA - EPP','OXIGAS RESIDUOS ESPECIAIS LTDA - EPP','00.810.852/0001-44',2,NULL,'2024-08-27 14:23:24','gestor inicial','gestor_inicial@email.com',NULL,'(31)99999-9999',NULL,NULL,NULL,NULL,NULL,NULL,NULL,NULL,NULL,NULL,NULL,'2024-08-27 14:23:24','2025-07-10 12:18:25',1,'inativo',NULL,NULL,NULL),(157,'PCH COMERCIO DE CARNES LTDA','PCH COMERCIO DE CARNES LTDA (Beef Master)','09.429.354/0001-20',2,NULL,'2024-08-27 14:23:24','gestor inicial','gestor_inicial@email.com',NULL,'(31)99999-9999',NULL,NULL,NULL,NULL,NULL,NULL,NULL,NULL,NULL,NULL,NULL,'2024-08-27 14:23:24','2025-07-10 12:18:25',1,'inativo',NULL,NULL,NULL),(158,'PAMPULHA DISTRIBUIDORA DE JORNAI, REVISTAS E PERIODICOS EM GERAL LTDA','PAMPULHA DISTRIBUIDORA DE JORNAIS, REVISTAS E PERIODICOS EM GERAL LTDA  - (Via Super Log)','18.330.018/0001-17',2,NULL,'2024-08-27 14:23:24','gestor inicial','gestor_inicial@email.com',NULL,'(31)99999-9999',NULL,NULL,NULL,NULL,NULL,NULL,NULL,NULL,NULL,NULL,NULL,'2024-08-27 14:23:24','2025-07-10 12:18:25',1,'inativo',NULL,NULL,NULL),(159,'ISQ BRASIL INSTITUTO DE SOLDADURA E QUALIDADE LTDA','ISQ BRASIL INSTITUTO DE SOLDADURA E QUALIDADE LTDA','03.203.941/0001-10',4,NULL,'2024-08-27 14:23:24','João Jaretta','jpjaretta@isqbrasil.com.br',NULL,'(31)3263-3263',NULL,'Arthur Gustavo ','suporteti@isqbrasil.com.br',NULL,'(31) 3263-3269','(31) 99177-0817','Gisele Fernandes','financeiro@isqbrasil.com.br',NULL,'(31)3263-3263',NULL,'2024-08-27 14:23:24','2025-07-20 21:55:59',1,'ativo',NULL,NULL,1),(160,'JHS LABORATORIO QUIMICO LTDA','JHS LABORATORIO QUIMICO LTDA (JHS BIOMATERIAIS)','71.029.631/0001-81',3,NULL,'2024-08-27 14:23:24','Tamara Carvalho','tamara.carvalho@jhs.med.br',NULL,'(31)3484-9355',NULL,'Rodrigo Souza','rodrigo@jhs.med.br',NULL,'(31) 3484-9355',NULL,'Eliane Leite','eliane.leite@jhs.med.br',NULL,'(31) 3484-9355',NULL,'2024-08-27 14:23:24','2025-07-20 21:56:00',1,'ativo',NULL,NULL,4),(161,'JMQ COMÉRCIO E IMPORTAÇÃO DE PRODUTOS ALIMENTÍCIOS LTDA LTDA - EPP','JMQ COMÉRCIO E IMPORTAÇÃO DE PRODUTOS ALIMENTÍCIOS LTDA - EPP','08.363.232/0001-16',2,NULL,'2024-08-27 14:23:24','gestor inicial','gestor_inicial@email.com',NULL,'(31)99999-9999',NULL,NULL,NULL,NULL,NULL,NULL,NULL,NULL,NULL,NULL,NULL,'2024-08-27 14:23:24','2025-07-10 12:18:25',1,'inativo',NULL,NULL,NULL),(162,'JANAINA GRACIELLA OLIVEIRA','JANAINA GRACIELLA OLIVEIRA (Oba Eventos) ','18.697.388/0001-97',2,NULL,'2024-08-27 14:23:24','gestor inicial','gestor_inicial@email.com',NULL,'(31)99999-9999',NULL,NULL,NULL,NULL,NULL,NULL,NULL,NULL,NULL,NULL,NULL,'2024-08-27 14:23:24','2025-07-10 12:18:25',1,'inativo',NULL,NULL,NULL),(163,'JW ENGENHARIA EM BORRACHAS LTDA','JW ENGENHARIA EM BORRACHAS LTDA','09.452.267/0001-94',14,NULL,'2024-08-27 14:23:24','Anderson Santos','gerencia@jweng.com.br',NULL,'(31) 3242-1212',NULL,'Lene Oliveira Oliveira','lene@jweng.com.br',NULL,'(31) 3242-1212',NULL,'Lene Oliveira Oliveira','lene@jweng.com.br',NULL,'(31) 3242-1212',NULL,'2024-08-27 14:23:24','2025-07-20 21:56:00',1,'ativo',NULL,NULL,4),(164,'SOCIEDADE HOSPITALAR NOSSA SENHORA DA GUIA LTDA (Hospital Santa Rita)','SOCIEDADE HOSPITALAR NOSSA SENHORA DA GUIA LTDA (Hospital Santa Rita)','37.459.419/0001-16',4,NULL,'2024-08-27 14:23:24','Sandro','coordenacaoti@santaritahospital.com.br',NULL,'sem telefone cadastrado',NULL,'José Eduardo','coord.ti@hospitalsantaritavg.com.br',NULL,'(65) 99968-2245',NULL,NULL,'financeiro@hospitalsantaritavg.com.br',NULL,NULL,NULL,'2024-08-27 14:23:24','2025-07-10 12:18:25',1,'inativo',NULL,NULL,NULL),(165,'OSMAR TINTAS LTDA','OSMAR TINTAS LTDA','23.938.210/0001-20',2,NULL,'2024-08-27 14:23:24','gestor inicial','gestor_inicial@email.com',NULL,'(31)99999-9999',NULL,NULL,NULL,NULL,NULL,NULL,NULL,NULL,NULL,NULL,NULL,'2024-08-27 14:23:24','2025-07-10 12:18:25',1,'inativo',NULL,NULL,NULL),(166,'PLANUM PLANEJAMENTO E CONSULTORIA URBANA LTDA','PLANUM PLANEJAMENTO E CONSULTORIA URBANA LTDA','25.575.358/0001-73',21,NULL,'2024-08-27 14:23:24','Gustavo Balieiro','gustavo@planum.eng.br',NULL,'não tem telefone cadastrado',NULL,'Diego Martins','diegormart@gmail.com',NULL,'(31) 99223-7945',NULL,'Tamires Oliveira','administrativo@planum.eng.br',NULL,'(31) 2108-6868','(31) 99983-5402','2024-08-27 14:23:24','2025-07-20 21:56:01',1,'ativo',NULL,NULL,4),(167,'PEDILAR ASSISTENCIAL PEDIATRICA E NEONATAL DOMICILIAR LTDA','PEDILAR ASSISTENCIAL PEDIATRICA E NEONATAL DOMICILIAR LTDA','03.243.423/0001-20',2,NULL,'2024-08-27 14:23:24','gestor inicial','gestor_inicial@email.com',NULL,'(31)99999-9999',NULL,NULL,NULL,NULL,NULL,NULL,NULL,NULL,NULL,NULL,NULL,'2024-08-27 14:23:24','2025-07-10 12:18:25',1,'inativo',NULL,NULL,NULL),(168,'PRESMET MEDICINA E SEGURANÇA DO TRABALHO','PRESMET MEDICINA E SEGURANÇA DO TRABALHO','23.843.196/0001-81',2,NULL,'2024-08-27 14:23:24','gestor inicial','gestor_inicial@email.com',NULL,'(31)99999-9999',NULL,NULL,NULL,NULL,NULL,NULL,NULL,NULL,NULL,NULL,NULL,'2024-08-27 14:23:24','2025-07-10 12:18:25',1,'inativo',NULL,NULL,NULL),(169,'PJUS INVESTIMENTOS EM DIREITOS CREDITORIOS LTDA','PJUS INVESTIMENTOS EM DIREITOS CREDITORIOS LTDA','29.763.995/0001-24',4,NULL,'2024-08-27 14:23:24','Tiago Borges','tiago.borges@pjus.com.br',NULL,'(31) 98602-5981',NULL,'Magnun Pimenta','magnun.pimenta@pjus.com.br',NULL,'(31) 9712-97523',NULL,'Tiago Borges','tiago.borges@pjus.com.br',NULL,'(31) 98602-5981',NULL,'2024-08-27 14:23:24','2025-07-10 12:18:25',1,'inativo',NULL,NULL,NULL),(170,'CLINICA JPJC LTDA','CLINICA JPJC LTDA (PROCRIAR)','02.871.557/0001-23',4,NULL,'2024-08-27 14:23:24','Rosimeire Soares','rosimeire.soares@procriar.com.br','2021-07-18','(31) 99174-6745','(31) 3292-5299','Ronaldo Francisco (Prolinx)','ti@procriar.com.br','2021-02-08','(31) 3292-5299',NULL,'Rosimeire Soares','rosimeire.soares@procriar.com.br','2021-07-18','(31) 3292-5299',NULL,'2024-08-27 14:23:24','2025-07-11 08:28:31',12,'ativo',4,'filha',1),(171,'PRODUTOS ALIMENTICIOS TI DELSO LTDA','PRODUTOS ALIMENTICIOS TI DELSO LTDA','05.386.202/0001-37',2,NULL,'2024-08-27 14:23:24','gestor inicial','gestor_inicial@email.com',NULL,'(31)99999-9999',NULL,NULL,NULL,NULL,NULL,NULL,NULL,NULL,NULL,NULL,NULL,'2024-08-27 14:23:24','2025-07-10 12:18:25',1,'inativo',NULL,NULL,NULL),(172,'PROJETON PROJETOS E CONSULTORIA LTDA','PROJETON PROJETOS E CONSULTORIA LTDA','07.250.296/0001-48',21,NULL,'2024-08-27 14:23:24','Tiago','tiago@projetonconsultoria.com.br',NULL,'(31) 3374-3411',NULL,'Jeferson ','projeton@projetonconsultoria.com.br',NULL,'(31) 3374-3411',NULL,'','financeiro@tecpiso.com.br',NULL,'(31) 3374-3411',NULL,'2024-08-27 14:23:24','2025-07-14 14:45:37',1,'ativo',9,'filha',4),(173,'PRONTOMEC INDUSTRIAL LTDA','PRONTOMEC INDUSTRIAL LTDA','17.639.865/0001-03',3,NULL,'2024-08-27 14:23:24','Ana','prontomec@prontomec.com.br',NULL,'(31) 3358-1130',NULL,'Carla Aires','comercial@prontomec.com.br',NULL,'(31) 3358-1111',NULL,'Sebastião Souza','sebastiao@prontomec.com.br',NULL,'(31) 3358-1111',NULL,'2024-08-27 14:23:24','2025-07-20 21:56:00',1,'ativo',NULL,NULL,3),(174,'RM TEXTIL EIRELI','RM TEXTIL EIRELI','26.634.644/0001-25',14,NULL,'2024-08-27 14:23:24','Ricardo Medrado','vendas@rmtextil.com.br',NULL,'(31) 9968-1323',NULL,'André','contato@rmtextil.com.br',NULL,'(31) 3653-6400',NULL,'André Augusto','financeiro@rmtextil.com.br',NULL,'(31) 3653-6400',NULL,'2024-08-27 14:23:24','2025-07-20 21:56:00',1,'ativo',NULL,NULL,4),(175,'PLASTIFICA INDUSTRIAL LTDA','PLASTIFICA INDUSTRIAL LTDA','25.791.955/0001-35',3,NULL,'2024-08-27 14:23:24','Heron Gomes','heron@plastifica.com.br',NULL,'(31)3503-1327','','Israel Soares','ti@plastifica.com.br',NULL,'(31)3503-1327','(31)98306-8063','','financeira@plastifica.com.br',NULL,'(31)3503-1327',NULL,'2024-08-27 14:23:24','2025-07-20 21:56:00',1,'ativo',NULL,NULL,4),(176,'SCIENTIFIC DENTAL MEDICAL LTDA','SCIENTIFIC DENTAL MEDICAL LTDA','09.020.873/0001-30',21,NULL,'2024-08-27 14:23:24','Rafael Pinheiro','informatica@scientificdental.com.br',NULL,'(31) 99201-1423',NULL,'Rafael Pinheiro','informatica@scientificdental.com.br',NULL,'(31) 99201-1423',NULL,NULL,'financeiro2@scientificdental.com.br',NULL,NULL,NULL,'2024-08-27 14:23:24','2025-07-20 21:56:00',12,'ativo',NULL,NULL,4),(177,'COMERCIO E DISTRIBUICAO SALES LTDA','COMERCIO E DISTRIBUICAO SALES LTDA (SALES) ','05.418.619/0003-04',2,NULL,'2024-08-27 14:23:24','gestor inicial','gestor_inicial@email.com',NULL,'(31)99999-9999',NULL,NULL,NULL,NULL,NULL,NULL,NULL,NULL,NULL,NULL,NULL,'2024-08-27 14:23:24','2025-07-10 12:18:25',1,'inativo',NULL,NULL,NULL),(178,'SEGEX SEGURANCA PRIVADA EIRELI','SEGEX SEGURANCA PRIVADA EIRELI','12.751.850/0001-00',2,NULL,'2024-08-27 14:23:24','gestor inicial','gestor_inicial@email.com',NULL,'(31)99999-9999',NULL,NULL,NULL,NULL,NULL,NULL,NULL,NULL,NULL,NULL,NULL,'2024-08-27 14:23:24','2025-07-10 12:18:25',1,'inativo',NULL,NULL,NULL),(179,'ARNALDO BERNARDINO CARDOSO JUNIOR','ARNALDO BERNARDINO CARDOSO JUNIOR  (SD LAMINADOS)','661.813.219-34',21,NULL,'2024-08-27 14:23:24','Zane Mai Jacson','sdlaminados@gmail.com',NULL,'(69) 3321-3740',NULL,NULL,NULL,NULL,NULL,NULL,NULL,NULL,NULL,NULL,NULL,'2024-08-27 14:23:24','2025-07-10 12:18:25',10,'inativo',NULL,NULL,NULL),(180,'RODRIGO LEANDRO DE OLIVEIRA RODRIGUES SOCIEDADE INDIVIDUAL DE ADVOCACIA','RODRIGO LEANDRO DE OLIVEIRA RODRIGUES SOCIEDADE INDIVIDUAL DE ADVOCACIA','35.149.500/0001-74',2,NULL,'2024-08-27 14:23:24','gestor inicial','gestor_inicial@email.com',NULL,'(31)99999-9999',NULL,NULL,NULL,NULL,NULL,NULL,NULL,NULL,NULL,NULL,NULL,'2024-08-27 14:23:24','2025-07-10 12:18:25',1,'inativo',NULL,NULL,NULL),(181,'SPL ENGENHARIA LTDA','SPL ENGENHARIA LTDA','17.047.192/0001-94',4,NULL,'2024-08-27 14:23:24','Paulo Cunha','paulocunha@spl.eng.br','2023-10-10','(31) 99106-7711','(31) 2513-2263','Cláudia Venuto','claudia.venuto@spl.eng.br',NULL,'(31) 99283-2898','(31) 2513-2263','Jeaniny Magalhães','jeaniny.magalhaes@spl.eng.br',NULL,'(31) 2513-2263','','2024-08-27 14:23:24','2025-07-20 21:55:59',9,'ativo',NULL,NULL,1),(182,'SIC SERVICOS DE COMPRAS LTDA','SIC SERVICOS DE COMPRAS LTDA (SUPERBUY)','08.852.003/0001-65',14,NULL,'2024-08-27 14:23:24','Gilberto Oliveira','gilberto.oliveira@superbuy.com.br',NULL,'(31) 98426-7754',NULL,'rh@superbuy.com.br','fabiana.cunha@superbuy.com.br',NULL,'(31) 99158-0286','(31) 3071-4839','Aracele Monteiro','aracele.monteiro@superbuy.com.br',NULL,'',NULL,'2024-08-27 14:23:24','2025-07-20 21:55:59',1,'ativo',NULL,NULL,2),(183,'S TEIG PARTICIPACOES LTDA (STPAR)','S TEIG PARTICIPACOES LTDA (STPAR)','81.666.299/0001-10',14,NULL,'2024-08-27 14:23:24','Alexandre','alexandre@stpar.com.br',NULL,'(11) 96345-3131',NULL,'Alexandre','alexandre@stpar.com.br',NULL,'(11) 96345-3131',NULL,'Tania','tania@stpar.com.br',NULL,'',NULL,'2024-08-27 14:23:24','2025-07-20 21:56:01',1,'ativo',NULL,NULL,4),(184,'SISAGRO APOIO ADMINISTRATIVO LTDA','SISAGRO APOIO ADMINISTRATIVO LTDA','24.445.913/0001-80',2,NULL,'2024-08-27 14:23:24','gestor inicial','gestor_inicial@email.com',NULL,'(31)99999-9999',NULL,NULL,NULL,NULL,NULL,NULL,NULL,NULL,NULL,NULL,NULL,'2024-08-27 14:23:24','2025-07-10 12:18:25',1,'inativo',NULL,NULL,NULL),(185,'SUPPLY DIST DE PRODUTOS ALIMENTICIOS LTDA','SUPPLY DIST DE PRODUTOS ALIMENTICIOS LTDA','10.303.789/0001-03',2,NULL,'2024-08-27 14:23:24','gestor inicial','gestor_inicial@email.com',NULL,'(31)99999-9999',NULL,NULL,NULL,NULL,NULL,NULL,NULL,NULL,NULL,NULL,NULL,'2024-08-27 14:23:24','2025-07-10 12:18:25',1,'inativo',NULL,NULL,NULL),(186,'SINDICATO DOS LOJISTAS DO COM DE BELO HORIZONTE','SINDICATO DOS LOJISTAS DO COM DE BELO HORIZONTE (SINDILOJA)','17.265.885/0001-53',21,NULL,'2024-08-27 14:23:24','Nadim Donato','nadim@donato.com.br',NULL,'(31) 3261-7086',NULL,'Márcio Faria','qualidade@sindilojasbh.com.br',NULL,'(31) 3272-5987',NULL,NULL,'financeiro2@sindilojasbh.com.br',NULL,NULL,NULL,'2024-08-27 14:23:24','2025-07-20 21:56:00',6,'ativo',NULL,NULL,4),(187,'TALUBE COMERCIAL LTDA','TALUBE COMERCIAL LTDA (TCL MOUROES/ TCL MADEIRAS)','23.307.549/0001-29',8,NULL,'2024-08-27 14:23:24','Airton','vendas1@tclmouroes.com.br',NULL,'(37) 3329-2166',NULL,'Renato','producao@tclmouroes.com.br',NULL,'(37) 3329-2166',NULL,'Adriano','financeiro@tclmouroes.com.br',NULL,'(37) 3329-2150',NULL,'2024-08-27 14:23:24','2025-07-20 21:56:01',1,'ativo',NULL,NULL,4),(188,'U&M MINERACAO E CONSTRUCAO S/A','U&M MINERACAO E CONSTRUCAO S/A','18.540.906/0008-30',21,NULL,'2024-08-27 14:23:24','John Robert','john.robert@uem.com.br',NULL,'(32) 3311-1000',NULL,'Ednaldo Teixeira','ednaldo.teixeira@uem.com.br',NULL,'(32) 3311-1027',NULL,NULL,'financeiro@uem.com.br',NULL,'(32) 3311-1000',NULL,'2024-08-27 14:23:24','2025-07-20 21:56:00',10,'ativo',NULL,NULL,4),(189,'TECRACING PARQUES LTDA','TECRACING PARQUES LTDA (Tecplaner)','09.205.817/0001-70',4,NULL,'2024-08-27 14:23:24','Marco Ferreira','marco.tulio@tecracing.com.br',NULL,'(31) 98751-3929',NULL,'Marco Ferreira','marco.tulio@tecracing.com.br',NULL,'(31) 98751-3929',NULL,NULL,'administrativo@tecracing.com.br',NULL,'(38) 3502-2423',NULL,'2024-08-27 14:23:24','2025-07-20 21:56:00',1,'ativo',NULL,NULL,4),(190,'TETRO PROJETOS E CONSULTORIA LTDA - EPP','TETRO PROJETOS E CONSULTORIA LTDA - EPP (TETRO ARQUITETURA)','04.557.632/0001-01',4,NULL,'2024-08-27 14:23:24','Debora','tetro@tetro.com.br',NULL,'(31) 98867-5144',NULL,'Bruno','brunobontempo@tetro.com.br',NULL,'(31) 99748-8331',NULL,'','administrativo@tetro.com.br',NULL,NULL,NULL,'2024-08-27 14:23:24','2025-07-20 21:56:01',1,'ativo',NULL,NULL,4),(191,'TECPISO DO BRASIL LTDA - EPP','TECPISO DO BRASIL LTDA - EPP','02.087.258/0001-00',4,NULL,'2024-08-27 14:23:24','Leonardo','seguranca@tecpiso.com.br',NULL,'(31) 2115-6754',NULL,'Patrí­cia Zucherato','patricia@tecpiso.com.br',NULL,'(31) 99206-5195',NULL,'Joelma','financeiro@tecpiso.com.br',NULL,'(31) 3331-6343',NULL,'2024-08-27 14:23:24','2025-07-14 14:44:30',1,'ativo',9,'pai',3),(192,'SUPERMERCADO TIO ANTONIO LTDA (MATRIZ)','SUPERMERCADO TIO ANTONIO LTDA (MATRIZ)','16.693.613/0001-91',6,NULL,'2024-08-27 14:23:24','Douglas Motta','gerencia@supermercadotioantonio.com.br',NULL,'(31) 3833-1181',NULL,'Ezequiel Vieira','ezequiellv@hotmail.com',NULL,'(31) 99710-0103',NULL,NULL,'fiscal@supermercadotioantonio.com.br',NULL,NULL,NULL,'2024-08-27 14:23:24','2025-07-14 14:46:39',1,'ativo',10,'pai',4),(193,'UNIAO LOGISTICA TRANSPORTES E ARMAZENAGEM LTDA','UNIAO LOGISTICA TRANSPORTES E ARMAZENAGEM LTDA','10.606.690/0001-80',2,NULL,'2024-08-27 14:23:24','gestor inicial','gestor_inicial@email.com',NULL,'(31)99999-9999',NULL,NULL,NULL,NULL,NULL,NULL,NULL,NULL,NULL,NULL,NULL,'2024-08-27 14:23:24','2025-07-10 12:18:25',1,'inativo',NULL,NULL,NULL),(194,'ULTRACAR COMERCIO EM INFORMATICA LTDA - ME','ULTRACAR COMERCIO EM INFORMATICA LTDA - ME','00.422.495/0001-47',2,NULL,'2024-08-27 14:23:24','gestor inicial','gestor_inicial@email.com',NULL,'(31)99999-9999',NULL,NULL,NULL,NULL,NULL,NULL,NULL,NULL,NULL,NULL,NULL,'2024-08-27 14:23:24','2025-07-10 12:18:25',1,'inativo',NULL,NULL,NULL),(195,'USINAGEM MORATO LTDA ME','USINAGEM MORATO LTDA - (USIMMOR)','08.423.448/0001-20',14,NULL,'2024-08-27 14:23:24','Junia Amorim','financeiro@usimmor.com.br',NULL,'(31) 3361-5199',NULL,'Junior','junior.pcp@usimmor.com.br',NULL,'(31) 2585-2723',NULL,'Junia Amorim','financeiro@usimmor.com.br',NULL,'(31) 3361-5199',NULL,'2024-08-27 14:23:24','2025-07-20 21:56:00',1,'ativo',NULL,NULL,3),(196,'TRANS OESTE TRANSPORTES URBANOS LTDA','TRANS OESTE TRANSPORTES URBANOS LTDA (TRANSOESTE)','13.375.841/0001-25',14,NULL,'2024-08-27 14:23:24','Igor','manutencao@transoestetransportes.com.br',NULL,'(31) 3387-4647',NULL,'Thiago Vilarinho ','ti@transoestetransportes.com.br',NULL,'(31) 3387-4647',NULL,NULL,'financeiro@transoestetransportes.com.br',NULL,'(31) 3387-4647',NULL,'2024-08-27 14:23:24','2025-07-20 21:56:00',1,'ativo',NULL,NULL,4),(197,'TREVO DISTRIBUIDORA E TRANSPORTE DE JORNAIS E IMPRESSOS EM GERAL LTDA','TREVO DISTRIBUIDORA E TRANSPORTE DE JORNAIS E IMPRESSOS EM GERAL LTDA  - (Via super Log ) ','18.647.006/0001-10',2,NULL,'2024-08-27 14:23:24','gestor inicial','gestor_inicial@email.com',NULL,'(31)99999-9999',NULL,NULL,NULL,NULL,NULL,NULL,NULL,NULL,NULL,NULL,NULL,'2024-08-27 14:23:24','2025-07-10 12:18:25',1,'inativo',NULL,NULL,NULL),(198,'VIA EXPRESSA DISTRIBUIDORA DE JORNAIS E PERIODICOS E TRANSPORTES DE CARGAS LTDA','VIA EXPRESSA DISTRIBUIDORA DE JORNAIS E PERIODICOS E TRANSPORTES DE CARGAS (Via super Log) ','14.434.130/0001-47',6,NULL,'2024-08-27 14:23:24','gestor inicial','gestor_inicial@email.com',NULL,'(31)99999-9999',NULL,NULL,NULL,NULL,NULL,NULL,NULL,NULL,NULL,NULL,NULL,'2024-08-27 14:23:24','2025-07-10 12:18:25',1,'inativo',NULL,NULL,NULL),(199,'VALENCE VEICULOS LTDA','VALENCE VEICULOS LTDA','03.321.110/0001-43',2,NULL,'2024-08-27 14:23:24','gestor inicial','gestor_inicial@email.com',NULL,'(31)99999-9999',NULL,NULL,NULL,NULL,NULL,NULL,NULL,NULL,NULL,NULL,NULL,'2024-08-27 14:23:24','2025-07-10 12:18:25',1,'inativo',NULL,NULL,NULL),(200,'VITAE TECNOLOGIA EM MEDICINA LTDA','VITAE TECNOLOGIA EM MEDICINA LTDA','02.873.047/0001-95',14,NULL,'2024-08-27 14:23:24','Joyce Melo','joyce@vitae.net.br',NULL,'não tem telefone cadastrado',NULL,'Thiago Filipe','thiago@vitae.net.br',NULL,'(31) 98886-9682',NULL,'Ronan Sampaio','financeiro@vitae.net.br',NULL,'não tem telefone cadastrado',NULL,'2024-08-27 14:23:24','2025-07-20 21:56:00',1,'ativo',NULL,NULL,4),(201,'FABIANO ZICA ADVOGADOS','FABIANO ZICA ADVOGADOS ASSOCIADOS SOCIEDADE DE ADVOGADOS','13.902.258/0001-25',6,NULL,'2024-08-27 14:23:24','Fabiano Zica','fabiano@fabianozica.adv.br',NULL,'(31) 3222-2868',NULL,'Maria Luísa ','luisa@fabianozica.adv.br',NULL,'(31) 3222-2868',NULL,'João Eustáquio ','financeiro@fabianozica.adv.br',NULL,'(31) 3222-2868',NULL,'2024-08-27 14:23:24','2025-07-20 21:56:00',1,'ativo',NULL,NULL,4),(202,'ZERO SETE ATACADO E DISTRIBUICAO LTDA','ZERO SETE ATACADO E DISTRIBUICAO LTDA','20.838.806/0001-60',2,NULL,'2024-08-27 14:23:24','gestor inicial','gestor_inicial@email.com',NULL,'(31)99999-9999',NULL,NULL,NULL,NULL,NULL,NULL,NULL,NULL,NULL,NULL,NULL,'2024-08-27 14:23:24','2025-07-10 12:18:25',1,'inativo',NULL,NULL,NULL),(203,'INVESTOR CONSULTING PARTNERS CONSULTORIA LTDA','INVESTOR CONSULTING PARTNERS CONSULTORIA LTDA','13.711.795/0001-98',14,NULL,'2024-08-27 14:23:24','Alysson Corsino','alysson.corsino@investorcp.com',NULL,'(31)2127-2270',NULL,NULL,NULL,NULL,NULL,NULL,NULL,'gabriel.greco@investorcp.com',NULL,NULL,NULL,'2024-08-27 14:23:24','2025-07-20 21:56:00',1,'ativo',NULL,NULL,3),(204,'VIA LOGISTICA DISTRIBUIDORA DE PERIODICOS LTDA.','VIA LOGISTICA DISTRIBUIDORA DE PERIODICOS LTDA.  - (Via super Log)','10.734.435/0001-13',2,NULL,'2024-08-27 14:23:24','gestor inicial','gestor_inicial@email.com',NULL,'(31)99999-9999',NULL,NULL,NULL,NULL,NULL,NULL,NULL,NULL,NULL,NULL,NULL,'2024-08-27 14:23:24','2025-07-10 12:18:25',1,'inativo',NULL,NULL,NULL),(205,'WS CORRETORA DE IMOVEIS LTDA (WS IMÓVEIS)','WS CORRETORA DE IMOVEIS LTDA (WS IMÓVEIS)','01.118.229/0001-98',14,NULL,'2024-08-27 14:23:24','Tamara ','suporte@wscorretora.com.br',NULL,'(31) 3371-5001',NULL,'Kise Ferreira','atendimento@wscorretora.com.br',NULL,'(31) 3371-5001',NULL,'Kise Ferreira','atendimento@wscorretora.com.br',NULL,'(31) 3371-5001',NULL,'2024-08-27 14:23:24','2025-07-20 21:56:01',1,'ativo',NULL,NULL,4),(206,'VIASUPER DISTRIBUIDORA DE PERIODICOS LTDA','VIASUPER DISTRIBUIDORA DE PERIODICOS LTDA - (Via Super Log)','10.715.007/0001-43',6,NULL,'2024-08-27 14:23:24','gestor inicial','gestor_inicial@email.com',NULL,'(31)99999-9999',NULL,NULL,NULL,NULL,NULL,NULL,NULL,NULL,NULL,NULL,NULL,'2024-08-27 14:23:24','2025-07-10 12:18:25',2,'inativo',NULL,NULL,NULL),(207,'ELCIO REIS E ADVOGADOS ASSOCIADOS','ELCIO REIS E ADVOGADOS ASSOCIADOS','19.139.195/0001-83',6,NULL,'2024-08-27 14:23:24','Leandro Ramos','leandroramos@elcioreis.com.br',NULL,'(31) 98587-7830','(31) 3228-2323','Leandro Ramos','leandroramos@elcioreis.com.br',NULL,'(31) 98587-7830','(31) 3228-2323','Leandro Ramos','leandroramos@elcioreis.com.br',NULL,'(31) 98587-7830','(31) 3228-2323','2024-08-27 14:23:24','2025-07-20 21:56:00',1,'ativo',NULL,NULL,4),(208,'CGC - CONTABILIDADE GERAL E CONSULTORIA','CGC - CONTABILIDADE GERAL E CONSULTORIA','65.165.649/0001-08',3,NULL,'2024-08-27 14:23:24','Luciana','luciana@cgccontabilidade.com.br',NULL,'(31) 3392-2833',NULL,'Alexandre Antonio','alexandre@cgccontabilidade.com.br',NULL,'(31) 99859-5565','(31) 3036-4450',NULL,'faturamento@cgccontabilidade.com.br',NULL,NULL,NULL,'2024-08-27 14:23:24','2025-07-10 12:18:25',1,'inativo',NULL,NULL,NULL),(209,'AUDAZ TECNOLOGIA LTDA.','AUDAZ TECNOLOGIA LTDA.','38.742.698/0001-93',4,NULL,'2024-08-27 14:23:24','Delio Lázaro','delio.lazaro@audaztec.com.br',NULL,'(31) 98485-7401','(31) 3377-2592',NULL,NULL,NULL,NULL,NULL,NULL,NULL,NULL,NULL,NULL,'2024-08-27 14:23:24','2025-07-10 12:18:25',6,'inativo',NULL,NULL,NULL),(210,'HACME EQUIPAMENTOS PARA ESCRITORIO LTDA','HACME EQUIPAMENTOS PARA ESCRITORIO LTDA','01.422.980/0001-83',3,NULL,'2024-08-27 14:23:24','Hamilton Soares','hamilton@hsoares.com',NULL,'(11) 99884-2757',NULL,'Hamilton Soares','hamilton@hsoares.com',NULL,'(11) 99884-2757',NULL,'Hamilton Soares','hamilton@hsoares.com',NULL,'(11) 99884-2757',NULL,'2024-08-27 14:23:24','2025-07-20 21:56:01',1,'ativo',NULL,NULL,4),(211,'CORDEIRO AURELIANO ASSESSORIA EMPRESARIAL LTDA.','CORDEIRO AURELIANO ASSESSORIA EMPRESARIAL LTDA.','04.653.249/0001-57',2,NULL,'2024-08-27 14:23:24','gestor inicial','gestor_inicial@email.com',NULL,'(31)99999-9999',NULL,NULL,NULL,NULL,NULL,NULL,NULL,NULL,NULL,NULL,NULL,'2024-08-27 14:23:24','2025-07-10 12:18:25',1,'inativo',NULL,NULL,NULL),(212,'UNALOG - UNIAO ALTEROSA LOGISTICA LTDA','UNALOG - UNIAO ALTEROSA LOGISTICA LTDA','13.495.274/0001-40',3,NULL,'2024-08-27 14:23:24','Helder','administrativo@unalog.com.br',NULL,'(31) 99620-2549',NULL,'Henrique Carvalho','henrique@unalog.com.br',NULL,'(31) 99882-2002',NULL,NULL,'financeiro@unalog.com.br',NULL,'',NULL,'2024-08-27 14:23:24','2025-07-10 12:18:25',1,'inativo',NULL,NULL,NULL),(213,'DATA SOURCE INFORMATICA LTDA.','TEC SOFTWARE','00.997.774/0001-39',2,NULL,'2024-08-27 14:23:24','gestor inicial','gestor_inicial@email.com',NULL,'(31)99999-9999',NULL,NULL,NULL,NULL,NULL,NULL,NULL,NULL,NULL,NULL,NULL,'2024-08-27 14:23:24','2025-07-10 12:18:25',1,'inativo',NULL,NULL,NULL),(214,'FLORESTAL BIOFLOR S/A','FLORESTAL BIOFLOR S/A','13.958.783/0001-62',3,NULL,'2024-08-27 14:23:24','Hodwilson','hodwilson.oliveira@novaerasilicon.com.br',NULL,'(31) 2122-5740','(31) 2122-5741','Magali','magali.santos@florestalbioflor.com.br',NULL,'(31) 2122-5740','(31) 2122-5741','Marilene','marilene.leles@florestalbioflor.com.br',NULL,'(31) 2122-5740','(31) 2122-5741','2024-08-27 14:23:24','2025-07-20 21:56:00',1,'ativo',NULL,NULL,4),(215,'IBITIPOCA RESERVA AMBIENTAL','IBITIPOCA RESERVA AMBIENTAL - COMUNA','10.667.069/0001-27',14,NULL,'2024-08-27 14:23:24','Marcelo Alves','ti2@ibiti.com',NULL,'(32)9995-4570',NULL,'Marcelo Alves','ti2@ibiti.com',NULL,'(32)9995-4570',NULL,'Raquel','raquel@ibiti.com',NULL,'(32)98446-8889',NULL,'2024-08-27 14:23:24','2025-07-20 21:56:01',1,'ativo',NULL,NULL,4),(216,'HIKARI INDUSTRIA E COMERCIO LTDA.','HIKARI INDUSTRIA E COMERCIO LTDA.','61.155.511/0001-77',21,NULL,'2024-08-27 14:23:24','Laercio Sanders','laercio.sandes@hikari.com.br',NULL,'(11) 4674-6022',NULL,'Raphael Dias','raphael.dias@hikari.com.br',NULL,'(11) 4674-6060',NULL,'Laercio Sanders','laercio.sandes@hikari.com.br',NULL,'(11) 4674-6022',NULL,'2024-08-27 14:23:24','2025-07-11 08:21:16',3,'ativo',2,'filha',4),(217,'EQUIPECHEQUE SERVICOS DE INFORMACOES CADASTRAIS LTDA (CREDIFAZ)','EQUIPECHEQUE SERVICOS DE INFORMACOES CADASTRAIS LTDA (CREDIFAZ)','07.749.747/0001-96',8,NULL,'2024-08-27 14:23:24','Marcelo','marcelo.rogerio@equipecheque.com.br','2021-05-15','(31) 99778-3295','(31) 4003-3859','Felipe Oliveira','suporteoi@equipecheque.com.br',NULL,'(31) 4003-3859','',NULL,'financeiro@equipecheque.com.br',NULL,NULL,NULL,'2024-08-27 14:23:24','2025-07-20 21:56:00',1,'ativo',NULL,NULL,4),(218,'FARID VAREJO LTDA.','FARID VAREJO LTDA.','28.481.219/0001-79',2,NULL,'2024-08-27 14:23:24','gestor inicial','gestor_inicial@email.com',NULL,'(31)99999-9999',NULL,NULL,NULL,NULL,NULL,NULL,NULL,NULL,NULL,NULL,NULL,'2024-08-27 14:23:24','2025-07-10 12:18:25',1,'inativo',NULL,NULL,NULL),(219,'MUDANÇAS E GUARDA - MOVEIS LUZITAR LTDA - EPP (LUZITAR MUDANÇAS)','MUDANÇAS E GUARDA - MOVEIS LUZITAR LTDA - EPP (LUZITAR MUDANÇAS)','01.852.397/0001-02',3,NULL,'2024-08-27 14:23:24','Janaina','guardamoveis@luzitarmudancas.com.br',NULL,'(31)3442-7322',NULL,'Cidney Alves','cidney@luzitarmudancas.com.br',NULL,'(31)3442-7322',NULL,'Carlos Mendes','luzitar@luzitarmudancas.com.br',NULL,'(31) 99167-7796',NULL,'2024-08-27 14:23:24','2025-07-20 21:56:00',1,'ativo',NULL,NULL,4),(220,'IRMAOS FARID LTDA.','IRMAOS FARID LTDA.','21.000.468/0007-41',2,NULL,'2024-08-27 14:23:24','gestor inicial','gestor_inicial@email.com',NULL,'(31)99999-9999',NULL,NULL,NULL,NULL,NULL,NULL,NULL,NULL,NULL,NULL,NULL,'2024-08-27 14:23:24','2025-07-10 12:18:25',1,'inativo',NULL,NULL,NULL),(221,'REDE VERBITA DE EDUCAÇÃO','ASSOCIAÇÃO PROPAGADORA ESDEVA (REDE VERBITA DE EDUCAÇÃO/UNIARNALDO)','21.562.368/0001-13',14,NULL,'2024-08-27 14:23:24','Jairo Silva','diretor.executivo@redeverbita.com.br',NULL,'(31) 92001-6704',NULL,'Rozimeire Miranda Costa Morato','rozimiranda@redeverbita.com.br',NULL,'(31) 99764-2498','(31) 3326-4120',NULL,'informatica@svdesdeva.com.br',NULL,NULL,NULL,'2024-08-27 14:23:24','2025-07-20 21:55:59',11,'ativo',NULL,NULL,1),(222,'NÚBIA REZENDE SALOMÉ','NÚBIA REZENDE SALOMÉ (Cartório Nubia)','064.185.016-67',2,NULL,'2024-08-27 14:23:24','gestor inicial','gestor_inicial@email.com',NULL,'(31)99999-9999',NULL,NULL,NULL,NULL,NULL,NULL,NULL,NULL,NULL,NULL,NULL,'2024-08-27 14:23:24','2025-07-10 12:18:25',1,'inativo',NULL,NULL,NULL),(223,'PAGNAN INDUSTRIAL E COMERCIAL LTDA (SANFONAR)','PAGNAN INDUSTRIAL E COMERCIAL LTDA (SANFONAR)','04.283.845/0001-92',21,NULL,'2024-08-27 14:23:24','Bruno','bruno@sanfonar.com.br',NULL,'(31) 3390-1288',NULL,'Bruno ','bruno@sanfonar.com.br',NULL,'(31) 3390-1288',NULL,'Luciana','luciana@sanfonar.com.br',NULL,'(31) 3390-1288',NULL,'2024-08-27 14:23:24','2025-07-20 21:56:00',1,'ativo',NULL,NULL,4),(224,'VIVER PREVIDENCIA','VIVER PREVIDENCIA','33.767.492/0001-02',4,NULL,'2024-08-27 14:23:24','Patrícia','ti@viverprevidencia.com',NULL,'(31) 9883-15417',NULL,'Armando Ramos','diretoria@viverprevidencia.com.br',NULL,'(31) 3226-4777',NULL,NULL,'tesouraria@viverprevidencia.com.br',NULL,'não tem telefone cadastrado',NULL,'2024-08-27 14:23:24','2025-07-20 21:55:59',1,'ativo',NULL,NULL,3),(225,'TECNOWEB INFORMÁTICA LTDA','TECNOWEB INFORMÁTICA LTDA','14.237.989/0001-66',3,NULL,'2024-08-27 14:23:24','André Fernandes Faleiro','faleiro@grupotecnoweb.com.br',NULL,'(31) 3515-7600','(31) 99787-0861','Márcio Goulart','tecnoweb@grupotecnoweb.com.br',NULL,'(31) 2108-6600','(31) 99669-2521','Marcilene','marcilene@tecnoweb.com.br',NULL,'(31) 2108-6600',NULL,'2024-08-27 14:23:24','2025-07-20 21:56:01',1,'ativo',NULL,NULL,4),(226,'NPASSOS ADMINISTRACAO, TECNOLOGIA E TURISMO LTDA','NPASSOS ADMINISTRACAO, TECNOLOGIA E TURISMO LTDA','05.194.654/0001-17',21,NULL,'2024-08-27 14:23:24','Divino Passos','dnp@npassos.com',NULL,'(31) 3500-3636',NULL,'Patricia Teixeira','suporte@npasso.com',NULL,'(31) 3500-3636',NULL,'Divino Passos','financeiro@npassos.com',NULL,'(31) 3500-3636',NULL,'2024-08-27 14:23:24','2025-07-20 21:56:00',13,'ativo',NULL,NULL,4),(227,'SMARTGPS MONITORAMENTO 24 HORAS EIRELI','SMARTGPS MONITORAMENTO 24 HORAS EIRELI','28.591.040/0001-74',2,NULL,'2024-08-27 14:23:24','gestor inicial','gestor_inicial@email.com',NULL,'(31)99999-9999',NULL,NULL,NULL,NULL,NULL,NULL,NULL,NULL,NULL,NULL,NULL,'2024-08-27 14:23:24','2025-07-10 12:18:25',1,'inativo',NULL,NULL,NULL),(228,'CERVAM – CERVEJARIA DO AMAZONAS S/A','CERVAM – CERVEJARIA DO AMAZONAS S/A','08.937.335/0003-04',2,NULL,'2024-08-27 14:23:24','gestor inicial','gestor_inicial@email.com',NULL,'(31)99999-9999',NULL,NULL,NULL,NULL,NULL,NULL,NULL,NULL,NULL,NULL,NULL,'2024-08-27 14:23:24','2025-07-10 12:18:25',1,'inativo',NULL,NULL,NULL),(229,'MARCO AURÉLIO RIBEIRO RAFAEL','CARTÓRIO DE BATAYPORÃ','057.635.206-37',2,NULL,'2024-08-27 14:23:24','gestor inicial','gestor_inicial@email.com',NULL,'(31)99999-9999',NULL,NULL,NULL,NULL,NULL,NULL,NULL,NULL,NULL,NULL,NULL,'2024-08-27 14:23:24','2025-07-10 12:18:25',1,'inativo',NULL,NULL,NULL),(230,'TRIAMA BD PEÇAS E SERVIÇOS AUTOMOTIVOS LTDA','TRIAMA BD PEÇAS E SERVIÇOS AUTOMOTIVOS LTDA (TRIAMA NORTE)','11.078.678/0001-03',14,NULL,'2024-08-27 14:23:24','Raone Caiq','raone.caiq@triama.com.br',NULL,'(37) 3521-9500','(37) 99903-4535','Rodrigo Patrício','rodrigo@triamanorte.com.br',NULL,'(38) 99116- 3844','(38) 3690-6144',NULL,'finaceiro.bd@triama.com.br',NULL,'(37) 3521-9500',NULL,'2024-08-27 14:23:24','2025-07-20 21:56:00',1,'ativo',NULL,NULL,4),(231,'HOSPITAL SAO VICENTE DE PAULO DE ITABIRITO','SOCIEDADE BENEFICENTE SAO CAMILO','60.975.737/0037-62',21,NULL,'2024-08-27 14:23:24','Rosângela Carvalho','rosangela.carvalho@saocamilosaude.com.br',NULL,'(31) 3562-3004','(31) 98464-3686','Wander Castro','wander@micronetbrasil.com',NULL,'(31) 99291-0034',NULL,NULL,'financeiro@hospitalsantaritavg.com.br',NULL,NULL,NULL,'2024-08-27 14:23:24','2025-07-20 21:56:00',12,'ativo',NULL,NULL,4),(232,'VALENCE JEEP','AUTO TREK VEÍCULOS ','10.405.547/0001-20',5,NULL,'2024-08-27 14:23:24','Udson Luis Niero','udson@valence.com.br',NULL,'(31) 3379-7703','(31) 3517-5900',NULL,NULL,NULL,NULL,NULL,NULL,NULL,NULL,NULL,NULL,'2024-08-27 14:23:24','2025-07-10 12:18:26',3,'inativo',NULL,NULL,NULL),(233,'CEMAS DO BRASIL, INDUSTRIA DE MAQUINAS PARA USO INDUSTRIAL LTDA','CEMAS DO BRASIL, INDUSTRIA DE MAQUINAS PARA USO INDUSTRIAL LTDA','07.568.340/0001-62',4,NULL,'2024-08-27 14:23:24','Gilney Lima','gilney@cemasdobrasil.com.br',NULL,'(31) 98432-5230','(31) 3329-3950',' Thiago Reis ','t.reis@cemaselettra.com',NULL,'(31) 99436-7809','(31) 3329-3950','','financeiro@cemasdobrasil.com.br',NULL,'','','2024-08-27 14:23:24','2025-07-20 21:55:59',10,'ativo',NULL,NULL,2),(234,'SAFM MINERAÇÃO LTDA (SOUTH AMERICAN FERRO MINERALS) (MATRIZ)','SAFM MINERAÇÃO LTDA (SOUTH AMERICAN FERRO MINERALS) (MATRIZ)','09.325.670/0002-33',4,NULL,'2024-08-27 14:23:24','Aloisio Ferreira','aloisio.ferreira@safm.com.br',NULL,'não tem telefone',NULL,'Diogo Santos','diogo.santos@safm.com.br',NULL,'(31) 98444-0438',NULL,'','nfe.compras@safm.com.br',NULL,'',NULL,'2024-08-27 14:23:24','2025-07-14 15:08:44',9,'ativo',16,'pai',3),(235,'MINASPOL INDUSTRIA E COMERCIO DE COMPOSTOS POLIMERICOS LTDA','MINASPOL INDUSTRIA E COMERCIO DE COMPOSTOS POLIMERICOS LTDA','09.674.456/0001-01',14,NULL,'2024-08-27 14:23:24','Brayan Caldas','faturamento@minaspol.com.br',NULL,'(31) 2551-1080',NULL,'Brayan Caldas','t.i@minaspol.com.br',NULL,'(31) 99433-0034',NULL,'Brayan Caldas','faturamento@minaspol.com.br',NULL,'(31) 2551-1080',NULL,'2024-08-27 14:23:24','2025-07-20 21:56:01',1,'ativo',NULL,NULL,4),(236,'LUCRO REAL','LUCRO REAL BRASIL CONTABILIDADE EIRELLI','15.584.148/0001-98',3,NULL,'2024-08-27 14:23:24','Andreia Ribeiro','realmed@realmedbrasil.com.br',NULL,'(31) 3721-3178',NULL,'',NULL,NULL,NULL,NULL,NULL,'realmed@realmedbrasil.com.br',NULL,NULL,NULL,'2024-08-27 14:23:24','2025-07-10 12:18:26',4,'inativo',NULL,NULL,NULL),(237,'ASSOCIAÇÃO EDUCATIVA CULTURAL E ASSISTENCIAL NOSSA SENHORA DAS DORES','ASSOCIAÇÃO EDUCATIVA CULTURAL E ASSISTENCIAL NOSSA SENHORA DAS DORES ','33.814.948/0001-30',3,NULL,'2024-08-27 14:23:24','Giane Aparecida Marques','tecnologia@redensd.com.br',NULL,'(31) 99734-0458','(31) 3464-0458','Giane Aparecida Marques','tecnologia@redensd.com.br',NULL,'(31) 99734-0458','(31) 3464-0458','Maria Jose','financeiro@redensd.com.br',NULL,'(31) 3464-0458',NULL,'2024-08-27 14:23:24','2025-07-20 21:56:00',11,'ativo',NULL,NULL,4),(238,'EMBRATERR - EMPRESA BRASILEIRA DE TERRAPLENAGEM LTDA','EMBRATERR - EMPRESA BRASILEIRA DE TERRAPLENAGEM LTDA','16.818.601/0001-46',14,NULL,'2024-08-27 14:23:24','Clenilson Mendes','cpd@embraterr.com.br',NULL,'(31) 98771-1437',NULL,'Clenilson Mendes','cpd@embraterr.com.br',NULL,'(31) 98771-1437',NULL,'','nfe@embraterr.com.br',NULL,'',NULL,'2024-08-27 14:23:24','2025-07-20 21:56:01',1,'ativo',NULL,NULL,4),(239,'GMO CENTRO DE PESQUISAS E CONTROLE DE QUALIDADE LTDA','GMO CENTRO DE PESQUISAS E CONTROLE DE QUALIDADE LTDA','22.641.575/0001-26',21,NULL,'2024-08-27 14:23:24','Debora Alves','debora@gmo-online.com.br',NULL,'(31) 3425-2151',NULL,'Debora Alves','debora@gmo-online.com.br',NULL,'(31) 3425-2151',NULL,'Debora Alves','debora@gmo-online.com.br',NULL,'(31) 3425-2151',NULL,'2024-08-27 14:23:24','2025-07-20 21:56:01',6,'ativo',NULL,NULL,4),(240,'CARE ASSISTENCIA 24 HORAS EIRELI','CARE ASSISTENCIA 24 HORAS EIRELI','16.614.009/0001-22',2,NULL,'2024-08-27 14:23:24','gestor inicial','gestor_inicial@email.com',NULL,'(31)99999-9999',NULL,NULL,NULL,NULL,NULL,NULL,NULL,NULL,NULL,NULL,NULL,'2024-08-27 14:23:24','2025-07-10 12:18:26',1,'inativo',NULL,NULL,NULL),(241,'SERVIÇO DE REGISTRO DE IMÓVEIS E CIVIL DAS PESSOAS NATURAIS E DE INTERDIÇÕES E TUTELAS','CARTÓRIO REGISTRO DE IMÓVEIS E CIVIL DAS PESSOAS DE MARACAJU','14.941.810/0001-57',2,NULL,'2024-08-27 14:23:24','gestor inicial','gestor_inicial@email.com',NULL,'(31)99999-9999',NULL,NULL,NULL,NULL,NULL,NULL,NULL,NULL,NULL,NULL,NULL,'2024-08-27 14:23:24','2025-07-10 12:18:26',1,'inativo',NULL,NULL,NULL),(242,'FINLANDIA CORRETORA DE SEGUROS LTDA','FINLANDIA CORRETORA DE SEGUROS LTDA','10.864.690/0001-80',2,NULL,'2024-08-27 14:23:24','gestor inicial','gestor_inicial@email.com',NULL,'(31)99999-9999',NULL,NULL,NULL,NULL,NULL,NULL,NULL,NULL,NULL,NULL,NULL,'2024-08-27 14:23:24','2025-07-10 12:18:26',1,'inativo',NULL,NULL,NULL),(243,'IVOX MARKETING DIRETO LTDA','IVOX MARKETING DIRETO LTDA','36.445.042/0001-83',2,NULL,'2024-08-27 14:23:24','gestor inicial','gestor_inicial@email.com',NULL,'(31)99999-9999',NULL,NULL,NULL,NULL,NULL,NULL,NULL,NULL,NULL,NULL,NULL,'2024-08-27 14:23:24','2025-07-10 12:18:26',1,'inativo',NULL,NULL,NULL),(244,'TURBOTECH DISTRIBUIDORA E COMERCIO DE PRODUTOS AUTOMOTIVOS LTDA','TURBOTECH DISTRIBUIDORA E COMERCIO DE PRODUTOS AUTOMOTIVOS LTDA (TURBOTECH LUBRIFICANTES)','65.104.929/0001-06',4,NULL,'2024-08-27 14:23:24','Paulo Francisco','paulo.francisco@turbotechlubrificantes.com.br',NULL,'(31) 3581-3139',NULL,'Paulo Francisco','paulo.francisco@turbotechlubrificantes.com.br',NULL,'(31) 3581-3139',NULL,'Danilo Rosa','danilo.rosa@turbotechlubrificantes.com.br',NULL,'(31) 3542-1400',NULL,'2024-08-27 14:23:24','2025-07-20 21:56:00',1,'ativo',NULL,NULL,4),(245,'INTRALOT DO BRASIL','INTRALOT DO BRASIL COMERCIO DE EQUIPAMENTOS E PROGRAMAS DE COMPUTADORES LTDA (KENO)','06.111.334/0001-19',4,NULL,'2024-08-27 14:23:24','Eduardo Coelho','eduardo.coelho@intralot.com.br',NULL,'(31) 99966-5925',NULL,'Denis Silva','denis.silva@intralot.com.br',NULL,'(31) 3546-0021',NULL,'Tayene Castro','tayene.castro@intralot.com.br',NULL,'(31) 99777-5432',NULL,'2024-08-27 14:23:24','2025-07-20 21:56:00',1,'ativo',NULL,NULL,4),(246,'AFIN ASSESSORIA FISCAL E CONTABIL','AFIN ASSESSORIA FISCAL E CONTABIL','00.802.291/0001-31',4,NULL,'2024-08-27 14:23:24','Andrea Moraes','amoraes@afin.com.br',NULL,'(19) 3731-8636',NULL,'Jaime Albunio','jalbunio@afin.com.br',NULL,'(19) 98263-1572','(19) 3731-8636',NULL,NULL,NULL,NULL,NULL,'2024-08-27 14:23:24','2025-07-20 21:56:00',4,'ativo',NULL,NULL,4),(247,'SUNO DISTRIBUIDORA SOLAR S.A','SUNO DISTRIBUIDORA SOLAR S.A','32.764.816/0001-88',21,NULL,'2024-08-27 14:23:24','Daniel Prata','daniel.prata@sunodistribuidora.com.br',NULL,'(33) 99137-5867',NULL,'Daniel Prata','daniel.prata@sunodistribuidora.com.br',NULL,'(33) 99137-5867',NULL,NULL,'financeiro01@sunodistribuidora.com.br',NULL,NULL,NULL,'2024-08-27 14:23:24','2025-07-20 21:56:00',6,'ativo',NULL,NULL,4),(248,'INDUSTRIA E COMERCIO DE CARNES E DERIVADOS BOI BRASIL LTDA','BOI BRASIL  (MATRIZ)','04.603.630/0007-05',3,NULL,'2024-08-27 14:23:24','Angelo Dias ','suporte@boibrasil.ind.br',NULL,'(31) 9-7166-4512','(31) 2103-0868','Vagner Barcelos','ti.bh@boibrasil.ind.br',NULL,'(31) 99872-5230','(31) 2103-0853','Graziele Lemos','contabilidade@boibrasil.ind.br',NULL,'(31) 2103-0853',NULL,'2024-08-27 14:23:24','2025-07-14 15:05:36',3,'ativo',15,'pai',2),(249,'LABBING SION COWORK SERVIÇOS DE ESCRITÓRIO LTDA','LABBING SION COWORK SERVIÇOS DE ESCRITÓRIO LTDA','33.300.644/0001-54',4,NULL,'2024-08-27 14:23:24','Helton Silva','helton.harrison@gmail.com',NULL,'(31)98675-9248',NULL,'Ivan Caiafa Amorim Faria ','ivan@labbing.com.br',NULL,'(31) 99894-4837',NULL,NULL,'financeiro@labbing.com.br',NULL,NULL,NULL,'2024-08-27 14:23:24','2025-07-20 21:55:59',1,'ativo',NULL,NULL,3),(250,'UNICOOPER - COOPERATIVA DE MEDICOS','UNICOOPER - COOPERATIVA DE MEDICOS','03.288.517/0001-16',3,NULL,'2024-08-27 14:23:24','Jonathan Oliveira','jonathan.oliveira@unicooper.coop.br',NULL,'(31) 99887-1025',NULL,'Luiz Gustavo Diniz','gustavo.diniz@unicooper.coop.br',NULL,'(31) 3291-3200','(31) 99518-9905','Fernanda Milagres  ','fernanda.milagres@unicooper.coop.br',NULL,'(31) 3291-3200 ',NULL,'2024-08-27 14:23:24','2025-07-20 21:55:59',1,'ativo',NULL,NULL,1),(251,'UHT LOGÍSTICA S.A','UHT LOGÍSTICA S.A','24.303.324/0001-67',4,NULL,'2024-08-27 14:23:24','Vinícius Soares','vinicius.soares@unihealth.com.br',NULL,'(11) 94207-4655',NULL,'Vinícius Soares','vinicius.soares@unihealth.com.br',NULL,'(11) 94207-4655',NULL,NULL,'fiscal@unihealth.com.br',NULL,NULL,NULL,'2024-08-27 14:23:24','2025-07-20 21:56:00',1,'ativo',NULL,NULL,3),(252,'ABHA - GESTÃO DE ÁGUAS','ASSOCIAÇÃO MULTISSETORIAL SDE RECURSOS HIDRICOS DE BACIAS HIDROGRAFICAS (ABHA - GESTÃO DE ÁGUAS)','06.536.989/0001-39',3,NULL,'2024-08-27 14:23:24','Ligia Furlaneto','compras@agenciaabha.com.br',NULL,'(34) 99876-2971','(34) 3241-4849','José Spínndola de Sousa ','suporte@delphiinnformatica.com.br',NULL,'(34) 98835-2160','(34) 3242-8436','Andreia Andrade','andreia.andrade@agenciaabha.com.br',NULL,'(34)3241-4849','(34)98852-3403','2024-08-27 14:23:24','2025-07-10 12:18:26',8,'inativo',NULL,NULL,NULL),(253,'COFER COMERCIO DE FERRO LIMITADA','COFER COMERCIO DE FERRO LIMITADA (COFER FERRO E AÇO)','18.290.304/0001-04',8,NULL,'2024-08-27 14:23:24','Neimar Júnior','infra@grupocofer.com.br',NULL,'(37) 3512-3552','(37) 99906-4406','Samuel Atos','samuel.atos@coferatacadista.com.br',NULL,'(37) 99130-0114',NULL,'Samuel Atos','samuel.atos@coferatacadista.com.br',NULL,'(37) 99130-0114',NULL,'2024-08-27 14:23:24','2025-07-20 21:56:01',1,'ativo',NULL,NULL,4),(254,'SUPERMIX CONCRETO','SUPERMIX CONCRETO ','34.230.979/0001-06',2,NULL,'2024-08-27 14:23:24','gestor inicial','gestor_inicial@email.com',NULL,'(31)99999-9999',NULL,NULL,NULL,NULL,NULL,NULL,NULL,NULL,NULL,NULL,NULL,'2024-08-27 14:23:24','2025-07-10 12:18:26',1,'inativo',NULL,NULL,NULL),(255,'TRANSFORMANDO FACES CLINICA DE SAÚDE LTDA','TRANSFORMANDO FACES CLINICA DE SAÚDE LTDA','34.051.914/0001-01',3,NULL,'2024-08-27 14:23:24','Roberto Murta ','roberto.murta@transformandofaces.com.br',NULL,'(31)98617-6766',NULL,'Roberto Murta ','gerencia.ti@transformandofaces.com.br',NULL,'(31)98617-6766',NULL,'Delano Moraneli ','financeiro@transformandofaces.com.br',NULL,'(31)98617-6766',NULL,'2024-08-27 14:23:24','2025-07-10 12:18:26',1,'inativo',NULL,NULL,NULL),(256,'HEX MARKETING DIRETO S/A','HEX MARKETING DIRETO S/A','47.110.251/000192',6,NULL,'2024-08-27 14:23:24','Ricardo Christovão','ricardochristovao@ivoxmarketing.com',NULL,'(31) 3615-3379','(31) 99825-4321','Henrique Lambert','henrique@ivoxmarketing.com',NULL,'(31) 3615-3379','(31) 99443-0898','Márcia','marcia@ivoxmarketing.com',NULL,'(31) 3289-9000',NULL,'2024-08-27 14:23:24','2025-07-20 21:56:00',15,'ativo',NULL,NULL,4),(257,'COOPERATIVA DOS PRODUTORES RURAIS DE POMPEU LTDA','COOPERATIVA DOS PRODUTORES RURAIS DE POMPEU LTDA','03.890.445/0001-82',14,NULL,'2024-08-27 14:23:24','Francisco Januario','francisco@leitepeu.com.br',NULL,'(37) 3523-2400',NULL,' Ronei','ronei@leitepeu.com.br',NULL,'(37) 3523-2400','(37) 99959-9898','Flavia ','flavia@leitepeu.com.br',NULL,NULL,NULL,'2024-08-27 14:23:24','2025-07-11 08:33:57',8,'ativo',5,'filha',4),(258,'GPSCAR RASTREAMENTO E MONITORAMENTO LTDA','GPSCAR RASTREAMENTO E MONITORAMENTO LTDA','08.611.206/0001-60',14,NULL,'2024-08-27 14:23:24','Eustaquio Junior','junior@gpscar.com.br',NULL,'(31) 99440-4801',NULL,'Bruno Meirelles ','suporte.ti@feedback.com',NULL,'(31) 2111-4166','(31) 99679-2151','Greice Duarte ','prt@feedback.com.br',NULL,'(31) 2111-4166',NULL,'2024-08-27 14:23:24','2025-07-20 21:56:00',1,'ativo',NULL,NULL,4),(259,'MANDAE SERVIÇOS DE CONSULTORIA EM LOGISTICA S/A','MANDAE SERVIÇOS DE CONSULTORIA EM LOGISTICA S/A','19.782.476/0001-50',21,NULL,'2024-08-27 14:23:24','Leonardo Brito','leonardo.brito@tiendanube.com',NULL,'(11) 96802-1412',NULL,'Leonardo Brito','leonardo.brito@tiendanube.com',NULL,'(11) 96802-1412',NULL,'Leonardo Brito','leonardo.brito@tiendanube.com',NULL,'(11) 96802-1412',NULL,'2024-08-27 14:23:24','2025-07-20 21:56:00',6,'ativo',NULL,NULL,4),(260,'PEL - ASSISTENCIA A INFERTILIDADE LTDA.','PEL - ASSISTENCIA A INFERTILIDADE LTDA. - HUNTIGTON','04.700.410/0001-04',2,NULL,'2024-08-27 14:23:24','gestor inicial','gestor_inicial@email.com',NULL,'(31)99999-9999',NULL,NULL,NULL,NULL,NULL,NULL,NULL,NULL,NULL,NULL,NULL,'2024-08-27 14:23:24','2025-07-10 12:18:26',1,'inativo',NULL,NULL,NULL),(261,'OPEN CREDIT COBRANÇA E ASSESSORIA LTDA (OPEN CREDIT)','OPEN CREDIT COBRANÇA E ASSESSORIA LTDA (OPEN CREDIT)','01.353.806/0001-26',21,NULL,'2024-08-27 14:23:24','Lucas Terceti','lucas.terceti@opencredit.com.br',NULL,'(31) 3219-2500',NULL,'Fernando Campos','fernando.campos@opencredit.com.br',NULL,'(31) 98636-5353',NULL,'Daniela Araujo','daniela.araujo@opencredit.com.br',NULL,'',NULL,'2024-08-27 14:23:24','2025-07-20 21:56:00',4,'ativo',NULL,NULL,4),(262,'CARTÓRIO ROCHA PASSOS','2º TABELIONATO DE NOTAS E PROTESTO, REGISTRO CIVIL DE PESSOAS NATURAIS E JURIDICAS E TITULOS E DOCUMENTOS (CARTÓRIO ROCHA PASSOS)','30.698.962/0001-27',14,NULL,'2024-08-27 14:23:24','Pedro Rocha','cartoriorochapassos@gmail.com',NULL,'(93) 99161-1739',NULL,'Pedro Rocha','cartoriorochapassos@gmail.com',NULL,'(93) 99161-1739',NULL,'Pedro Rocha','cartoriorochapassos@gmail.com',NULL,'(93) 99161-1739',NULL,'2024-08-27 14:23:24','2025-07-17 11:41:18',5,'inativo',NULL,NULL,4),(263,'NEDG – NÚCLEO DE ENDOSCOPIA DIGESTIVA E GASTROENTEROLOGIA LTDA','NEDG – NÚCLEO DE ENDOSCOPIA DIGESTIVA E GASTROENTEROLOGIA LTDA','00.089.988/0001-07',21,NULL,'2024-08-27 14:23:24','Wellington Freitas','wellingtondfv@gmail.com',NULL,'(31) 98822-4140',NULL,'Wellington Freitas','wellingtondfv@gmail.com',NULL,'(31) 98822-4140',NULL,NULL,'administracao@nedgmg.com.br',NULL,NULL,NULL,'2024-08-27 14:23:24','2025-07-20 21:56:00',12,'ativo',NULL,NULL,4),(264,'GLOBALCARE SERVIÇOS DE ASSISTENCIA DO BRASIL LTDA','GLOBALCARE SERVIÇOS DE ASSISTENCIA DO BRASIL LTDA (CENTRAL DOS BENEFÍCIOS)','27.426.901/0001-04',3,'','2024-09-26 00:55:21','Valmiria Vieira ','valmiria@centraldosbeneficios.com.br',NULL,'(31) 99895-9995','','Mateus Barros','mateusbarros@centraldosbeneficios.com.br',NULL,'(31) 3297-5353 ','','Aline Silva','alinesilva@centraldosbeneficios.com.br',NULL,'(31) 3517-5363','','2024-09-26 00:55:21','2025-07-20 21:55:59',1,'ativo',NULL,NULL,1),(265,'FUNDAÇÃO LIBERTAS ','FUNDAÇÃO LIBERTAS ','20.119.509/0001-65',10,'','2024-10-23 19:54:11','Ana Paula Horta','ana.horta@fundacaolibertas.com.br',NULL,'(31)2111-3620','','Edineia Chaves','edineia.chaves@fundacaolibertas.com.br',NULL,'(31)2111-3790','','','pagamentosadm@fundacaolibertas.com.br',NULL,'','','2024-10-23 19:54:11','2025-07-20 21:55:59',1,'ativo',NULL,NULL,1),(266,'TW ESTRUTURAÇÃO E DIRECIONAMENTO EIRELI (TW DIRECT/CREA)','TW ESTRUTURAÇÃO E DIRECIONAMENTO EIRELI (TW DIRECT/CREA)','11.994.567/0001-47',10,'','2024-10-28 00:04:59','Thiago Wilker','thiago.wilker@twed.com.br',NULL,'(31) 99208-5007','','Thiago Wilker','thiago.wilker@twed.com.br',NULL,'(31) 99208-5007','','thiago.wilker@twed.com.br','thiago.wilker@twed.com.br',NULL,'(31) 99208-5007','','2024-10-28 00:04:59','2025-07-20 21:55:59',14,'ativo',NULL,NULL,1),(267,'HUNTINGTON CENTRO DE MEDICINA REPRODUTIVO S.A','HUNTINGTON CENTRO DE MEDICINA REPRODUTIVO S.A','00.655.037/0001-58',4,'','2024-11-03 22:39:56','Kezia Oliveira','koliveira@huntington.com.br',NULL,'(11) 3059-6100','','Eduardo Brito','ebrito@huntington.com.br',NULL,'(11) 99699-5740','(11) 3059-6100',' Ana Paula Pereira','financeiro@huntington.com.br',NULL,' (11) 99907-1926','','2024-11-03 22:39:56','2025-07-11 08:27:07',12,'ativo',4,'pai',1),(268,'FUNDAÇÃO MOVIMENTO DIREITO E CIDADANIA (DOM HELDER)','FUNDAÇÃO MOVIMENTO DIREITO E CIDADANIA (DOM HELDER)','02.475.083/0002-81',4,'','2024-11-04 01:48:12','James Figueiredo','james.figueiredo@domhelder.edu.br',NULL,'(31) 98539-3073','','Ademar Martins Batista','ademar@domhelder.edu.br',NULL,'(31) 99163-9945','','José Ronaldo','compras@domhelder.edu.br',NULL,'(31) 2125-8805','','2024-11-04 01:48:12','2025-07-20 21:55:59',11,'ativo',NULL,NULL,1),(269,'COOPERATIVA DE CREDITO DE LIVRE ADMISSAO CENTRO BRASILEIRA LTDA','COOPERATIVA DE CREDITO DE LIVRE ADMISSAO CENTRO BRASILEIRA LTDA (SICOOB UNICENTRO )','37.395.399/0001-67',14,'','2024-11-04 01:54:19','Ana Paula','ana.saran@sicoob.com.br',NULL,'(62) 98545-8962','','Milton Amador','milton.amador@sicoob.com.br',NULL,'(62) 9 9131-4319','','Francisco Cavalcante','francisco.cavalcante@sicoob.com.br',NULL,'(62) 99674-9991','','2024-11-04 01:54:19','2025-07-20 21:55:59',4,'ativo',NULL,NULL,1),(283,'AGRA MOTORS COMERCIO DE VEICULOS LTDA','AGRA MOTORS COMERCIO DE VEICULOS LTDA','04.087.116/0001-60',3,'','2025-01-15 17:40:46','Henrique','henrique@agramotors.com.br',NULL,'(31)99984-3854','','Edinéia Silva ','edineia.silva@agramotors.com.br',NULL,'(31) 98605-7714','(31) 3388-5550','Edinéia Silva ','edineia.silva@agramotors.com.br',NULL,'(31) 98605-7714','(31) 3388-5550','2025-01-15 17:40:46','2025-07-20 21:55:59',1,'ativo',NULL,NULL,2),(284,'ART BH CLÍNICA DE REPRODUÇÃO HUMAMA S/A','ART BH CLÍNICA DE REPRODUÇÃO HUMAMA S/A','16.909.692/0001-25',21,'','2025-01-16 13:40:12','Wellington Freitas','wellingtondfv@gmail.com',NULL,'(31)98822-4140','','Wellington Freitas','wellingtondfv@gmail.com',NULL,'(31) 98822-4140','','','contasapagar@artbh.com.br',NULL,'','','2025-01-16 13:40:12','2025-07-20 21:56:00',12,'ativo',NULL,NULL,4),(285,'ASSOCIAÇÃO DAS EMPRESAS DO CARGO PARK','ASSOCIAÇÃO DAS EMPRESAS DO CARGO PARK','12.531.445/0001-87',4,'','2025-01-16 13:44:25','Vivian','vivian@pangea.com.br',NULL,'(21) 2529-8634','','Renoa','renoamichel@gmail.com',NULL,'(21) 2529-8634','','Ingrid','ingrid@gaiareal.com.br',NULL,'(21) 2529-8634','','2025-01-16 13:44:25','2025-07-20 21:56:01',1,'ativo',NULL,NULL,4),(286,'BRG SERVICE EIRELI - EPP','BRG SERVICE EIRELI - EPP','18.863.616/0001-51',8,'','2025-01-16 14:01:30','Felipe Xavier','ti@brgservice.com.br',NULL,'(31) 99636-6551','','Felipe Xavier','ti@brgservice.com.br',NULL,'31996366551','','Felipe Xavier','ti@brgservice.com.br',NULL,'(31) 99636-6551','','2025-01-16 14:01:30','2025-07-20 21:56:01',1,'ativo',NULL,NULL,4),(287,'CARNEIRO - SOCIEDADE DE ADVOGADOS','CARNEIRO - SOCIEDADE DE ADVOGADOS','28.662.320/0001-26',4,'','2025-01-16 14:07:43','Márcio Carneiro','marciocarneiro@revisaoauditoria.com.br',NULL,'(31) 3261-5508','','Wellerson Valadares','revisao@revisaoauditoria.com.br',NULL,'(31) 99171-0097','','','',NULL,'','','2025-01-16 14:07:43','2025-07-11 08:22:00',1,'ativo',3,'pai',4),(289,'CARTORIO SANTA MARIA DO PRIMEIRO OFICIO - PRIMEIRO OFICIO DE TABELIONATO DE NOTAS E REGISTRO DE IMOVEIS DO MUNICIPIO DE OBIDOS','CARTORIO SANTA MARIA DO PRIMEIRO OFICIO - PRIMEIRO OFICIO DE TABELIONATO DE NOTAS E REGISTRO DE IMOVEIS DO MUNICIPIO DE OBIDOS','10.279.836/0001-20',14,'','2025-01-16 14:16:35','Thainá de Aquino ','cartorio_santa_maria@yahoo.com.br',NULL,'(93) 99175-2558','','','',NULL,'','','Danton Soares','dantonluizb@gmail.com',NULL,'','','2025-01-16 14:16:35','2025-07-20 21:56:01',1,'ativo',NULL,NULL,4),(290,'COMPANHIA BRASILEIRA DE SERVICOS FUNERARIOS LTDA','COMPANHIA BRASILEIRA DE SERVICOS FUNERARIOS LTDA (GRUPO ZELO)','27.630.446/0001-56',8,'','2025-01-16 14:19:18','Helton Magella','helton.magella@grupozelo.com',NULL,'(31) 98277-1537','(31) 3519-3388','Helton Magella','helton.magella@grupozelo.com',NULL,'(31) 98277-1537','(31) 3519-3388','Rafael','rafael.ferreira@grupozelo.com',NULL,'(31) 99367-8775','','2025-01-16 14:19:18','2025-07-20 21:55:59',1,'ativo',NULL,NULL,1),(291,'CONDUPASQUA CONDUTORES ELETRICOS LTDA','CONDUPASQUA CONDUTORES ELETRICOS LTDA','03.986.887/0001-27',3,'','2025-01-16 14:23:26','Renato Pasqua ','paulo@condupasqua.com.br',NULL,'(35) 3559-2800','','Gabriel Moreira','gabrielms@condupasqua.com.br',NULL,'(35) 98822 8157','','Alessandra Silva Reis  Bueno','financeiro@condupasqua.com.br',NULL,'(35) 3559-2800','','2025-01-16 14:23:26','2025-07-20 21:56:00',1,'ativo',NULL,NULL,4),(292,'ALL INDUSTRIA DE LUBRIFICANTES LTDA','ALL INDUSTRIA DE LUBRIFICANTES LTDA (All Lubrificantes)','07.371.304/0001-04',4,'','2025-01-16 14:47:22','Wanderson Augusto','compras@alllubrificantes.com.br',NULL,'(35) 3652-0877','','Leandro Mordenti','l_mordenti@hotmail.com',NULL,'(35) 98821-0881','','','nfe@alllubrificantes.com.br',NULL,'','','2025-01-16 14:47:22','2025-07-20 21:56:00',1,'ativo',NULL,NULL,4),(300,'COOPAX LTDA','COOPAX LTDA','40.512.841/0001-00',14,'','2025-01-16 17:19:15','Fabiana','fabiana@prosperamarketing.com.br',NULL,'(31) 99155-9184','','','',NULL,'','','Stella','stellamneri@gmail.com',NULL,'(31) 98304-4364','','2025-01-16 17:19:15','2025-07-20 21:56:00',1,'ativo',NULL,NULL,4),(301,'CRISTAIS PARQUES CONSULTORIA EMPRESARIAL LTDA','CRISTAIS PARQUES CONSULTORIA EMPRESARIAL LTDA','08.632.102/0001-31',21,'','2025-01-17 11:53:21','Marco Túlio Ferreira dos Santos','marco.tulio@tecracing.com.br',NULL,'(31) 98751-3929','','Delma Alves','delma.keli@tecracing.com.br',NULL,'','','Paula Vanessa Lima de Souza','paula.vanessa@tecracing.com.br',NULL,'(38) 3502-2423 ','','2025-01-17 11:53:21','2025-07-20 21:56:00',6,'ativo',NULL,NULL,4),(302,'DOM ATACAREJO S.A','DOM ATACAREJO S.A (DOM ATACADISTA)','31.698.759/0003-85',4,'','2025-01-17 13:52:18','Helton Gonçalves','helton@martminas.com.br',NULL,'(31) 99802-0285','','Paula Silva','paula.silva@domatacadista.net',NULL,'(31) 99720-2164','','Robson','robson@martminas.com.br',NULL,'','','2025-01-17 13:52:18','2025-07-14 14:34:20',3,'ativo',6,'filha',4),(304,'ECCIL ENGENHARIA E CONSULTORIA LTDA','ECCIL ENGENHARIA E CONSULTORIA LTDA','16.610.412/0001-83',21,'','2025-01-17 17:38:13','Aparecida Pelegrine','cida@eccil.com.br',NULL,'(31) 3309-9200','','Mario Lucio Pereira','mario@eccil.com.br',NULL,'(31) 3309-9200','(31)3309-9200','Mario Lucio Pereira','mario@eccil.com.br',NULL,'(31) 3309-9200','(31)3309-9200','2025-01-17 17:38:13','2025-07-20 21:56:01',1,'ativo',NULL,NULL,4),(305,'EXPANDEX INDUSTRIA E COMERCIO LTDA','EXPANDEX INDUSTRIA E COMERCIO LTDA','05.530.012/0001-41',21,'','2025-01-20 12:40:18','Patrícia ','patricia@expandex.com.br',NULL,'(31)98402-2491','','Jose Cruz','expandex@expandex.com.br',NULL,'(31)98402-2209','','Jose Cruz','expandex@expandex.com.br',NULL,'(31) 98402-2209','','2025-01-20 12:40:18','2025-07-20 21:56:00',3,'ativo',NULL,NULL,4),(306,'FACULDADE DE ADMINISTRAÇÃO, CIENCIAS E EDUCAÇÃO - FAMART','FACULDADE DE ADMINISTRAÇÃO, CIENCIAS E EDUCAÇÃO - FACULDADE FAMART','19.412.507/0001-80',21,'','2025-01-20 13:10:03','Paulo Junior','paulo.junior@faculdadefamart.edu.br',NULL,'(31)99731-3187','','Victor Souza','victor.souza@faculdadefamart.edu.br',NULL,'(31) 99746-5295','','Stephanie Cunha','stephanie.cunha@faculdadefamart.edu.br',NULL,'','','2025-01-20 13:10:03','2025-07-20 21:56:00',11,'ativo',NULL,NULL,4),(307,'FCK PREMOLDADOS LTDA','FCK PREMOLDADOS LTDA','29.315.419/0001-14',21,'','2025-01-20 13:17:50','Karina Pessoa','karina.pessoa@fck.ind.br',NULL,'(31)97158-3575','','Elias Pacífico','elias.pacifico@fck.ind.br',NULL,'(31)97139-5310','','Karina Pessoa','karina.pessoa@fck.ind.br',NULL,'(31)97158-3575','','2025-01-20 13:17:50','2025-07-20 21:56:00',9,'ativo',NULL,NULL,4),(308,'FERRO MAIS MINERAÇAO (J MENDES)','FERRO MAIS MINERAÇAO (J MENDES)','21.256.870/0001-04',8,'','2025-01-20 13:39:29','Samuel Meneses','samuel.meneses@jmendes.com.br',NULL,'(37)3249-9000','','Douglas Olímpio','douglas.olimpio@jmendes.com.br',NULL,'(37)3249-9000','','','',NULL,'','','2025-01-20 13:39:29','2025-07-20 21:55:59',1,'ativo',NULL,NULL,1),(309,'G3 AUTOMOTIVE VEICULOS LTDA','G3 AUTOMOTIVE VEICULOS LTDA','08.647.367/0001-03',3,'','2025-01-20 14:34:43','Jonatas','jonatas.ti@grupoautomotive.com.br',NULL,'(22) 99755-1979','','Augusto Pires','pires.augusto@g3cp.com.br',NULL,'','','','compras@grupoautomotive.com.br',NULL,'','','2025-01-20 14:34:43','2025-07-20 21:55:59',1,'ativo',NULL,NULL,3),(311,'GOULART COLEPICOLO ADVOGADOS','GOULART COLEPICOLO ADVOGADOS','03.688.091/0001-98',3,'','2025-01-20 15:16:45','Alexandre Fernandes Santos','suporte@gclaw.com.br',NULL,'(31) 3029-4878','','','',NULL,'','','Cirlene Alves de Oliveira Costa ','cirlene.costa@gclaw.com.br',NULL,'(31) 3029-4878','','2025-01-20 15:16:45','2025-07-20 21:56:00',1,'ativo',NULL,NULL,4),(312,'IGL - IMPORTACAO E COMERCIO DE MATERIAIS DE CONSTRUCAO LTDA (CASA VIVEZA)','IGL - IMPORTACAO E COMERCIO DE MATERIAIS DE CONSTRUCAO LTDA (CASA VIVEZA)','20.450.277/0001-23',4,'','2025-01-20 19:59:37','Jonas Pereira','jonas.pereira@casaviveza.com.br',NULL,'(31)99121-3611','','Guilherme Eloi','guilherme.eloi@casaviveza.com.br',NULL,'(37) 99118-1953','','Jonas Pereira','jonas.pereira@casaviveza.com.br',NULL,'(31)99121-3611','','2025-01-20 19:59:37','2025-07-10 12:18:26',9,'inativo',NULL,NULL,NULL),(313,'INNOVO TECNOLOGIA LTDA','INNOVO TECNOLOGIA LTDA','14.590.188/0001-80',4,'','2025-01-21 11:39:47','Rubens Nascimento','roberta.nunes@innovotec.com.br',NULL,'(11)98593-7265','','','',NULL,'','','Eduardo Pedroso','eduardo.pedroso@innovotec.com.br',NULL,'','','2025-01-21 11:39:47','2025-07-20 21:55:59',1,'ativo',NULL,NULL,1),(314,'INSTITUTO DE TECNOLOGIA E DESENVOLVIMENTO DE MINAS GERAIS LTDA','INSTITUTO DE TECNOLOGIA E DESENVOLVIMENTO DE MINAS GERAIS LTDA (H&P CONSULTORES)','73.401.143/0001-89',4,'','2025-01-21 12:15:03','Charley Souza','charley.souza@hpconsultores.com.br',NULL,'(31) 98221-7766','','Thiago Martins','thiago.martins@hpconsultores.com.br',NULL,'(31) 97216-3019','','','administrativo@hpconsultores.com.br',NULL,'(31) 3292-2855','','2025-01-21 12:15:03','2025-07-20 21:55:59',1,'ativo',NULL,NULL,2),(315,'JULIANA MENDONÇA ALVARENGA','JULIANA MENDONÇA ALVARENGA (CARTORIO DURVAL)','916.836.886-00',21,'','2025-01-21 15:14:34','Juliana','jualvarenga79@gmail.com',NULL,'(31) 3598-1338','','Fábio','fabioptaru@gmail.com',NULL,'(33) 3233-1230','','','contato@cartoriodurval.com.br',NULL,'','','2025-01-21 15:14:34','2025-07-20 21:56:00',5,'ativo',NULL,NULL,4),(316,'KITEI RECUPERACAO DE CREDITOS E GESTAO DE NEGOCIOS DIGITAIS LTDA','KITEI RECUPERACAO DE CREDITOS E GESTAO DE NEGOCIOS DIGITAIS LTDA','26.674.304/0001-28',10,'','2025-01-21 17:41:12','Leonardo Leal','comercial@kitei.com.br',NULL,'(31)99813-5565','','Ramon','ti@kitei.com.br',NULL,'','','','financeiro@kitei.com.br',NULL,'','','2025-01-21 17:41:12','2025-07-20 21:55:59',1,'ativo',NULL,NULL,2),(317,'LS INTERBANK COBRANÇAS LTDA','LS INTERBANK COBRANÇAS LTDA','32.323.975/0001-47',21,'','2025-01-22 14:04:02','Henrique','informatica@lsinterbank.com.br',NULL,'(31)99506-1553','','Richard Richelly','richard@lsinterbank.com.br',NULL,'','','Isabel Cristina','isabel@lsinterbank.com.br',NULL,'(31)2108-9800','','2025-01-22 14:04:02','2025-07-20 21:56:00',4,'ativo',NULL,NULL,4),(318,'MARKET BLITZ TECNOLOGIA LTDA','MARKET BLITZ TECNOLOGIA LTDA','49.344.087/0001-03',4,'','2025-01-22 16:19:17','Ivan','ivan@labbing.com.br',NULL,'(31) 99894-4837','','Ivan','ivan@labbing.com.br',NULL,'(31) 99894-4837','','','financeiro@labbing.com.br',NULL,'','','2025-01-22 16:19:17','2025-07-20 21:56:00',1,'ativo',NULL,NULL,4),(319,'MUNICÍPIO DE ITABIRITO (PREFEITURA MUNICIPAL DE ITABIRITO)','MUNICÍPIO DE ITABIRITO (PREFEITURA MUNICIPAL DE ITABIRITO)','18.307.835/0001-54',8,'','2025-01-23 14:51:22','Daniel Macedo','daniel.macedo@pmi.mg.gov.br',NULL,'(31) 9755-41118','','Ricardo Dias','ricardo.dias@pmi.mg.gov.br',NULL,'(31) 97511-1520','','Luana Asiz','luana.asiz@pmi.mg.gov.br',NULL,'(31) 3561-4065','','2025-01-23 14:51:22','2025-07-20 21:55:59',1,'ativo',NULL,NULL,1),(320,'NUCLEO DE OFTALMOLOGIA ESPECIALIZADA LTDA','NUCLEO DE OFTALMOLOGIA ESPECIALIZADA LTDA','65.145.377/0001-84',21,'','2025-01-24 13:03:16','Elanilze','elanilze@gmail.com',NULL,'(31) 3057-9300','','Elanilze','elanilze@gmail.com',NULL,'(31) 3057-9300','','','financeiro@nucleomg.com.br',NULL,'(31) 3057-9300','','2025-01-24 13:03:16','2025-07-20 21:56:00',12,'ativo',NULL,NULL,4),(321,'NUCLEO RADIOLOGICO BRASIL LTDA (RADIO IMAGEM)','NUCLEO RADIOLOGICO BRASIL LTDA (RADIO IMAGEM)','00.407.511/0001-22',3,'','2025-01-24 13:14:44','Leonardo','leonardo.faria@hotmail.com',NULL,'não tem telefone','','Leonardo','leonardo.faria@hotmail.com',NULL,'','','','radioimagemidoc@gmail.com',NULL,'','','2025-01-24 13:14:44','2025-07-20 21:55:59',12,'ativo',NULL,NULL,2),(322,'OITAVA IGREJA PRESBITERIANA DE BELO HORIZONTE','OITAVA IGREJA PRESBITERIANA DE BELO HORIZONTE','21.854.112/0001-80',4,'','2025-01-24 13:41:34','Márcio Pedrosa','marcio.pedrosa@oitavaigreja.org.br',NULL,'(31) 98468-4326','','Márcio Pedrosa','ti@oitavaigreja.org.br',NULL,'(31) 99327-5769','','','tesouraria@oitavaigreja.org.br',NULL,'','','2025-01-24 13:41:34','2025-07-20 21:55:59',1,'ativo',NULL,NULL,3),(323,'RB ENERGIA E SERVIÇOS LTDA (DETRONIC)','RB ENERGIA E SERVIÇOS LTDA  (DETRONIC)','33.560.080/0001-99',4,'','2025-01-24 17:31:09','Fernando Damasceno','fernandodamasceno@detronicenergia.com.br',NULL,'(31) 99438-4291','','Ricardo Gouveia','ricardogouveia@detronicenergia.com.br',NULL,'(31) 99302-1122','','Fernando Damasceno','fernandodamasceno@detronicenergia.com.br',NULL,'(31) 99438-4291','','2025-01-24 17:31:09','2025-07-10 12:18:26',1,'inativo',NULL,NULL,NULL),(324,'REAL MED CONTABILIDADE PARA AREA DA SAUDE LTDA','REAL MED CONTABILIDADE PARA AREA DA SAUDE LTDA (REAL BRASIL CONTABILIDADE MEDICA)','36.615.420/0001-20',3,'','2025-01-24 18:11:11','Rodrigo Alencar','realmed@realmedbrasil.com.br',NULL,'(31) 99802-2730','','Andreia','andreia@lucrorealbrasil.com.br',NULL,'(31)98759-6567','','Andreia','andreia@lucrorealbrasil.com.br',NULL,'(31)98759-6567','','2025-01-24 18:11:11','2025-07-20 21:56:01',1,'ativo',NULL,NULL,4),(325,'ACESSO PUBLICIDADE E MARKETING LTDA','ACESSO PUBLICIDADE E MARKETING LTDA','18.553.13/00001-17',8,'','2025-01-24 18:33:59','Vanderson Vieira','vanderson@acessopublicidade.com.br',NULL,'(31) 99880-3676','','','',NULL,'','','','',NULL,'','','2025-01-24 18:33:59','2025-07-20 21:56:00',15,'ativo',NULL,NULL,4),(326,'REVISAO AUDITORIA E CONSULTORIA EMPRESARIAL LTDA','REVISAO AUDITORIA E CONSULTORIA EMPRESARIAL LTDA','22.643.746/0001-56',4,'','2025-01-24 19:04:39','Alvaro','suporte@revisaoauditoria.com.br',NULL,'(31) 98726-0915','','Alvaro','suporte@revisaoauditoria.com.br',NULL,'(31) 98726-0915','','Wellerson Cruz','revisao@revisaoauditoria.com.br',NULL,'(31) 99171-0097','','2025-01-24 19:04:39','2025-07-11 08:22:42',5,'ativo',3,'filha',3),(327,'COOPERATIVA DE ECONOMIA E CREDITO MUTUO DOS MEDICOS E PROFISSIONAIS DA AREA DA SAUDE (SICOOB CREDICOM)','COOPERATIVA DE ECONOMIA E CREDITO MUTUO DOS MEDICOS E PROFISSIONAIS DA AREA DA SAUDE (SICOOB CREDICOM)','42.898.825/0027-54',4,'','2025-01-27 12:23:37','Rafael Ribeiro','rafael.ribeiro@sicoob.com.br',NULL,'0800 940 1590','','Clovis Medeiros','clovis.medeiros@sicoob.com.br',NULL,'(31) 98605-5020','','','fiscal@credicom.com.br',NULL,'0800 940 1590','','2025-01-27 12:23:37','2025-07-10 12:18:26',1,'inativo',NULL,NULL,NULL),(328,'LATICÍNIOS ITA INDUSTRIA E COMÉRCIO DE ALIMENTOS LTDA','LATICÍNIOS ITA INDUSTRIA E COMÉRCIO DE ALIMENTOS LTDA (ITA ALIMENTOS)','38.532.573/0001-75',3,'','2025-01-27 13:28:43','Rafael Lanza','rafael.lanza@itaalimentos.com.br',NULL,'(31) 98465-8790','','Luiz Miranda','luiz.miranda@itaalimentos.com.br',NULL,'(31) 98465-8790','','Luiz Miranda','luiz.miranda@itaalimentos.com.br',NULL,'(31) 98465-8790','','2025-01-27 13:28:43','2025-07-20 21:55:59',1,'ativo',NULL,NULL,3),(329,'TECNOTECH SISTEMAS LTDA','TECNOTECH SISTEMAS LTDA','10.805.235/0001-04',14,'','2025-01-27 14:08:42','Wanderson','wanderson@tecnotech.org',NULL,'(84) 99924-5901','','Wanderson','wanderson@tecnotech.org',NULL,'(84) 99924-5901','','Wanderson','wanderson@tecnotech.org',NULL,'(84) 99924-5901','','2025-01-27 14:08:42','2025-07-20 21:56:00',1,'ativo',NULL,NULL,4),(331,'UNIMED PONTE NOVA COOPERATIVA DE TRABALHO MÉDICO LTDA','UNIMED PONTE NOVA COOPERATIVA DE TRABALHO MÉDICO LTDA','01.012.474/0001-16',21,'','2025-01-27 17:52:56','Fernando Vilela','suporteti@unimedpontenova.com.br',NULL,'(31) 98435-8777','','Fernando Vilela','suporteti@unimedpontenova.com.br',NULL,'(31) 98435-8777','','Emanuelle Viana','financeiro@unimedpontenova.com.br',NULL,'(31) 3819-8550/ 8551','','2025-01-27 17:52:56','2025-07-20 21:56:00',12,'ativo',NULL,NULL,4),(332,'UNIMED VIÇOSA COOPERATIVA DE TRABALHO MEDICO','UNIMED VIÇOSA COOPERATIVA DE TRABALHO MEDICO','66.343.534/0001-29',3,'','2025-01-27 18:22:25','William Campos','tiusm@unimedvicosa.com.br',NULL,'(31) 3891-4750','','William Campos','william.campos@unimedvicosa.com.br',NULL,'(31) 3891-4750','','Vanessa Aparecida da Paixão ','vanessa.paixao@unimedvicosa.com.br',NULL,'(31)3891-4750','','2025-01-27 18:22:25','2025-07-20 21:56:00',1,'ativo',NULL,NULL,4),(333,'WALM BH ENGENHARIA LTDA','WALM BH ENGENHARIA LTDA','26.628.457/0001-39',4,'','2025-01-27 18:59:37','Sílvia','silvia@wadequipamentos.com.br',NULL,'(31) 3439-3439','','Lucas Araújo','lucas.araujo@walmengenharia.com.br',NULL,'(31) 99105-7205','','','',NULL,'','','2025-01-27 18:59:37','2025-07-20 21:56:00',1,'ativo',NULL,NULL,4),(334,'ALFA INDUSTRIAL COMERCIO E SERVIÇOS DE FERRAMENTAS LTDA','ALFA INDUSTRIAL COMERCIO E SERVIÇOS DE FERRAMENTAS LTDA','24.660.893/0001-60',4,'','2025-01-29 11:58:44','Leandro Almeida','leandro@alfaindustrialmg.com.br',NULL,'(31) 98116-6006','','Juliana Rodrigues','juliana.rodrigues@alfaindustrialmg.com.br',NULL,'(31) 99601-2302','','Stefany','financeiro@alfaindustrialmg.com.br',NULL,'(31) 98229-9245','','2025-01-29 11:58:44','2025-07-10 12:18:26',1,'inativo',NULL,NULL,NULL),(335,'CENTRO DE FERTILIZAÇÃO IN VITRO E SERVICOS MEDICOS DE BRASILIA LTDA','CENTRO DE FERTILIZAÇÃO IN VITRO E SERVICOS MEDICOS DE BRASILIA LTDA (HUNTINGTON BRASILIA)','38.199.245/0001-62',4,'','2025-01-30 11:41:05','Fernando Zot','fzot@huntington.com.br','2021-10-17','(11) 99907-1926','(11) 3059-6122','Eduardo Brito','ebrito@huntington.com.br',NULL,'(11) 99699-5740','(11) 3059-6100','Ana Paula Pereira','financeiro@huntington.com.br',NULL,' (11) 99907-1926','','2025-01-30 11:41:05','2025-07-11 08:27:39',12,'ativo',4,'filha',2),(336,'CENTRO DE REPRODUÇÃO HUMANA, ENDOSCOPIA E MEDICINA FETAL DA BAHIA LTDA ( HUNTINGTON BAHIA)','CENTRO DE REPRODUÇÃO HUMANA, ENDOSCOPIA E MEDICINA FETAL DA BAHIA LTDA ( HUNTINGTON BAHIA)','04.815.469/0001-30',4,'','2025-01-30 14:08:10','Maíra Andrade','maira@cenafert.com.br',NULL,'(71) 3245-4009','','Eduardo Brito','ebrito@huntington.com.br',NULL,'(11) 99699-5740','','','compras@huntington.com.br',NULL,'','','2025-01-30 14:08:10','2025-07-11 08:28:04',12,'ativo',4,'filha',2),(337,'cliente teste','cliente teste','21.447.981/0001-90',2,'','2025-02-04 15:08:04','gestor teste','gestorteste@teste.com',NULL,'31996402679','','','',NULL,'','','','',NULL,'','','2025-02-04 15:08:04','2025-07-10 12:18:26',1,'inativo',NULL,NULL,NULL),(338,'GERAES TEC TECNOLOGIA, ENGENHARIA E CERTIFICACAO LTDA','GERAES TEC TECNOLOGIA, ENGENHARIA E CERTIFICACAO LTDA (GERAES TEC)','53.674.423/0001-53',3,'','2025-02-06 14:45:42','Leonardo Machado de Azevedo Vilela','leonardo.vilela@geraes.tec.br',NULL,'(31) 99936-9353','',' Andre Cunha Ner','ti@geraes.tec.br',NULL,'(31) 99931-4758','(31) 3533-6410','Patrícia Felix Ribeiro','financeiro@geraes.tec.br',NULL,'','','2025-02-06 14:45:42','2025-07-20 21:56:01',1,'ativo',NULL,NULL,4),(340,'MARCELO DE REZENDE CAMPOS MARIHO COUTO','MARCELO DE REZENDE CAMPOS MARIHO COUTO (CARTORIO DE REGISTRO DE IMOVEIS DE TARUMIRIM)','09.391.065/0001-80',21,'','2025-02-13 15:25:18','Fábio de Souza Pereira','fabioptaru@gmail.com',NULL,'(31) 98633-8250','(33) 3233-1230','Fábio de Souza Pereira','fabioptaru@gmail.com',NULL,'(31) 98633-8250','(33) 3233-1230','Fábio de Souza Pereira','fabioptaru@gmail.com',NULL,'(31) 98633-8250','(33) 3233-1230','2025-02-13 15:25:18','2025-07-20 21:56:00',1,'ativo',NULL,NULL,4),(341,' NEDG – NÚCLEO DE ENDOSCOPIA DIGESTIVA E GASTROENTEROLOGIA LTDA',' NEDG – NÚCLEO DE ENDOSCOPIA DIGESTIVA E GASTROENTEROLOGIA LTDA','761.701.526-72',3,'','2025-02-17 18:50:36','Wellington Freitas','wellingtondfv@gmail.com',NULL,'(31) 98822-4140','','Wellington Freitas','wellingtondfv@gmail.com',NULL,'(31) 98822-4140','','','administracao@nedgmg.com.br',NULL,'','','2025-02-17 18:50:36','2025-07-10 12:18:26',1,'inativo',NULL,NULL,NULL),(343,'INDUSTRIA E COMERCIO DE CARNES E DERIVADOS BOI BRASIL LTDA (FILIAL 1)','BOI BRASIL (FILIAL 1)','04.603.630/0003-73',3,'','2025-02-18 13:10:21','Angelo Dias','suporte@boibrasil.ind.br',NULL,'(31) 97166-4512','(31) 2103-0868','Vagner Barcelos','ti.bh@boibrasil.ind.br',NULL,'(31) 99872-5230','(31) 2103-0853','Graziele Lemos','contabilidade@boibrasil.ind.br',NULL,'(31) 2103-0853','','2025-02-18 13:10:21','2025-07-14 15:06:09',1,'ativo',15,'filha',4),(344,'INDUSTRIA E COMERCIO DE CARNES E DERIVADOS BOI BRASIL LTDA  (FILIAL 2)','BOI BRASIL (FILIAL 2)','04.603.630/0008-88',3,'','2025-02-18 13:13:13','Angelo Dias','suporte@boibrasil.ind.br',NULL,'(31) 97166-4512','(31) 2103-0868','Vagner Barcelos','ti.bh@boibrasil.ind.br',NULL,'(31) 99872-5230','(31) 2103-0853','Graziele Lemos','contabilidade@boibrasil.ind.br',NULL,'(31) 2103-0853','','2025-02-18 13:13:13','2025-07-14 15:07:53',1,'ativo',15,'filha',4),(345,'PATOS ATACADISTA','PATOS ATACADISTA','09.633.326/0001-20',21,'','2025-02-19 18:08:50','Henaldo Moraes','informatica@patosdeminas.mg.gov.br',NULL,'(34) 3823-1227','','Henaldo Moraes','informatica@patosdeminas.mg.gov.br',NULL,'(34) 3823-1227','','Valdirene Gicélia','valgicelia@hotmail.com',NULL,'','','2025-02-19 18:08:50','2025-07-20 21:56:01',10,'ativo',NULL,NULL,4),(347,'HOTEL FAZENDA RETIRO DAS ROSAS','HOTEL FAZENDA RETIRO DAS ROSAS','17.218.504/0003-47',4,'','2025-02-20 15:04:53','Paulo Toshio Nagoya','tecnologia@portalimm.com.br',NULL,'(31) 2513-9387','','Paulo Toshio Nagoya','tecnologia@portalimm.com.br',NULL,'(31) 2513-9387','','','administracao@retirodasrosas.com.br',NULL,'','','2025-02-20 15:04:53','2025-07-17 10:16:44',13,'ativo',12,'filha',4),(349,'SUPERMERCADO TIO ANTONIO LTDA (FILIAL 1)','SUPERMERCADO TIO ANTONIO LTDA (FILIAL 1)','16.693.613/0003-53',6,'','2025-02-24 13:25:06','Douglas Motta','gerencia@supermercadotioantonio.com.br',NULL,'(31) 3833-1181','','Ezequiel Vieira','ezequiellv@hotmail.com',NULL,'(31) 99710-0103','','','fiscal@supermercadotioantonio.com.br',NULL,'','','2025-02-24 13:25:06','2025-07-14 14:47:20',3,'ativo',10,'filha',4),(350,'SUPERMERCADO TIO ANTONIO LTDA (FILIAL 2)','SUPERMERCADO TIO ANTONIO LTDA (FILIAL 2)','16.693.613/0002-72',6,'','2025-02-24 13:33:17','Douglas Motta','gerencia@supermercadotioantonio.com.br',NULL,'(31) 3833-1181','','Ezequiel Vieira','ezequiellv@hotmail.com',NULL,'(31) 99710-0103','','','fiscal@supermercadotioantonio.com.br',NULL,'','','2025-02-24 13:33:17','2025-07-14 14:48:05',3,'ativo',10,'filha',4),(351,'TAUÁ  GRANDE HOTEL DE ARAXA E TERMAS LTDA','TAUÁ  GRANDE HOTEL DE ARAXA E TERMAS LTDA','11.677.228/0001-37',8,'','2025-02-24 14:11:59','Jean Paul de Faria Machado','jeanjp@taua.com.br',NULL,'(31)99103-0996','','Marcio Gonçalves ','marcio.goncalves@taua.com.br',NULL,'(11) 94598-5395','','Jean Paul de Faria Machado','jeanjp@taua.com.br',NULL,'(31)99103-0996','','2025-02-24 14:11:59','2025-07-10 15:39:53',13,'ativo',1,'pai',2),(352,'TAUÁ RESORT CAETE LTDA','TAUÁ RESORT CAETE LTDA','22.488.316/0001-07',8,'','2025-02-24 14:14:15','Jean Paul de Faria Machado','jeanjp@taua.com.br',NULL,'(31)99103-0996','','Marcio Gonçalves ','marcio.goncalves@taua.com.br',NULL,'(11) 94598-5395','','Jean Paul de Faria Machado','jeanjp@taua.com.br',NULL,'(31)99103-0996','','2025-02-24 14:14:15','2025-07-10 15:40:47',13,'ativo',1,'filha',1),(353,'TAUÁ HOTEL CONVENTION  ALEXÂNIA LTDA','TAUÁ HOTEL CONVENTION  ALEXÂNIA LTDA','25.135.981/0001-05',8,'','2025-02-24 14:15:42','Jean Paul de Faria Machado','jeanjp@taua.com.br',NULL,'(31)99103-0996','','Marcio Gonçalves ','marcio.goncalves@taua.com.br',NULL,'(11) 94598-5395','','Jean Paul de Faria Machado','jeanjp@taua.com.br',NULL,'(31)99103-0996','','2025-02-24 14:15:42','2025-07-10 15:42:06',13,'ativo',1,'filha',1),(354,'ALEGRO HOTEL BY TAUÁ  LTDA','ALEGRO HOTEL BY TAUÁ  LTDA','27.822.343/0001-98',8,'','2025-02-24 14:16:22','Jean Paul de Faria Machado','jeanjp@taua.com.br',NULL,'(31)99103-0996','','Marcio Gonçalves ','marcio.goncalves@taua.com.br',NULL,'(11) 94598-5395','','Jean Paul de Faria Machado','jeanjp@taua.com.br',NULL,'(31)99103-0996','','2025-02-24 14:16:22','2025-07-10 15:36:06',13,'ativo',1,'filha',2),(355,'TAUÁ HOTEL CONVENTION ATIBAIA','TAUÁ HOTEL CONVENTION ATIBAIA','13.415.304/0001-61',8,'','2025-02-24 14:18:47','Jean Paul de Faria Machado','jeanjp@taua.com.br',NULL,'(31)99103-0996','','Marcio Gonçalves ','marcio.goncalves@taua.com.br',NULL,'(11) 94598-5395','','Jean Paul de Faria Machado','jeanjp@taua.com.br',NULL,'(31)99103-0996','','2025-02-24 14:18:47','2025-07-10 15:59:07',13,'ativo',1,'filha',1),(356,'TRANSPORTES PESADOS MINAS S/A (TRANSPES)','TRANSPORTES PESADOS MINAS S/A (TRANSPES)','17.215.039/0001-29',10,'','2025-02-27 18:37:19','Gessica Silva','gessica.silva@transpes.com.br',NULL,'(31) 4009-0200','','','ti.infraestrutura@transpes.com.br',NULL,'(31) 4009-0200','','Diego Antunes','diego.alves@transpes.com.br',NULL,'(31) 4009-0200','','2025-02-27 18:37:19','2025-07-20 21:55:59',2,'ativo',NULL,NULL,1),(357,'USIBRITA LTDA','USIBRITA LTDA (GRUPO ICAL)','18.820.688/0001-11',4,'','2025-03-05 16:11:41','Marcos Paulo  Diniz ','marcosdiniz@ical.com.br',NULL,'(31) 99126-2167','','Rodrigo Costa','rodrigocosta@ical.com.br',NULL,'(31) 99352-0990','','','',NULL,'','','2025-03-05 16:11:41','2025-07-14 14:42:11',1,'ativo',7,'filha',4),(358,'VULCAFLEX SERVICOS TECNICOS EIRELI','VULCAFLEX SERVICOS TECNICOS EIRELI (CÓDIGA - FILIAL)','38.619.045/0001-11',14,'','2025-03-05 19:49:11','Luíz Guilherme','guilherme@codiga.com.br',NULL,'(31) 3357-1820','','Diego Silva','diego.silva@vulcaflex.com.br',NULL,'(34) 3233-5259','','Diego Silva','diego.silva@vulcaflex.com.br',NULL,'(34) 3233-5259','','2025-03-05 19:49:11','2025-07-20 21:56:00',1,'ativo',NULL,NULL,4),(359,'ICAL INDUSTRIA DE CALCINAÇÃO LTDA','ICAL INDUSTRIA DE CALCINAÇÃO LTDA (MATRIZ)','17.157.264/0001-56',4,'','2025-03-06 12:09:16','Marcos Paulo  Diniz','marcosdiniz@ical.com.br',NULL,'(31) 99126-2167','','Rodrigo Costa','rodrigocosta@ical.com.br',NULL,'(31) 99352-0990','','','',NULL,'','','2025-03-06 12:09:16','2025-07-14 14:38:20',1,'ativo',7,'pai',2),(360,'EIMCAL - EMPRESA INDUSTRIAL MINERAÇÃO CALCARIA LTDA','EIMCAL - EMPRESA INDUSTRIAL MINERAÇÃO CALCARIA LTDA','17.335.274/0002-15',4,'','2025-03-06 12:10:53','Marcos Paulo  Diniz','marcosdiniz@ical.com.br',NULL,'(31) 99126-2167','','Rodrigo Costa','rodrigocosta@ical.com.br',NULL,'(31) 99352-0990','','','',NULL,'','','2025-03-06 12:10:53','2025-07-14 14:42:34',1,'ativo',7,'filha',4),(361,'FABRICAL FABRICA DE CAL LTDA','FABRICAL FABRICA DE CAL LTDA','21.443.607/0001-16',4,'','2025-03-06 12:14:21','Marcos Paulo  Diniz','marcosdiniz@ical.com.br',NULL,'(31) 99126-2167','','Rodrigo Costa','rodrigocosta@ical.com.br',NULL,'(31) 99352-0990','','','',NULL,'','','2025-03-06 12:14:21','2025-07-14 14:43:09',1,'ativo',7,'filha',4),(362,'M.C. EMPREENDIMENTOS E PARTICIPACOES LTDA','M.C. EMPREENDIMENTOS E PARTICIPACOES LTDA','13.746.089/0001-81',21,'','2025-03-06 12:27:35','Bruno Diniz Faria Moreira','brunodiniz@martminas.com.br',NULL,'não tem telefone cadastrado','','Helton Lima','helton@martminas.com.br',NULL,'(31) 99802-0285','','','',NULL,'','','2025-03-06 12:27:35','2025-07-20 21:56:00',1,'ativo',NULL,NULL,4),(363,'MINERAÇÃO MONTREAL LTDA','MINERAÇÃO MONTREAL LTDA','70.967.971/0001-90',21,'','2025-03-06 12:36:46','Marcos Paulo  Diniz','marcosdiniz@ical.com.br',NULL,'(31) 99126-2167','','Rodrigo Costa','rodrigocosta@ical.com.br',NULL,'(31) 99352-0990','','','',NULL,'','','2025-03-06 12:36:46','2025-07-14 14:41:42',1,'ativo',7,'filha',4),(364,' ITABIRITO','ITABIRITO','18307835000154',18,'','2025-03-06 12:52:31','Daniel Macedo','daniel.macedo@pmi.mg.gov.br',NULL,'(31) 9755-41118','','','',NULL,'','','','',NULL,'','','2025-03-06 12:52:31','2025-07-10 12:18:26',1,'inativo',NULL,NULL,NULL),(365,'PYLA PEDREIRA YOLITA LTDA','PYLA PEDREIRA YOLITA LTDA','06.963.557/0001-04',4,'','2025-03-06 12:54:23','Marcos Paulo  Diniz','marcosdiniz@ical.com.br',NULL,'(31) 99126-2167','','Rodrigo Costa','rodrigocosta@ical.com.br',NULL,'(31) 99352-0990','','','',NULL,'','','2025-03-06 12:54:23','2025-07-10 12:18:26',1,'inativo',NULL,NULL,NULL),(366,'ICAL INDUSTRIA DE CALCINAÇÃO ','ICAL INDUSTRIA DE CALCINAÇÃO (FILIAL)','17.157.264/0003-18',4,'','2025-03-06 13:04:17','Marcos Paulo  Diniz','marcosdiniz@ical.com.br',NULL,'(31) 99126-2167','','Rodrigo Costa','rodrigocosta@ical.com.br',NULL,'(31) 99352-0990','','','',NULL,'','','2025-03-06 13:04:17','2025-07-14 14:41:11',1,'ativo',7,'filha',4),(367,'MVC TRANSPORTE E LOGISTICA S.A','MVC TRANSPORTE E LOGISTICA S.A','26.336.941/0001-94',3,'','2025-03-06 13:45:14','Diego Silva','diego.silva@mvclogistica.com.br',NULL,'(31) 97117-9216','','Paulo André Alves Rocha','paulo.rocha@mvclogistica.com.br',NULL,'(31) 99311-1699','','','',NULL,'','','2025-03-06 13:45:14','2025-07-20 21:56:00',2,'ativo',NULL,NULL,4),(368,'VIA TRUCKS GUARULHOS COMERCIO DE CAMINHOES LTDA','VIA TRUCKS GUARULHOS COMERCIO DE CAMINHOES LTDA (VIA JAP)','18.703.805/0001-67',3,'','2025-03-06 13:50:11','Lauderico Silva','lauderico.silva@gpvia.com.br',NULL,'não tem telefone cadastrado','','Carolina','marketing@viajap.com.br',NULL,'32902420','','','',NULL,'','','2025-03-06 13:50:11','2025-07-20 21:55:59',1,'ativo',NULL,NULL,2),(369,'SERVIÇO NACIONAL DE APRENDIZAGEM COMERCIAL – SENAC MINAS','SERVIÇO NACIONAL DE APRENDIZAGEM COMERCIAL – SENAC MINAS','03.447.242/0001-16',8,'','2025-04-02 17:13:10','Andrea Oliveira','andrea@mg.senac.br',NULL,'(31) 3048-1485','','Luiz Moura','luiz.moura@mg.senac.br',NULL,'(31) 3048-1485','','','senacminas.nfe@mg.senac.br',NULL,'','','2025-04-02 17:13:10','2025-07-20 21:55:59',11,'ativo',NULL,NULL,1),(370,'CECM DOS EMPREGADOS DA TUPY MINAS GERAIS LTDA. E NEMAK ALUMÍNIO DO BRASIL (FUNDCOOP)','CECM DOS EMPREGADOS DA TUPY MINAS GERAIS LTDA. E NEMAK ALUMÍNIO DO BRASIL (FUNDCOOP)','04.249.235/0001-72',8,'','2025-04-08 14:35:02','Nelson Branco','nelson.junior@tupy.com',NULL,'(31) 99956-8082','','Nelson Branco','nelson.junior@tupy.com',NULL,'(31) 99956-8082','','','',NULL,'','','2025-04-08 14:35:02','2025-07-20 21:56:00',4,'ativo',NULL,NULL,3),(371,'CONSELHO REGIONAL DE EDUCAÇÃO FÍSICA DA 6ª REGIÃO - CREF6','CONSELHO REGIONAL DE EDUCAÇÃO FÍSICA DA 6ª REGIÃO - CREF6','03.668.152/0001-55',8,'','2025-04-15 09:56:07','Cássia Pereira Damasceno','setor.ti@cref6.org.br',NULL,'(31) 99110-9027','','','',NULL,'','','','',NULL,'','','2025-04-15 09:56:07','2025-07-20 21:56:00',11,'ativo',NULL,NULL,4),(372,'PENA & CARVALHO ADVOCACIA','PENA & CARVALHO ADVOCACIA','14.506.754/0001-22',3,'','2025-04-16 15:37:44','Clíssia Pena Alves de Carvalho','clissia@penacarvalho.com.br',NULL,'(31) 98801-0605','','Marcelo Nery Ramos  ','mnery@blslaw.com.br',NULL,'(31) 99565-9200','','Fernanda','fernanda@penacarvalho.com.br',NULL,'(31) 3337-9007','','2025-04-16 15:37:44','2025-07-20 21:55:59',5,'ativo',NULL,NULL,1),(373,'ALIANÇA TECNOLOGIA S/A','ALIANÇA TECNOLOGIA S/A','10.477.554/0001-38',4,'','2025-04-29 14:36:46','Raphael Rios','raphael.rios@conciliadora.com.br',NULL,'(31) 99180-5722','','Raphael Rios','raphael.rios@conciliadora.com.br',NULL,'(31) 99180-5722','','','',NULL,'','','2025-04-29 14:36:46','2025-07-10 12:18:26',1,'ativo',NULL,NULL,NULL),(374,'VENTANA SERRA DO BRASIL AGENCIAMENTO DE CARGAS','VENTANA SERRA DO BRASIL AGENCIAMENTO DE CARGAS','04.915.315/0001-10',4,'','2025-05-21 14:17:40','Ricardo Nascimento','ricardo.nascimento@ventanaserra.com.br',NULL,'(31) 97116-0029','','','',NULL,'','','','',NULL,'','','2025-05-21 14:17:40','2025-07-20 21:55:59',2,'ativo',NULL,NULL,2),(375,'FONSECA E SOLLETO SOCIEDADE DE ADVOGADOS','FONSECA E SOLLETO SOCIEDADE DE ADVOGADOS','22.139.250/0001-40',29,'','2025-06-20 14:10:05','Pedro Henrique Carneiro da Fonseca','pedrofonseca.br@gmail.com',NULL,'(31) 99859-8882','','','',NULL,'','','','',NULL,'','','2025-06-20 14:10:05','2025-07-20 21:56:00',1,'ativo',NULL,NULL,4),(378,'MINAS MAIS LTDA','MINAS MAIS LTDA','13.084.176/0001-10',3,'','2025-06-24 16:31:50','Luiz Miranda','luiz.miranda@itaalimentos.com.br',NULL,'(31) 98465-8790','','','',NULL,'','','','nfe.ita@itaalimentos.com.br',NULL,'','','2025-06-24 16:31:50','2025-07-20 21:56:00',1,'ativo',NULL,NULL,4),(379,'SAFM MINERAÇÃO LTDA (SOUTH AMERICAN FERRO MINERALS) (FILIAL)','SAFM MINERAÇÃO LTDA (SOUTH AMERICAN FERRO MINERALS) (FILIAL)','09.325.670/0001-52',4,'','2025-06-26 11:20:25','Aloisio Ferreira','aloisio.ferreira@safm.com.br',NULL,'não tem telefone cadastrado','','Diogo Santos','diogo.santos@safm.com.br',NULL,'(31) 98444-0438','','','nfe.compras@safm.com.br',NULL,'','','2025-06-26 11:20:25','2025-07-14 15:09:50',9,'ativo',16,'filha',4),(380,'SICOOB COCRED COOPERATIVA DE CREDITO','SICOOB COCRED COOPERATIVA DE CREDITO','71.328.769/0001-81',10,'','2025-06-26 11:47:25','Djamillima Lima','djamillima@sicoobcocred.com.br',NULL,'(16) 98824-5839','','Mateus Arcencio','mateusarcencio@sicoobcocred.com.br',NULL,'16 2105-3800','','','notafiscal@sicoobcocred.com.br',NULL,'','','2025-06-26 11:47:25','2025-07-20 21:55:59',4,'ativo',NULL,NULL,1),(384,'CSF FRANQUIAS (AMIGÃO)','CSF FRANQUIAS (AMIGÃO)','32.353.230/0001-20',3,'','2025-07-14 14:52:47','Rodrigo','rodrigo@amigaocalcados.com.br',NULL,'(31) 3272-9694','','Ana Laura Nogueira','analaura@kratosfranquias.com.br',NULL,'(31) 3272-8597','','Marcos Oliveira','marcos.oliveira@csfranquias.com.br',NULL,'(31) 3272-9694','(31) 98648-0280','2025-07-14 14:52:47','2025-07-14 14:53:34',3,'ativo',11,'filha',NULL),(385,'COLEGIO BOAVENTURA','COLEGIO BOAVENTURA','07.647.362/0001-18',14,'','2025-07-14 15:02:51','Cristiane','direcao@erosgustavo.com.br',NULL,'(31) 98612-0633','','Maxwell ','juridico@erosgustavo.com.br',NULL,'(31) 98791-5945','','','departamentopessoal@institutoerosgustavo.com.br',NULL,'(31)3397-5497','','2025-07-14 15:02:51','2025-07-14 15:02:51',11,'ativo',13,'filha',NULL),(386,'CONSORCIO M ROSCOE','CONSORCIO M ROSCOE','60.019.710/0001-95',3,'','2025-07-14 15:04:57','Mauricio Roscoe','mauricio@mroscoe.com.br',NULL,'(31)2103-4044','','Filipe Carvalho','filipe.carvalho@planarequipamentos.com.br',NULL,' (31)3368-7717','','Leandro Lopes','leandro.lopes@mroscoe.com.br',NULL,'','','2025-07-14 15:04:57','2025-07-14 15:04:57',9,'ativo',14,'filha',NULL);
/*!40000 ALTER TABLE `clientes` ENABLE KEYS */;
UNLOCK TABLES;

--
-- Table structure for table `contatos_comerciais`
--

DROP TABLE IF EXISTS `contatos_comerciais`;
/*!40101 SET @saved_cs_client     = @@character_set_client */;
/*!50503 SET character_set_client = utf8mb4 */;
CREATE TABLE `contatos_comerciais` (
  `id` int NOT NULL AUTO_INCREMENT,
  `id_cliente` int NOT NULL,
  `conteudo` text NOT NULL,
  `created_at` datetime NOT NULL,
  `updated_at` datetime NOT NULL,
  PRIMARY KEY (`id`),
  KEY `id_cliente` (`id_cliente`),
  CONSTRAINT `contatos_comerciais_ibfk_1` FOREIGN KEY (`id_cliente`) REFERENCES `clientes` (`id`) ON DELETE CASCADE ON UPDATE CASCADE
) ENGINE=InnoDB AUTO_INCREMENT=9 DEFAULT CHARSET=utf8mb4 COLLATE=utf8mb4_0900_ai_ci;
/*!40101 SET character_set_client = @saved_cs_client */;

--
-- Dumping data for table `contatos_comerciais`
--

LOCK TABLES `contatos_comerciais` WRITE;
/*!40000 ALTER TABLE `contatos_comerciais` DISABLE KEYS */;
INSERT INTO `contatos_comerciais` VALUES (1,246,'28/03/2023: Solicitaram cancelamento do contrato. Não possuem mais ambiente em cloud','2024-09-30 01:17:29','2024-09-30 01:17:29');
/*!40000 ALTER TABLE `contatos_comerciais` ENABLE KEYS */;
UNLOCK TABLES;

--
-- Table structure for table `contatos_tecnicos`
--

DROP TABLE IF EXISTS `contatos_tecnicos`;
/*!40101 SET @saved_cs_client     = @@character_set_client */;
/*!50503 SET character_set_client = utf8mb4 */;
CREATE TABLE `contatos_tecnicos` (
  `id` int NOT NULL AUTO_INCREMENT,
  `id_cliente` int NOT NULL,
  `conteudo` text NOT NULL,
  `created_at` datetime NOT NULL,
  `updated_at` datetime NOT NULL,
  PRIMARY KEY (`id`),
  KEY `id_cliente` (`id_cliente`),
  CONSTRAINT `contatos_tecnicos_ibfk_1` FOREIGN KEY (`id_cliente`) REFERENCES `clientes` (`id`) ON DELETE CASCADE ON UPDATE CASCADE
) ENGINE=InnoDB AUTO_INCREMENT=6 DEFAULT CHARSET=utf8mb4 COLLATE=utf8mb4_0900_ai_ci;
/*!40101 SET character_set_client = @saved_cs_client */;

--
-- Dumping data for table `contatos_tecnicos`
--

LOCK TABLES `contatos_tecnicos` WRITE;
/*!40000 ALTER TABLE `contatos_tecnicos` DISABLE KEYS */;
INSERT INTO `contatos_tecnicos` VALUES (1,246,'28/03/2023: Solicitaram cancelamento do contrato. Não possuem mais ambiente em cloud','2024-09-30 01:17:40','2024-09-30 01:17:40'),(5,302,'Dom atacadista foi comprado pelo MartMinas, gestores de contrato e chamados atualizados e a conta passou para o gerente de contas Rodrigo Moreira.','2025-01-17 14:12:58','2025-01-17 14:12:58');
/*!40000 ALTER TABLE `contatos_tecnicos` ENABLE KEYS */;
UNLOCK TABLES;

--
-- Table structure for table `contratos`
--

DROP TABLE IF EXISTS `contratos`;
/*!40101 SET @saved_cs_client     = @@character_set_client */;
/*!50503 SET character_set_client = utf8mb4 */;
CREATE TABLE `contratos` (
  `id` int NOT NULL AUTO_INCREMENT,
  `id_cliente` int NOT NULL,
  `id_produto` int NOT NULL,
  `dia_vencimento` int NOT NULL,
  `indice_reajuste` float DEFAULT NULL,
  `proximo_reajuste` datetime NOT NULL,
  `status` enum('ativo','inativo') DEFAULT 'ativo',
  `duracao` int NOT NULL,
  `valor_mensal` decimal(10,2) NOT NULL,
  `quantidade` int DEFAULT NULL,
  `descricao` text,
  `created_at` datetime NOT NULL,
  `updated_at` datetime NOT NULL,
  `nome_indice` varchar(255) DEFAULT NULL,
  `id_faturado` int NOT NULL,
  `data_inicio` datetime DEFAULT NULL,
  `tipo_faturamento` enum('mensal','anual') DEFAULT 'mensal',
  PRIMARY KEY (`id`),
  KEY `id_cliente` (`id_cliente`),
  KEY `id_produto` (`id_produto`),
  KEY `contratos_id_faturado_foreign_idx` (`id_faturado`),
  CONSTRAINT `contratos_ibfk_1` FOREIGN KEY (`id_cliente`) REFERENCES `clientes` (`id`) ON DELETE CASCADE ON UPDATE CASCADE,
  CONSTRAINT `contratos_ibfk_2` FOREIGN KEY (`id_produto`) REFERENCES `produtos` (`id`) ON DELETE CASCADE ON UPDATE CASCADE,
  CONSTRAINT `contratos_id_faturado_foreign_idx` FOREIGN KEY (`id_faturado`) REFERENCES `faturados` (`id`) ON DELETE CASCADE ON UPDATE CASCADE
) ENGINE=InnoDB AUTO_INCREMENT=559 DEFAULT CHARSET=utf8mb4 COLLATE=utf8mb4_0900_ai_ci;
/*!40101 SET character_set_client = @saved_cs_client */;

--
-- Dumping data for table `contratos`
--

LOCK TABLES `contratos` WRITE;
/*!40000 ALTER TABLE `contratos` DISABLE KEYS */;
INSERT INTO `contratos` VALUES (1,262,14,10,0,'2025-02-01 00:00:00','inativo',12,218.78,0,'Contrato Nº: PROLINX-1021\n50gb\n','2024-09-06 18:53:38','2025-07-17 11:41:18','ipca',1,'2022-11-29 21:00:00','mensal'),(2,264,14,10,5.78,'2026-02-01 00:00:00','ativo',12,2113.80,2050,'02/10/2023: Upgrade Probackup de 1050GB para 1,550GB\n23/10/2024: Upgrade Probackup de1550GB para 2050GB','2024-09-26 01:08:41','2025-07-18 03:07:12','ipca',1,'2022-05-16 21:00:00','mensal'),(3,264,19,10,0,'2025-11-01 00:00:00','ativo',12,2196.79,0,'4 HORAS','2024-09-26 01:11:55','2025-03-16 20:57:20','ipca',1,'2022-10-26 00:00:00','mensal'),(4,264,24,10,5.44,'2026-06-01 00:00:00','ativo',36,1079.58,0,'Sophos XGS 126','2024-09-26 02:25:44','2025-07-18 03:07:12','ipca',1,'2022-05-17 21:00:00','mensal'),(5,264,1,10,0,'2025-11-01 00:00:00','ativo',12,768.88,0,'','2024-09-26 02:46:18','2025-03-16 20:57:31','ipca',1,'2022-10-28 00:00:00','mensal'),(6,264,22,10,5.44,'2026-06-01 00:00:00','ativo',12,1742.29,0,'','2024-09-26 02:57:39','2025-07-18 03:07:12','ipca',1,'2022-05-28 21:00:00','mensal'),(7,264,8,10,5.66,'2026-05-01 00:00:00','ativo',12,2056.72,0,'','2024-09-26 03:04:42','2025-07-18 03:07:12','ipca',1,'2022-05-15 21:00:00','mensal'),(8,264,11,1,0,'2024-10-01 00:00:00','inativo',12,465.85,0,'','2024-09-26 03:12:21','2025-06-20 14:42:45','ipca',1,'2022-06-30 03:12:20','mensal'),(9,264,3,1,0,'2024-09-29 00:00:00','inativo',12,1656.17,0,'VM’s abaixo relacionadas:\nNAME Time created\nVMAZ-AD 07/06/2022, 14:03 UTC\nVMAZ-APP-SIB-HMG 25/02/2025, 13:55 UTC\nVMAZ-APP-SIB-new 30/10/2023, 12:56 UTC\nVMAZ-AUTOM-PYTHON 18/06/2024, 13:34 UTC\nVMAZ-BENEFICIOS-EMAIL 24/09/2024, 15:27 UTC\nVMAZ-BENEFICIOS-PROD 28/09/2022, 19:48 UTC\nVMAZ-CENTRALVIDAS 21/07/2022, 20:22 UTC\nVMAZ-VPN 07/06/2022, 13:16 UTC\nVMAZ-WORDPRESS-INST 02/09/2022, 15:47 UTC\nVMAZ-WORDPRESS-LPAGES 02/09/2022, 18:14 UTC','2024-09-26 03:13:04','2025-06-20 14:42:32','ipca',1,'2024-06-29 21:00:00','mensal'),(10,30,14,10,5.32,'2026-06-01 00:00:00','ativo',12,496.36,0,'Upgrade em: 21/06/2024 para 550gb\nCONTRATO BACKUP CCM06-2024','2024-09-27 15:36:12','2025-07-18 03:07:12','inpc',1,'2019-05-29 21:00:00','mensal'),(11,30,4,10,5.44,'2026-06-30 00:00:00','ativo',12000,59.35,1,'Lançado conforme planilha de faturamento da Tacila - Financeiro.','2024-09-27 17:28:54','2025-07-18 03:07:12','ipca',1,'2024-06-29 21:00:00','mensal'),(12,31,14,10,3.04,'2025-07-23 00:00:00','ativo',12,325.87,500,'','2024-09-27 18:56:46','2025-07-18 03:07:12','igpm',4,'2019-07-21 21:00:00','mensal'),(13,126,22,10,0,'2025-02-13 00:00:00','ativo',12000,649.83,0,'Lançado conforme planilha de faturamento da Tacila- Financeiro.\nContrato não encontrado. ','2024-09-28 00:45:19','2025-03-16 20:58:13','',1,'2025-02-13 00:00:00','mensal'),(14,19,14,5,7.63,'2026-02-01 00:00:00','ativo',12,612.70,0,'1TB\ninício 17/02/2021.\n','2024-09-28 01:09:51','2025-07-18 03:07:12','igpm',3,'2021-02-16 21:00:00','mensal'),(15,121,17,10,4.89,'2026-01-01 00:00:00','ativo',12,333.24,0,'índice - INPC \ninício: 04/07/2021','2024-09-30 00:37:44','2025-07-18 03:07:12','ipca',2,'2021-07-04 00:37:43','mensal'),(16,13,18,10,5.51,'2026-03-01 00:00:00','ativo',12,1155.44,0,'CONTRATO: ABI-0318\nGESTÃO DATACENTER MONITORAMENTO (SNOC, N2,N3)\n','2024-09-30 00:55:11','2025-07-19 03:01:36','ipca',1,'2018-02-28 21:00:00','mensal'),(17,13,11,1,0,'2024-09-30 00:00:00','inativo',12,164.50,0,'','2024-09-30 00:57:08','2025-06-26 16:56:20','ipca',3,'2024-04-01 00:00:00','mensal'),(18,246,3,1,0,'2024-10-01 00:00:00','inativo',12,680.67,0,'','2024-09-30 01:12:37','2025-06-26 16:56:45','ipca',3,'2024-07-01 01:12:36','mensal'),(22,246,18,10,4.95,'2026-01-26 00:00:00','ativo',12,424.76,0,'INÍCIO: 27/01/2021','2024-09-30 01:16:28','2025-07-19 03:01:36','ipca',3,'2021-01-27 01:16:27','mensal'),(23,110,18,1,0,'2025-08-01 00:00:00','ativo',12,1218.31,0,'início: s. 03 de agosto de 2017.','2024-10-04 01:13:39','2025-03-16 20:58:51','ipca',1,'2017-08-03 00:00:00','mensal'),(24,8,14,1,0,'2025-08-01 00:00:00','ativo',12,155.84,0,'VOLUMETERIA 50G\nINÍCIO: 27/08/2022\nÍNDICE INPC','2024-10-04 01:31:43','2025-03-16 20:58:56','ipca',1,'2020-08-27 00:00:00','mensal'),(25,54,14,12,5.58,'2026-02-01 00:00:00','ativo',12,399.88,0,'50GB\nÍNDICE DE REAJUSTE INPC\nINÍCIO: 27/01/2020\nREAJ: 01/02/2025','2024-10-04 01:44:43','2025-07-18 03:07:12','inpc',1,'2020-01-26 21:00:00','mensal'),(26,54,4,12,5.58,'2026-02-01 00:00:00','ativo',12000,239.92,23,'ÍNDICE INPC\n23 LICENÇAS','2024-10-04 01:48:20','2025-07-18 03:07:12','inpc',1,'2020-01-31 21:00:00','mensal'),(27,6,4,20,0,'2025-11-01 00:00:00','ativo',12,276.92,20,'Quantidade limite de licenças: 35 \nAtivas em 10/24: 19','2024-10-14 23:28:32','2025-03-16 20:59:12','igpm',1,'2020-10-31 00:00:00','mensal'),(28,6,14,20,0,'2025-11-01 00:00:00','ativo',12,385.67,0,'início: 01/09/2012','2024-10-14 23:31:25','2025-03-16 20:59:17','igpm',1,'2012-08-31 00:00:00','mensal'),(29,6,17,20,0,'2025-11-01 00:00:00','ativo',12,2481.67,0,'início: 01/11/2014','2024-10-14 23:58:34','2025-03-16 20:59:22','igpm',1,'2014-10-31 00:00:00','mensal'),(30,6,18,5,5.44,'2026-06-02 00:00:00','ativo',12,358.28,0,'início: 17/05/2019','2024-10-15 00:13:04','2025-07-18 03:07:12','ipca',4,'2019-05-17 00:00:00','mensal'),(31,6,3,1,0,'2025-01-01 00:00:00','inativo',12,458.19,0,'','2024-10-15 00:17:07','2025-05-19 10:34:47','',3,'2024-10-01 00:17:06','mensal'),(32,144,21,10,4.63,'2025-10-01 00:00:00','ativo',12,9.00,0,'VALOR DO ANTIVIRUS ANUAL: R$ 108,00','2024-10-15 00:53:06','2025-07-18 03:07:12','inpc',1,'2020-08-31 21:00:00','mensal'),(33,3,4,10,5.16,'2026-06-01 00:00:00','ativo',12,62.14,6,'QUANTIDADE 6 LICENÇAS','2024-10-15 01:07:30','2025-07-18 03:07:12','igpm',1,'2021-05-01 00:00:00','mensal'),(34,5,9,10,0,'2025-08-01 00:00:00','ativo',12,174.00,NULL,'INÍCIO: 01/08/2022','2024-10-15 01:20:03','2025-07-20 21:55:59','',1,'2020-07-31 21:00:00','mensal'),(35,7,14,1,0,'2026-01-01 00:00:00','ativo',12,1858.36,NULL,'início: 23/05/2019\nVolumetria: 4,2 TB','2024-10-27 23:44:58','2025-03-16 20:59:54','inpc',1,'2019-05-23 00:00:00','mensal'),(36,7,4,1,0,'2026-01-01 00:00:00','ativo',12,800.47,100,'início: 11/092018\n100 licenças','2024-10-27 23:47:15','2025-03-16 20:59:59','igpm',1,'2018-09-11 00:00:00','mensal'),(37,266,19,20,0,'2025-09-04 00:00:00','ativo',12,42000.00,0,'','2024-10-28 00:08:27','2025-03-16 21:00:05','inpc',3,'2023-09-05 00:00:00','mensal'),(38,266,8,20,0,'2025-09-05 00:00:00','ativo',12,16000.00,0,'','2024-10-28 00:10:30','2025-03-16 21:00:10','',3,'2023-09-05 00:00:00','mensal'),(39,266,12,20,0,'2025-04-09 00:00:00','ativo',12,8000.00,0,'','2024-10-28 00:15:17','2025-03-16 21:00:15','',3,'2024-04-11 00:00:00','mensal'),(40,135,14,20,5.16,'2026-06-01 00:00:00','ativo',12,2343.51,0,'Contrato: BACKUP ENG 10-2019 ','2024-10-28 00:58:30','2025-07-18 03:07:12','igpm',1,'2019-11-24 21:00:00','mensal'),(41,135,8,20,5.44,'2026-06-30 00:00:00','ativo',12,7118.38,0,' CONTRATO: MAR 104-21 ','2024-10-28 01:00:38','2025-07-18 03:07:12','ipca',1,'2021-07-07 21:00:00','mensal'),(42,135,22,20,0,'2025-12-01 00:00:00','ativo',12,4889.23,0,'','2024-10-28 01:04:31','2025-06-23 15:40:29','ipca',1,'2021-11-30 21:00:00','mensal'),(43,21,22,6,0,'2024-02-29 00:00:00','inativo',12,3335.87,0,'','2024-10-30 18:40:31','2025-04-28 15:17:14','ipca',3,'2020-03-01 00:00:00','mensal'),(44,21,14,6,0,'2024-02-29 00:00:00','inativo',12,769.82,0,'','2024-10-30 18:41:41','2025-04-28 15:17:14','ipca',3,'2020-03-01 00:00:00','mensal'),(45,10,17,15,7.11,'2025-12-01 00:00:00','ativo',12000,288.90,0,'','2024-10-30 21:34:41','2025-07-18 03:07:12','igpm',1,'2018-12-13 00:00:00','mensal'),(46,10,4,15,7.11,'2025-12-01 00:00:00','ativo',12000,28.88,2,'2 licenças ativas\nLimite até 3 licenças','2024-10-30 21:36:37','2025-07-18 03:07:12','igpm',1,'2018-12-13 00:00:00','mensal'),(47,10,14,15,7.11,'2025-12-01 00:00:00','ativo',12000,160.49,0,'VOLUMETRIA BACKUP: 50GB','2024-10-30 21:37:42','2025-07-18 03:07:12','igpm',1,'2018-01-13 00:00:00','mensal'),(49,179,14,1,0,'2024-08-03 00:00:00','inativo',12,311.77,0,'VOLUMETRIA BACKUP: 500GB','2024-10-30 21:44:54','2025-05-07 14:54:22','igpm',3,'2020-08-03 00:00:00','mensal'),(50,9,17,10,4.35,'2026-07-01 00:00:00','ativo',12,1055.30,0,'NÚMERO DO CONTRATO: ARQ15042024\n','2024-10-30 22:05:34','2025-07-18 03:07:12','igpm',1,'2024-04-29 21:00:00','mensal'),(51,14,17,20,6.76,'2025-11-01 00:00:00','ativo',12,3917.37,0,'Número do contrato: 2013.0005','2024-10-30 22:20:20','2025-07-18 03:07:12','igpm',1,'2013-03-31 21:00:00','mensal'),(52,24,9,5,0,'2023-10-01 00:00:00','inativo',12000,1603.30,0,'','2024-10-30 22:31:42','2025-04-28 15:17:39','igpm',3,'2016-08-01 00:00:00','mensal'),(53,237,14,10,5.51,'2026-03-01 00:00:00','ativo',12,1275.43,0,'Contrato Nº: C-IILP.2021-0620\nVOLUMETRIA DO BACKUP: 2TB com 7 agentes','2024-10-31 00:18:17','2025-07-18 03:07:12','ipca',1,'2022-03-21 21:00:00','mensal'),(54,252,14,10,0,'2025-06-01 00:00:00','inativo',12,1380.00,0,'DISPENSA DE SELEÇÃO DE PROPOSTAS Nº 020/2023\nCONTRATO ABHA/PN Nº 007/2023\nCom capacidade de 2.250 GB.','2024-10-31 00:29:31','2025-06-27 12:25:35','ipca',1,'2023-05-14 21:00:00','mensal'),(55,221,19,15,0,'2025-09-01 00:00:00','ativo',12,4058.18,0,'Contrato não encontrado. Lançado conforme Planilha de Faturamento do Financeiro.','2024-10-31 00:37:59','2025-06-17 10:22:23','igpm',1,'2021-09-14 21:00:00','mensal'),(56,221,14,15,0,'2025-09-01 00:00:00','ativo',12,882.39,0,'volumetria 2,5 Tb','2024-10-31 00:46:28','2025-03-16 21:01:41','igpm',1,'2022-09-15 00:00:00','mensal'),(57,221,22,15,0,'2025-09-14 00:00:00','ativo',12,5410.91,0,'Contrato não encontrado. Lançado conforme Planilha de Faturamento do Financeiro.','2024-10-31 00:50:16','2025-06-17 10:22:37','igpm',1,'2021-09-14 21:00:00','mensal'),(58,232,14,10,0,'2023-08-01 00:00:00','inativo',0,480.98,0,'','2024-10-31 00:56:52','2025-04-28 09:00:22','igpm',3,'2016-08-01 00:00:00','mensal'),(59,209,14,5,0,'2023-05-01 00:00:00','inativo',12,236.18,0,'','2024-10-31 01:00:23','2025-06-17 17:23:36','igpm',3,'2020-05-01 00:00:00','mensal'),(60,16,14,10,7.63,'2026-02-01 00:00:00','ativo',12,1054.32,0,'Contrato C-IIL.2021-\n2TB.','2024-10-31 19:53:28','2025-07-18 03:07:12','igpm',1,'2022-02-22 21:00:00','mensal'),(61,16,17,10,0,'2026-12-01 00:00:00','ativo',12,1845.01,0,'Contrato não encontrado. Lançado conforme Planilha de Faturamento do Financeiro.','2024-10-31 20:11:37','2025-06-17 10:29:52','igpm',1,'2010-01-26 21:00:00','mensal'),(62,16,4,10,0,'2026-01-01 00:00:00','ativo',12,359.96,20,'Possui 20 licenças de antivírus  Bitdefender','2024-10-31 20:14:07','2025-03-16 21:02:11','igpm',1,'2010-01-27 00:00:00','mensal'),(63,16,11,10,0,'2024-07-01 00:00:00','inativo',12,57.65,0,'','2024-10-31 20:27:59','2025-06-26 16:57:36','',3,'2024-07-01 00:00:00','mensal'),(64,152,19,10,0,'2025-11-01 00:00:00','ativo',12,12300.00,0,'','2024-11-03 20:47:02','2025-03-16 21:02:21','ipca',1,'2023-10-03 00:00:00','mensal'),(65,152,18,5,0,'2025-11-01 00:00:00','ativo',12,1200.00,0,'Datacenter Cloud - Gerenciamento, monitoramento e suporte (5h mensais)','2024-11-03 20:50:00','2025-03-16 21:02:26','ipca',1,'2024-10-03 00:00:00','mensal'),(66,152,8,10,0,'2025-11-01 00:00:00','ativo',12,4250.00,0,'','2024-11-03 21:21:35','2025-03-16 21:02:31','ipca',1,'2023-10-03 00:00:00','mensal'),(67,152,22,5,0,'2026-01-01 00:00:00','ativo',12,2669.30,0,'','2024-11-03 21:48:46','2025-03-16 21:02:36','ipca',1,'2019-12-02 00:00:00','mensal'),(68,152,14,5,0,'2026-01-01 00:00:00','ativo',12,1180.44,0,'','2024-11-03 21:50:47','2025-03-16 21:02:41','ipca',1,'2020-02-04 00:00:00','mensal'),(69,152,11,1,0,'2024-12-01 00:00:00','inativo',0,2923.00,0,'','2024-11-03 22:02:45','2025-06-25 15:40:36','',3,'2024-12-01 00:00:00','mensal'),(70,267,5,5,0,'2025-10-07 00:00:00','inativo',12,216.00,0,'','2024-11-03 22:46:52','2025-06-20 16:57:44','ipca',1,'2024-10-08 00:00:00','mensal'),(71,267,23,5,5.23,'2026-07-01 00:00:00','ativo',12,972.22,0,'','2024-11-03 22:55:02','2025-07-18 03:07:12','ipca',1,'2022-03-18 00:00:00','mensal'),(72,267,24,5,4.35,'2026-07-01 00:00:00','ativo',12,1611.00,0,'','2024-11-03 22:59:38','2025-07-18 03:07:12','igpm',1,'2021-07-01 00:00:00','mensal'),(73,267,20,5,5.23,'2026-07-01 00:00:00','ativo',12,1734.12,0,'','2024-11-03 23:11:27','2025-07-18 03:07:12','ipca',3,'2021-07-08 00:00:00','mensal'),(74,267,19,5,5.23,'2026-07-01 00:00:00','ativo',12,5889.97,0,'','2024-11-03 23:13:38','2025-07-18 03:07:12','ipca',1,'2021-06-23 00:00:00','mensal'),(75,267,14,10,5.66,'2026-05-01 00:00:00','ativo',12,1424.66,0,'Unidade - Huntington 3,5 TB','2024-11-03 23:16:49','2025-07-18 03:07:12','ipca',1,'2024-04-23 21:00:00','mensal'),(76,267,8,10,5.44,'2026-06-01 00:00:00','ativo',12,3198.08,0,'','2024-11-03 23:39:22','2025-07-18 03:07:12','ipca',1,'2024-05-14 21:00:00','mensal'),(77,267,14,10,0,'2025-04-30 00:00:00','inativo',12,350.00,0,'volumetria Backup 500gb -Fertilcare (unidade Huntington Brasília) ','2024-11-03 23:42:18','2025-06-23 10:46:00','ipca',3,'2024-04-24 00:00:00','mensal'),(79,267,22,10,0,'2025-03-02 00:00:00','inativo',12,2090.20,0,'Fertilcare (unidade Huntington Brasília) ','2024-11-03 23:46:42','2025-06-23 10:47:43','ipca',3,'2023-03-03 00:00:00','mensal'),(80,267,8,10,0,'2025-05-08 00:00:00','inativo',12,1165.00,0,'Fertilcare (unidade Huntington Brasília) ','2024-11-03 23:48:29','2025-06-20 16:52:08','ipca',3,'2024-05-09 00:00:00','mensal'),(81,267,22,10,0,'2025-02-28 00:00:00','inativo',12,2090.20,0,'Cenafert (Unidade Huntington Salvador)','2024-11-03 23:52:22','2025-06-23 10:48:30','ipca',3,'2024-03-01 00:00:00','mensal'),(82,267,14,10,0,'2025-04-22 00:00:00','inativo',12,200.00,NULL,'CENTRO DE REPRODUÇÃO HUMANA, ENDOSCOPIA E MEDICINA FETAL DA BAHIA LTDA - BACKUP - Probackup 100GB','2024-11-03 23:55:17','2025-06-23 10:49:12','ipca',3,'2024-04-24 00:00:00','mensal'),(84,267,8,10,0,'2025-05-08 00:00:00','inativo',12,1205.00,0,'Cenafert (Unidade Huntington Salvador)','2024-11-03 23:57:46','2025-06-23 10:49:45','ipca',3,'2024-05-09 00:00:00','mensal'),(85,267,3,1,0,'2023-07-01 00:00:00','inativo',12,2252.87,0,'Azure New Commerce Experience (NCE)\n','2024-11-04 00:04:25','2025-06-20 16:45:34','',3,'2023-07-01 00:00:00','mensal'),(86,170,24,5,0,'2025-09-23 00:00:00','ativo',12,678.44,0,'','2024-11-04 00:26:39','2025-03-16 21:04:06','igpm',3,'2019-10-22 00:00:00','mensal'),(87,170,14,5,5.44,'2027-06-04 00:00:00','ativo',12,1640.24,0,'1TB backup convencional\n6 TB backup arquivo morto \nProbackup Blob Files e Convencional (total 7tB)','2024-11-04 00:43:38','2025-07-19 03:01:36','ipca',3,'2023-06-06 00:00:00','mensal'),(88,170,15,5,0,'2025-09-05 00:00:00','ativo',12,9073.67,0,'','2024-11-04 00:46:40','2025-03-16 21:04:16','igpm',3,'2023-09-06 00:00:00','mensal'),(89,170,8,10,5.66,'2026-05-08 00:00:00','ativo',12,1290.00,0,'','2024-11-04 00:48:48','2025-07-18 03:07:12','ipca',3,'2024-05-09 00:00:00','mensal'),(90,170,11,1,0,'2025-01-01 00:00:00','inativo',12,51.87,0,'','2024-11-04 00:50:02','2025-06-26 16:57:52','',3,'2023-07-01 00:00:00','mensal'),(91,248,22,10,5.66,'2026-05-30 00:00:00','ativo',12,1376.55,0,'','2024-11-04 01:01:31','2025-07-18 03:07:12','ipca',1,'2022-05-25 21:00:00','mensal'),(92,248,14,1,0,'2025-07-30 00:00:00','ativo',12,1914.32,0,'VOLUMETRIA BACKUP:  2,5 TB','2024-11-04 01:05:00','2025-03-16 21:04:36','inpc',1,'2018-08-20 00:00:00','mensal'),(94,248,23,10,5.66,'2026-05-30 00:00:00','ativo',36,1076.17,0,'','2024-11-04 01:10:15','2025-07-18 03:07:12','ipca',1,'2022-05-31 21:00:00','mensal'),(95,344,23,10,5.66,'2026-05-29 00:00:00','ativo',36,1076.17,0,'','2024-11-04 01:11:14','2025-07-18 03:07:12','ipca',1,'2022-06-20 21:00:00','mensal'),(96,343,24,10,5.44,'2026-06-01 00:00:00','ativo',36,1359.37,0,'','2024-11-04 01:12:02','2025-07-18 03:07:12','ipca',1,'2022-06-20 21:00:00','mensal'),(98,134,22,15,0,'2025-08-01 00:00:00','ativo',36,5500.00,0,'NÚMERO DO CONTRATO:149.05/2020 - Infokeep\n\nCANCELARAM O CONTRATO E RETORNARAM.\n\n\n','2024-11-04 01:37:51','2025-03-16 21:04:58','ipca',1,'2023-10-23 00:00:00','mensal'),(99,265,8,5,5.22,'2025-12-30 00:00:00','ativo',12,6916.66,0,'D4Sign 3398a626-188c-4029-a77a-1470f3180af8 \nPara confirmar as assinaturas acesse https://secure.d4sign.com.br/verificar\nDocumento assinado eletronicamente, conforme MP 2.200-2/01, Art. 10º, §2.','2024-11-04 01:44:17','2025-07-18 03:07:12','inpc',1,'2023-12-18 00:00:00','mensal'),(100,268,8,10,5.78,'2026-04-01 00:00:00','ativo',24,7904.71,0,'Análise de Vulnerabilidades (Pentest), Gestão de vulnerabilidades (ProSec) e C-SIRT (10h por mês). COntrato nº DHP06042023','2024-11-04 01:50:24','2025-07-18 03:07:12','ipca',1,'2023-04-17 21:00:00','mensal'),(101,269,8,15,0,'2025-08-01 00:00:00','ativo',24,6207.30,0,'CONTRATO Nº: SUC-082023\n','2024-11-04 01:56:08','2025-03-16 21:05:14','ipca',1,'2023-08-29 00:00:00','mensal'),(102,151,23,1,5.78,'2026-04-01 00:00:00','ativo',24,4261.17,0,'CONTRATO: PLNWFW-0223\n2 SOPHOS XGS 135 E 2 SOPHOS XG 136 ','2024-11-04 01:59:27','2025-07-18 03:07:12','ipca',1,'2023-02-16 21:00:00','mensal'),(103,11,14,10,0,'2025-12-01 00:00:00','ativo',12,320.95,0,'volumetria: 500 GB','2024-11-04 11:59:20','2025-06-17 10:59:06','inpc',1,'2017-11-06 21:00:00','mensal'),(104,11,4,10,0,'2025-11-30 00:00:00','ativo',12,300.00,0,'','2024-11-04 12:12:38','2025-03-16 21:05:30','ipca',1,'2024-09-01 00:00:00','mensal'),(105,11,24,20,7.63,'2026-02-28 00:00:00','ativo',36,553.29,0,'Contrato Nº: C-IILP.2021-0154\nSophos XG 106','2024-11-04 12:15:17','2025-07-18 03:07:12','igpm',1,'2021-03-25 21:00:00','mensal'),(106,18,17,15,5.16,'2026-06-01 00:00:00','ativo',12,1485.63,0,'Contrato nº 144.06/2019\nInfokeep','2024-11-04 17:48:42','2025-07-18 03:07:12','igpm',1,'2019-06-06 21:00:00','mensal'),(107,18,9,15,5.16,'2026-06-01 00:00:00','ativo',12,371.40,0,'Contrato não encontrado. Lançado conforme Planilha de Faturamento.\n','2024-11-04 17:50:35','2025-07-18 03:07:12','igpm',1,'2019-06-06 21:00:00','mensal'),(108,18,14,15,5.16,'2026-06-01 00:00:00','ativo',12,371.40,0,'Contrato não encontrado. Lançado conforme Planilha de Faturamento.','2024-11-04 17:53:43','2025-07-18 03:07:12','igpm',1,'2019-06-06 21:00:00','mensal'),(109,15,4,1,0,'2025-11-01 00:00:00','ativo',12,254.32,12,'','2024-11-04 18:20:49','2025-03-16 21:05:56','igpm',1,'2024-11-01 00:00:00','mensal'),(110,15,17,1,0,'2025-11-01 00:00:00','ativo',12,826.47,0,'','2024-11-04 18:28:40','2025-03-16 21:06:02','igpm',1,'2012-11-06 00:00:00','mensal'),(111,15,14,5,5.32,'2026-06-01 00:00:00','ativo',12,291.81,0,'Contrato não encontrado, lançado conforme planilha de faturamento.','2024-11-04 19:16:52','2025-07-18 03:07:12','inpc',1,'2019-06-06 21:00:00','mensal'),(112,15,22,5,5.44,'2026-06-01 00:00:00','ativo',12,396.22,0,'Contrato não encontrado, lançado conforme planilha de faturamento.','2024-11-04 19:40:19','2025-07-18 03:07:12','ipca',1,'2019-06-06 21:00:00','mensal'),(113,15,24,10,5.66,'2026-05-01 00:00:00','ativo',36,493.55,0,'Contrato Nº: C-IILP.2021-0798\nEquipamento(s) Locado(s): Sophos XG 106.\n\n','2024-11-04 19:43:39','2025-07-18 03:07:12','ipca',1,'2022-05-25 21:00:00','mensal'),(114,17,22,25,5.66,'2026-05-01 00:00:00','ativo',12,662.32,0,'N⁄MERO DO CONTRATO: PBTX140524','2024-11-04 20:05:55','2025-07-18 03:07:12','ipca',1,'2024-05-13 21:00:00','mensal'),(115,17,14,25,5.66,'2026-05-01 00:00:00','ativo',12,1139.72,0,'NÚMERO DO CONTRATO: PBTX140524\n3 TB','2024-11-04 20:13:36','2025-07-18 03:07:12','ipca',1,'2024-05-13 21:00:00','mensal'),(116,23,14,1,0,'2026-01-01 00:00:00','ativo',12,317.79,0,'NÚMERO DO CONTRATO BACKUP CCBKN 01/2020\nVOLUMETRIA BACKUP: 500GB','2024-11-04 20:21:34','2025-06-18 14:07:29','inpc',1,'2019-12-31 21:00:00','mensal'),(117,23,4,1,0,'2026-01-01 00:00:00','ativo',12,97.99,26,'','2024-11-04 20:22:40','2025-03-16 21:06:38','inpc',1,'2020-01-01 00:00:00','mensal'),(118,23,17,1,0,'2026-01-01 00:00:00','ativo',12,1973.59,0,'','2024-11-04 20:24:08','2025-03-16 21:06:43','igpm',1,'2015-11-10 00:00:00','mensal'),(119,29,1,15,0,'2024-10-31 00:00:00','inativo',12,841.71,0,'','2024-11-05 17:47:47','2025-06-26 17:02:05','igpm',3,'2023-07-31 00:00:00','mensal'),(120,29,22,15,5.16,'2027-05-31 00:00:00','ativo',12,2769.80,0,'CONTRATO NÃO ENCONTRADO. LANÇADO COMFORME PLANILHA DE FATURAMENTO.','2024-11-05 18:28:25','2025-07-19 03:01:36','igpm',1,'2018-10-15 21:00:00','mensal'),(121,33,24,5,0,'2025-12-01 00:00:00','ativo',12,2407.46,0,'','2024-11-05 18:40:49','2025-03-16 21:06:59','igpm',1,'2018-11-26 00:00:00','mensal'),(122,34,14,1,0,'2025-10-01 00:00:00','ativo',12,312.57,0,'NÚMERO DO CONTRATO: ICI-102018','2024-11-05 19:58:54','2025-06-13 12:26:14','igpm',1,'2018-06-05 21:00:00','mensal'),(123,34,17,1,0,'2025-10-01 00:00:00','ativo',12,500.11,0,'NÚMERO DO CONTRATO: ICI-092018\n','2024-11-05 20:15:13','2025-06-13 12:22:26','igpm',1,'2018-10-05 21:00:00','mensal'),(124,34,4,1,0,'2025-10-01 00:00:00','ativo',12,90.00,8,'','2024-11-05 20:18:04','2025-03-16 21:07:14','',1,'2024-10-01 00:00:00','mensal'),(125,181,15,5,5.51,'2026-03-01 00:00:00','ativo',12,8194.68,0,'CONTRATO: C-IILP.2021-0593','2024-11-12 01:20:00','2025-07-18 03:07:12','ipca',1,'2021-02-24 21:00:00','mensal'),(126,181,23,10,5.66,'2026-05-01 00:00:00','ativo',12,573.88,0,'Contrato N.º: C-IILP.2021-0645','2024-11-12 01:24:07','2025-07-18 03:07:12','ipca',1,'2022-04-03 21:00:00','mensal'),(127,181,19,5,5.51,'2026-03-01 00:00:00','ativo',12,2898.67,0,'CONTRATO: C-IILP.2021-0594\n','2024-11-12 01:26:17','2025-07-18 03:07:13','ipca',1,'2022-02-24 21:00:00','mensal'),(128,181,14,25,4.35,'2026-07-01 00:00:00','ativo',12,987.49,0,' CONTRATO: PROLINX-0943\n3TB','2024-11-12 01:28:40','2025-07-18 03:07:13','igpm',1,'2022-09-22 21:00:00','mensal'),(129,181,11,1,0,'2024-06-01 00:00:00','inativo',12000,163.35,0,'','2024-11-12 01:30:19','2025-06-26 15:03:48','',3,'2024-06-01 00:00:00','mensal'),(130,181,3,1,0,'2023-09-01 00:00:00','inativo',0,135.36,0,'','2024-11-12 01:30:57','2025-06-26 15:04:46','',3,'2023-09-01 00:00:00','mensal'),(131,88,22,20,5.05,'2025-11-28 00:00:00','ativo',12,3847.37,0,'','2024-11-12 02:08:28','2025-07-18 03:07:13','ipca',1,'2018-11-30 00:00:00','mensal'),(133,88,11,1,0,'2023-06-30 00:00:00','inativo',12000,1109.81,0,'','2024-11-12 02:09:49','2025-06-26 16:58:07','',3,'2023-07-01 00:00:00','mensal'),(134,88,3,1,0,'2023-09-01 00:00:00','inativo',60,370.59,0,'','2024-11-12 02:11:22','2025-06-26 16:58:19','',3,'2023-09-01 00:00:00','mensal'),(135,250,18,10,5.44,'2026-06-01 00:00:00','ativo',12,2598.52,0,'Lançado conforme planilha de faturamento.','2024-12-02 01:16:46','2025-07-18 03:07:13','ipca',3,'2022-06-14 21:00:00','mensal'),(136,250,19,10,5.44,'2026-06-01 00:00:00','ativo',12,2598.52,0,'Lançado conforme planilha de faturamento.','2024-12-02 01:17:35','2025-07-18 03:07:13','ipca',3,'2022-06-23 21:00:00','mensal'),(137,250,8,10,5.44,'2026-06-01 00:00:00','ativo',12,2165.44,0,'Lançado conforme planilha de faturamento.','2024-12-02 01:18:47','2025-07-18 03:07:13','ipca',3,'2022-06-23 21:00:00','mensal'),(138,250,14,10,5.66,'2026-05-31 00:00:00','ativo',12,2762.10,0,'','2024-12-02 01:19:54','2025-07-18 03:07:13','ipca',1,'2023-06-06 00:00:00','mensal'),(139,107,14,15,0,'2025-11-13 00:00:00','ativo',12,650.00,2,'ProBackup - 1,5TB','2025-01-14 17:25:44','2025-03-16 21:08:29','igpm',1,'2024-11-01 00:00:00','mensal'),(140,107,22,15,6.76,'2025-11-15 00:00:00','ativo',12,1626.08,0,'Gestão de Datacenter','2025-01-14 17:28:04','2025-07-18 03:07:13','igpm',1,'2024-11-01 00:00:00','mensal'),(141,283,14,10,0,'2025-09-01 00:00:00','ativo',12,259.53,500,'500gb','2025-01-15 17:45:30','2025-03-16 21:08:40','igpm',1,'2022-08-04 00:00:00','mensal'),(142,283,23,10,0,'2025-09-01 00:00:00','ativo',12,830.48,0,'','2025-01-15 17:49:49','2025-03-16 21:08:45','igpm',1,'2022-08-04 00:00:00','mensal'),(143,283,16,10,0,'2025-09-01 00:00:00','ativo',12,1972.39,0,'','2025-01-15 17:50:58','2025-03-16 21:08:50','igpm',1,'2022-08-04 00:00:00','mensal'),(144,236,14,10,0,'2023-01-26 00:00:00','inativo',12,200.00,100,'100gb','2025-01-17 14:07:17','2025-05-07 14:56:34','ipca',1,'2022-01-26 00:00:00','mensal'),(145,194,18,24,0,'2017-01-23 00:00:00','inativo',12,1460.00,0,'','2025-01-17 15:06:23','2025-04-28 14:59:22','ipca',4,'2016-01-25 00:00:00','mensal'),(146,69,14,10,0,'2025-09-10 00:00:00','inativo',12,269.41,0,'','2025-01-21 15:16:18','2025-03-16 21:09:05','inpc',1,'2019-09-27 00:00:00','mensal'),(147,325,24,10,0,'2026-01-24 00:00:00','ativo',36,1117.56,0,'','2025-01-27 19:03:01','2025-03-16 21:09:10','ipca',1,'2025-01-24 00:00:00','mensal'),(148,292,23,15,0,'2025-12-01 00:00:00','ativo',12,648.56,0,'','2025-01-28 14:13:12','2025-03-16 21:09:15','ipca',1,'2022-12-01 00:00:00','mensal'),(149,292,23,13,5.23,'2026-07-01 00:00:00','ativo',12,727.58,0,'','2025-01-28 14:14:48','2025-07-18 03:07:13','ipca',1,'2022-06-06 00:00:00','mensal'),(150,284,24,10,5.78,'2026-04-01 00:00:00','ativo',36,576.76,0,'Contrato Nº: C-IILP.2021-0613\nEquipamento(s) Locado(s): XGS 87 com Standard Protection | 36 meses .','2025-01-28 17:05:07','2025-07-18 03:07:13','ipca',1,'2022-03-20 21:00:00','mensal'),(151,285,18,10,0,'2025-10-01 00:00:00','ativo',24,296.42,0,'NÚMERO DO CONTRATO: PAN 83-21 ','2025-01-28 17:09:05','2025-06-13 12:30:42','ipca',1,'2021-07-20 21:00:00','mensal'),(152,286,23,20,0,'2025-12-01 00:00:00','ativo',6,329.25,0,'Contrato Nº: PROLINX-1049','2025-01-28 18:01:34','2025-06-17 15:25:54','ipca',1,'2022-12-19 21:00:00','mensal'),(153,29,22,15,0,'2025-12-01 00:00:00','ativo',12,879.76,0,'CONTRATO INFOKEEP','2025-01-28 18:52:52','2025-06-18 14:11:34','igpm',1,'2018-09-30 21:00:00','mensal'),(154,287,24,10,0,'2025-09-01 00:00:00','ativo',36,836.00,0,'Contrato Nº: PROLINX-1363\nEquipamento(s) Locado(s): Sophos XGS 107 Security Appliance - Xstream Protection.','2025-01-29 12:06:09','2025-06-18 14:36:32','ipca',1,'2023-08-31 21:00:00','mensal'),(155,29,20,10,0,'2025-09-01 00:00:00','inativo',12,450.00,0,'','2025-01-29 12:11:17','2025-06-26 17:02:19','ipca',1,'2021-12-15 21:00:00','mensal'),(156,39,4,10,0,'2025-10-01 00:00:00','ativo',12,110.00,11,'Informações oriundas do antigo CSApp e da planilha da Tacila (Financeiro), contrato não encontrado.','2025-01-29 12:18:20','2025-03-16 21:09:56','igpm',4,'2022-11-01 00:00:00','mensal'),(157,289,14,10,0,'2025-10-01 00:00:00','ativo',12,330.00,500,'CONTRATO PROLINX-1391\n500gb.','2025-01-29 12:28:14','2025-06-18 14:50:39','ipca',1,'2023-10-08 21:00:00','mensal'),(158,42,17,1,0,'2026-01-01 00:00:00','ativo',12,693.23,0,'Contrato Limasoft - LCV-012017','2025-01-29 13:11:58','2025-06-18 14:59:30','igpm',1,'2016-12-31 21:00:00','mensal'),(159,42,14,1,0,'2026-01-01 00:00:00','ativo',12,415.54,500,'Contrato Limasoft - LCV-012017 (aditivo de 01/11/2017)\n500gb','2025-01-29 13:16:57','2025-06-18 15:03:31','igpm',1,'2017-10-31 21:00:00','mensal'),(160,42,4,1,0,'2026-01-01 00:00:00','ativo',12,190.98,11,'11 licenças (contrato limasoft)','2025-01-29 13:21:40','2025-03-16 21:10:17','igpm',1,'2017-01-01 00:00:00','mensal'),(161,42,24,1,0,'2025-08-01 00:00:00','ativo',36,806.13,0,'Contrato Nº: PROLINX-1240\nFirewall XGS 107','2025-01-29 13:25:18','2025-06-18 14:56:28','ipca',1,'2023-07-03 21:00:00','mensal'),(162,233,17,10,0,'2025-12-01 00:00:00','ativo',12,2929.49,0,'Contrato Nº: C-IILP.2021-0408','2025-01-29 13:36:35','2025-07-01 10:19:42','ipca',1,'2021-12-01 21:00:00','mensal'),(163,233,24,10,0,'2025-08-01 00:00:00','ativo',36,812.92,0,'Contrato Nº: C-IILP.2021-0806\nSophos XGS 116','2025-01-29 13:38:59','2025-06-18 15:12:25','ipca',1,'2022-12-01 21:00:00','mensal'),(166,334,1,10,0,'2025-06-01 00:00:00','inativo',12,360.00,0,'','2025-01-29 15:25:46','2025-06-26 17:04:16','ipca',1,'2023-05-15 00:00:00','mensal'),(167,335,22,10,5.78,'2026-02-28 00:00:00','ativo',12,2195.96,0,'Faturado para o CNPJ: 38.199.245/0001-62 (HUNTINGTON BRASILIA)\n','2025-01-30 11:48:50','2025-07-18 03:07:13','ipca',1,'2024-04-30 21:00:00','mensal'),(168,335,14,10,5.66,'2026-05-01 00:00:00','ativo',12,369.36,0,'500gb \nFaturado para o CNPJ: 38.199.245/0001-62 (HUNTINGTON BRASILIA).','2025-01-30 11:57:47','2025-07-18 03:07:13','ipca',1,'2024-04-23 21:00:00','mensal'),(169,335,8,10,5.44,'2026-06-01 00:00:00','ativo',12,1165.00,0,'Contrato Guarda-Chuva para as filiais de São Paulo, BH (Procriar), Salvador e Brasília (Contrato nº HP300424).\n\nFATURADO PARA OS CNPJS: 00.655.037/0001-58, 02.871.557/0001-23 , 04.815.469/0001-30 E 38.199.245/0001-62.\n','2025-01-30 12:49:10','2025-07-18 03:07:13','ipca',1,'2024-05-09 00:00:00','mensal'),(170,335,8,10,0,'2025-12-01 00:00:00','ativo',12,625.00,0,'Contrato Guarda-Chuva para as filiais de São Paulo, BH (Procriar), Salvador e Brasília (Contrato nº HP300424).\n\nFATURADO PARA OS CNPJS: 00.655.037/0001-58, 02.871.557/0001-23 , 04.815.469/0001-30 E 38.199.245/0001-62.','2025-01-30 12:59:01','2025-03-16 21:10:58','ipca',1,'2024-05-09 00:00:00','mensal'),(171,35,24,15,0,'2025-11-01 00:00:00','ativo',36,438.69,0,'Sophos XG 106 - Locação > alterado para XGS\nFaturado para o CNPJ: 03.119.576/0001-60','2025-01-30 13:13:55','2025-03-16 21:11:04','igpm',1,'2020-11-23 00:00:00','mensal'),(172,336,22,10,5.51,'2026-03-01 00:00:00','ativo',12,2195.96,0,'(Contrato nº Prolinx-1108).\n\nFATURADO PARA O CNPJ: 04.815.469/0001-30\n','2025-01-30 14:32:21','2025-07-18 03:07:13','ipca',1,'2023-03-05 21:00:00','mensal'),(173,336,14,10,5.66,'2026-05-01 00:00:00','ativo',12,211.06,0,'100gb ','2025-01-30 14:37:19','2025-07-18 03:07:13','ipca',1,'2024-04-23 21:00:00','mensal'),(174,336,8,10,5.44,'2026-06-01 00:00:00','ativo',12,1205.00,0,'Contrato Guarda-Chuva para as filiais de São Paulo, BH (Procriar), Salvador e Brasília (Contrato nº HP300424).\n\nFATURADO PARA OS CNPJS: 00.655.037/0001-58, 02.871.557/0001-23 , 04.815.469/0001-30 E 38.199.245/0001-62.\n','2025-01-30 14:52:05','2025-07-18 03:07:13','ipca',1,'2024-05-09 00:00:00','mensal'),(176,336,8,10,4.9,'2025-10-08 00:00:00','ativo',12,625.00,0,'Contrato Guarda-Chuva para as filiais de  São Paulo (Huntington SP), BH (Clinica JPJC), Salvador (Huntington Bahia) e Brasília(Huntington DF)\n\nCONTRATO: HP091024\n\nFATURADO PARA OS CNPJS:00.655.037/0001-58 ,02.871.557/0001-23,04.815.469/0001-30  e 38.199.245/0001-62.','2025-01-30 15:04:09','2025-07-18 03:07:13','ipca',1,'2025-12-01 00:00:00','mensal'),(178,50,22,5,0,'2025-12-01 00:00:00','ativo',12,2982.56,0,'Lançado de acordo com a Planilha da Tacila - Financeiro (contrato não encontrado no sharepoint).','2025-01-30 17:30:07','2025-03-16 21:11:30','ipca',4,'2020-01-01 00:00:00','mensal'),(179,49,24,15,0,'2025-11-01 00:00:00','ativo',36,6762.44,0,'Contrato CT1120','2025-01-30 18:33:27','2025-03-16 21:11:35','igpm',1,'2020-12-04 00:00:00','mensal'),(180,49,22,15,0,'2025-11-01 00:00:00','ativo',12,2369.50,0,'Contrato Infokeep - Adendo assinado em 06.05.2022','2025-01-30 18:37:26','2025-03-16 21:11:40','igpm',1,'2022-05-06 00:00:00','mensal'),(181,290,24,20,0,'2026-01-01 00:00:00','ativo',36,9038.05,0,'Lançado de acordo com a planilha da Tacila - financeiro.','2025-01-31 12:04:29','2025-03-16 21:11:45','igpm',1,'2022-01-05 00:00:00','mensal'),(182,253,21,1,0,'2020-05-01 00:00:00','ativo',12,109.99,0,'Lançado de acordo com a planilha da Tacila - Financeiro.\nValor antivírus anual R$ 1.319,99 ','2025-01-31 12:24:19','2025-06-20 10:50:34','',1,'2020-04-30 21:00:00','mensal'),(183,51,23,10,7.81,'2026-03-01 00:00:00','ativo',12,607.94,0,'Termo Acessório (Contrato) nº 0000.000.0047','2025-01-31 13:17:07','2025-07-18 03:07:13','igpm',1,'2009-09-19 21:00:00','mensal'),(184,53,23,10,0,'2026-01-01 00:00:00','ativo',12,499.74,0,'','2025-01-31 13:26:51','2025-03-16 21:12:00','igpm',1,'2006-01-10 00:00:00','mensal'),(185,291,23,10,5.51,'2026-03-01 00:00:00','ativo',36,1070.53,0,'Equipamento Locado: XGS116.','2025-01-31 14:06:57','2025-07-18 03:07:13','ipca',1,'2023-03-20 21:00:00','mensal'),(186,56,21,1,0,'2024-09-01 00:00:00','ativo',12,315.00,0,'Lançado de acordo com a planilha da Tacila - Financeiro.\nValor antivírus anual R$3.780,00','2025-01-31 14:14:49','2025-05-19 11:21:22','',1,'2019-07-31 21:00:00','mensal'),(187,56,14,20,7.81,'2026-03-01 00:00:00','ativo',12,187.32,0,'Contrato:  C-IIL.2021\n500gb','2025-01-31 14:23:31','2025-07-18 03:07:13','igpm',1,'2024-06-12 21:00:00','mensal'),(188,56,9,20,7.81,'2026-03-01 00:00:00','ativo',12,300.66,0,'Contrato 2016.0003','2025-01-31 14:28:03','2025-07-18 03:07:13','igpm',1,'2016-02-23 21:00:00','mensal'),(189,56,23,20,0,'2025-06-01 00:00:00','ativo',36,1150.00,0,'','2025-01-31 14:34:23','2025-03-16 21:12:26','',1,'2024-06-01 00:00:00','mensal'),(190,59,22,10,0,'2025-10-01 00:00:00','ativo',12,690.96,0,'Contrato nº 2016.0015','2025-01-31 15:22:37','2025-03-16 21:12:31','igpm',1,'2016-10-18 00:00:00','mensal'),(192,59,4,10,7.81,'2026-03-01 00:00:00','ativo',12,29.15,0,'Lançado conforme planilha de Faturamento da Tacila - Financeiro.','2025-01-31 15:30:32','2025-07-18 03:07:13','igpm',1,'2024-02-29 21:00:00','mensal'),(193,59,23,10,0,'2025-12-01 00:00:00','ativo',12,647.46,0,'Lançado conforme planilha de faturamento da Tacila - Financeiro. Contrato não encontrado.','2025-01-31 15:39:45','2025-03-16 21:12:41','ipca',1,'2024-12-01 00:00:00','mensal'),(194,59,14,10,5.28,'2026-03-01 00:00:00','ativo',12,264.17,0,'Contrato ALLTI-03-2018\n200gb.','2025-01-31 15:43:08','2025-07-18 03:07:13','inpc',1,'2018-03-25 21:00:00','mensal'),(195,71,16,10,4.35,'2026-07-01 00:00:00','ativo',12,2219.17,0,'CONTRATO: VGBRAS-10-2019','2025-01-31 17:20:09','2025-07-18 03:07:13','igpm',4,'2020-07-06 00:00:00','mensal'),(196,71,14,10,0,'2025-08-01 00:00:00','ativo',12,319.38,0,'Contrato: VG| 08-2020','2025-01-31 17:30:12','2025-03-16 21:12:57','igpm',4,'2020-08-20 00:00:00','mensal'),(197,71,23,10,5.44,'2026-06-01 00:00:00','ativo',36,362.92,0,'Contrato nº Prolinx-1183','2025-01-31 17:38:19','2025-07-18 03:07:13','ipca',4,'2023-05-19 00:00:00','mensal'),(198,71,21,1,0,'2024-08-01 00:00:00','ativo',24,300.00,0,'Lançado de acordo com a planilha da Tacila - financeiro.\nValor do antivirus anual R$3.600,00','2025-01-31 17:48:02','2025-05-19 11:19:21','',1,'2020-07-31 21:00:00','mensal'),(199,61,14,10,3.85,'2027-08-29 00:00:00','ativo',12,1309.67,0,'2TB, upgrade realizado em 14/05/25 e formalizado pela AM Adriana.','2025-01-31 18:04:16','2025-07-20 03:00:39','inpc',2,'2021-08-31 21:00:00','mensal'),(200,61,22,10,-2.15,'2027-05-29 00:00:00','ativo',12,440.92,0,'Lançado conforme planilha da Tacila - Financeiro.','2025-01-31 18:09:06','2025-07-20 03:00:39','igpm',2,'2021-06-01 00:00:00','mensal'),(201,61,4,10,0,'2021-05-01 00:00:00','ativo',12,304.05,0,'Lançado conforme planilha da Tacila - Financeiro.','2025-01-31 18:18:22','2025-06-20 11:04:49','',2,'2021-04-30 21:00:00','mensal'),(202,61,16,10,0,'2021-05-01 00:00:00','ativo',12,1571.93,0,'Lançado conforme a planilha de faturamento da Tacila - Financeiro.','2025-01-31 18:20:10','2025-06-20 11:02:33','',2,'2021-04-30 21:00:00','mensal'),(203,68,17,25,5.78,'2026-02-01 00:00:00','ativo',12,1538.84,0,'Contrato Nº: C-IILP.2021-0576','2025-01-31 19:09:35','2025-07-18 03:07:13','ipca',1,'2022-02-15 21:00:00','mensal'),(204,68,14,25,5.78,'2026-02-01 00:00:00','ativo',12,752.07,0,'Contrato Nº: C-IILP.2021-0576','2025-01-31 19:11:47','2025-07-18 03:07:13','ipca',1,'2022-02-15 21:00:00','mensal'),(205,68,4,25,5.78,'2026-02-01 00:00:00','ativo',12,198.66,0,'Contrato Nº: C-IILP.2021-0576','2025-01-31 19:13:25','2025-07-18 03:07:13','ipca',1,'2022-02-15 21:00:00','mensal'),(206,48,21,1,0,'2024-03-01 00:00:00','ativo',12,287.50,0,'Lançado de acordo com a planilha da Tacila - Financeiro.\nValor antivirus anual R$3.450,00','2025-02-03 12:55:47','2025-06-20 11:16:23','',1,'2019-02-28 21:00:00','mensal'),(207,62,22,25,5.16,'2026-06-01 00:00:00','ativo',24,2032.41,0,'NÚMERO DO CONTRATO: PCD-052022','2025-02-03 13:04:50','2025-07-18 03:07:13','igpm',1,'2022-06-01 00:00:00','mensal'),(208,62,14,25,5.07,'2026-07-01 00:00:00','ativo',12,593.81,0,'Contrato: BNCOOPDER 001-20','2025-02-03 13:09:10','2025-07-18 03:07:13','inpc',1,'2020-06-23 00:00:00','mensal'),(209,62,24,25,0,'2026-01-01 00:00:00','ativo',36,574.70,0,'Contrato nº2001.151.01','2025-02-03 13:14:01','2025-03-16 21:14:04','igpm',1,'2021-01-20 00:00:00','mensal'),(210,73,22,5,5.78,'2026-04-01 00:00:00','ativo',24,1484.96,0,'Lançado conforme planilha da Tacila - Financeiro.','2025-02-03 13:30:14','2025-07-18 03:07:13','ipca',1,'2025-03-31 21:00:00','mensal'),(211,73,14,5,5.57,'2026-04-01 00:00:00','ativo',12,365.62,0,'Contrato: LHCP0418','2025-02-03 13:35:25','2025-07-18 03:07:13','inpc',1,'2018-04-10 21:00:00','mensal'),(212,73,21,1,0,'2024-09-01 00:00:00','ativo',12,133.61,0,'Lançado conforme planilha da Tacila - Financeiro.\nValor antivírus anual: R$1.603,42','2025-02-03 13:41:01','2025-06-26 17:08:44','',1,'2020-07-31 21:00:00','mensal'),(213,300,22,10,5.78,'2026-04-01 00:00:00','ativo',12,576.76,0,'Contrato Nº: C-IILP.2021-0408 ','2025-02-03 13:51:21','2025-07-18 03:07:13','ipca',1,'2022-04-17 21:00:00','mensal'),(214,257,14,10,0,'2025-10-01 00:00:00','ativo',12,250.73,0,'NÚMERO DO CONTRATO: CPRP-102020\n','2025-02-03 14:13:19','2025-03-16 21:14:30','igpm',1,'2020-10-26 00:00:00','mensal'),(215,217,9,5,0,'2025-11-01 00:00:00','ativo',24,517.39,0,'NÚMERO DO CONTRATO: PEQ-101222 ','2025-02-03 14:20:11','2025-03-16 21:14:35','igpm',1,'2022-11-10 00:00:00','mensal'),(216,301,22,10,0,'2025-12-01 00:00:00','ativo',12,419.48,0,'Contrato Nº: PROLINX-1435','2025-02-03 14:38:31','2025-03-16 21:14:40','ipca',1,'2023-11-28 00:00:00','mensal'),(217,301,14,10,0,'2025-12-01 00:00:00','ativo',12,262.18,0,'Contrato Nº: PROLINX-1434','2025-02-03 14:50:21','2025-03-16 21:14:45','ipca',1,'2023-12-01 00:00:00','mensal'),(218,301,4,10,0,'2025-12-01 00:00:00','ativo',12,59.78,0,'Lançado conforme planilha da Tacila - Financeiro.','2025-02-03 14:52:42','2025-06-20 11:23:18','ipca',1,'2023-11-30 21:00:00','mensal'),(219,69,23,10,8.52,'2026-04-01 00:00:00','ativo',12,760.77,0,'Contrato nº 2014.0013','2025-02-03 14:55:42','2025-07-18 03:07:13','igpm',1,'2014-04-23 21:00:00','mensal'),(220,69,23,10,0,'2025-04-01 00:00:00','inativo',12,366.10,0,'Unidade Pirapora','2025-02-03 14:58:44','2025-06-26 17:27:17','igpm',1,'2014-04-23 21:00:00','mensal'),(221,74,24,5,0,'2025-11-01 00:00:00','inativo',36,443.48,0,'NÚMERO DO CONTRATO: DMP1022','2025-02-03 15:08:34','2025-07-03 14:13:47','igpm',1,'2022-11-10 00:00:00','mensal'),(222,80,22,5,7.63,'2026-02-01 00:00:00','ativo',12000,980.32,0,'Contrato Nº: C-IILP.2021-0030\n','2025-02-03 16:57:30','2025-07-18 03:07:13','igpm',1,'2021-01-31 21:00:00','mensal'),(223,80,14,10,0,'2025-12-01 00:00:00','ativo',12,494.66,0,'Contrato Nº: PROLINX-0993\n','2025-02-03 17:00:09','2025-03-16 21:15:19','ipca',1,'2022-10-31 00:00:00','mensal'),(224,75,24,8,0,'2025-10-01 00:00:00','ativo',36,1365.42,0,'Lançado conforme Planilha da Tacila - Financeiro.','2025-02-03 17:47:42','2025-03-16 21:15:24','igpm',1,'2025-01-29 00:00:00','mensal'),(225,75,22,8,0,'2025-10-01 00:00:00','ativo',12,606.86,0,'Lançado conforme planilha da Tacila - financeiro.','2025-02-03 17:50:22','2025-03-16 21:15:29','igpm',1,'2025-10-01 00:00:00','mensal'),(226,76,17,10,0,'2025-10-01 00:00:00','ativo',12,1573.23,0,'Contrato nº2014.0010','2025-02-03 17:58:49','2025-03-16 21:15:34','igpm',1,'2014-03-19 00:00:00','mensal'),(227,76,14,10,0,'2025-10-01 00:00:00','ativo',12,357.95,0,'Contrato BDB-092019','2025-02-03 18:01:07','2025-03-16 21:15:39','igpm',1,'2019-09-25 00:00:00','mensal'),(228,76,23,10,5.44,'2026-06-01 00:00:00','ativo',36,933.21,0,'CONTRATO Nº: DTP20042023','2025-02-03 18:41:16','2025-07-18 03:07:13','ipca',1,'2023-05-15 00:00:00','mensal'),(229,76,4,10,0,'2025-10-01 00:00:00','ativo',12000,91.36,0,'','2025-02-03 18:43:34','2025-03-16 21:15:50','igpm',1,'2025-10-01 00:00:00','mensal'),(230,302,14,10,0,'2025-09-01 00:00:00','ativo',12,271.68,0,'','2025-02-03 18:54:29','2025-03-16 21:15:56','ipca',1,'2022-09-14 00:00:00','mensal'),(231,41,14,5,5.58,'2026-02-01 00:00:00','ativo',12,1460.60,0,'2TB\nContrato DCONRI69-2019','2025-02-04 12:34:13','2025-07-18 03:07:13','inpc',4,'2023-02-27 21:00:00','mensal'),(232,67,22,15,5.51,'2026-03-01 00:00:00','ativo',12,2055.50,0,'','2025-02-04 13:25:45','2025-07-18 03:07:13','ipca',1,'2021-03-14 21:00:00','mensal'),(233,84,14,20,0,'2025-08-01 00:00:00','ativo',12,541.27,0,'200gb','2025-02-04 13:43:48','2025-03-16 21:16:11','igpm',1,'2013-09-19 00:00:00','mensal'),(234,84,4,20,0,'2025-08-01 00:00:00','ativo',12000,186.40,0,'','2025-02-04 13:48:13','2025-03-16 21:16:17','igpm',1,'2025-08-01 00:00:00','mensal'),(235,84,9,20,0,'2025-08-01 00:00:00','ativo',12,321.63,0,'Lançado conforme planilha da Tacila - Financeiro.','2025-02-04 14:05:38','2025-03-16 21:16:22','igpm',1,'2025-08-01 00:00:00','mensal'),(236,84,17,20,0,'2025-08-01 00:00:00','ativo',12,1309.35,0,'Contrato nº0000.000.0070','2025-02-04 14:07:43','2025-03-16 21:16:28','igpm',1,'2010-08-19 00:00:00','mensal'),(237,304,14,15,0,'2025-11-01 00:00:00','ativo',12,278.34,0,'Lançado conforme Planilha da Tacila - Financeiro.','2025-02-04 14:17:59','2025-06-20 13:53:59','igpm',1,'2021-11-17 21:00:00','mensal'),(238,207,14,1,0,'2023-08-01 00:00:00','ativo',12,1000.00,0,'Lançado conforme Planilha da Tacila - Financeiro.','2025-02-04 14:21:19','2025-03-16 21:16:38','',2,'2023-08-01 00:00:00','mensal'),(239,85,17,10,0,'2025-08-01 00:00:00','ativo',12,538.34,0,'Contrato nº2014.0018','2025-02-04 14:30:03','2025-03-16 21:16:44','igpm',1,'2014-08-01 00:00:00','mensal'),(240,85,14,10,0,'2025-08-01 00:00:00','ativo',12,252.94,0,'Contrato GEV-082020','2025-02-04 14:33:48','2025-03-16 21:16:49','igpm',1,'2020-08-03 00:00:00','mensal'),(241,85,4,10,0,'2025-08-01 00:00:00','ativo',12000,130.00,0,'Lançado conforme planilha da Tacila - Financeiro.','2025-02-04 14:39:56','2025-03-16 21:16:54','igpm',1,'2025-08-01 00:00:00','mensal'),(242,337,4,8,0,'2025-02-28 00:00:00','inativo',24,100.00,10,'','2025-02-04 15:08:43','2025-04-28 15:04:03','',2,'2025-02-28 00:00:00','mensal'),(243,86,23,10,7.63,'2026-02-01 00:00:00','ativo',12,611.09,0,'','2025-02-04 16:58:11','2025-07-18 03:07:13','igpm',1,'2016-12-19 21:00:00','mensal'),(244,86,14,10,7.63,'2026-02-01 00:00:00','ativo',12,3109.15,0,' CONTRATO: C-IIL.2021, 1TB.','2025-02-04 17:00:18','2025-07-18 03:07:13','igpm',1,'2023-09-26 21:00:00','mensal'),(245,238,23,20,7.63,'2026-02-01 00:00:00','ativo',36,225.69,0,'Contrato Nº: C-IILP.2021-0507','2025-02-04 17:12:17','2025-07-18 03:07:13','igpm',1,'2021-11-23 21:00:00','mensal'),(246,89,17,10,5.16,'2026-06-01 00:00:00','ativo',12,944.66,0,'Lançado conforme planilha da Tacila - Financeiro.','2025-02-04 17:41:45','2025-07-18 03:07:13','igpm',1,'2025-06-01 00:00:00','mensal'),(247,89,4,10,5.16,'2026-06-01 00:00:00','ativo',12000,60.00,0,'Lançado conforme planilha da Tacila - Financeiro.','2025-02-04 17:49:05','2025-07-18 03:07:13','igpm',1,'2025-06-01 00:00:00','mensal'),(249,89,23,12,5.16,'2026-06-01 00:00:00','ativo',36,419.62,0,'Contrato Nº: C-IILP.2021-0412','2025-02-04 17:51:45','2025-07-18 03:07:13','igpm',1,'2021-09-28 00:00:00','mensal'),(250,201,14,1,4.34,'2025-11-30 00:00:00','ativo',12000,798.75,0,'','2025-02-04 18:04:06','2025-07-19 03:01:37','inpc',2,'2022-12-01 00:00:00','mensal'),(251,305,24,10,0,'2025-09-01 00:00:00','ativo',36,628.90,0,'Equipamento Locado: XGS 87\nContrato Nº: PROLINX-0911','2025-02-04 18:10:43','2025-03-16 21:17:42','ipca',1,'2022-09-06 00:00:00','mensal'),(252,306,22,10,0,'2025-11-01 00:00:00','ativo',24,384.81,0,'NÚMERO DO CONTRATO: FAMART AZURE 20221124','2025-02-04 18:31:04','2025-03-16 21:17:47','ipca',1,'2022-11-24 00:00:00','mensal'),(253,188,23,10,0,'2025-06-30 00:00:00','inativo',12,2992.58,0,'Duração do contrato: De 10/04/2024 à 01/02/2025.\nDistrato formalizado pelo cliente no dia 03/02/2025.','2025-02-05 12:14:29','2025-03-16 21:17:52','',1,'2024-04-10 00:00:00','mensal'),(254,188,22,10,0,'2026-01-01 00:00:00','ativo',12,734.74,0,'','2025-02-05 12:33:32','2025-03-16 21:17:57','',1,'2024-04-30 00:00:00','mensal'),(255,307,22,10,0,'2025-10-01 00:00:00','ativo',12,875.62,0,'','2025-02-06 13:55:45','2025-03-16 21:18:03','ipca',1,'2023-10-19 00:00:00','mensal'),(256,338,14,20,0,'2026-01-01 00:00:00','ativo',12,275.00,0,'Contrato Nº: PROLINX-1794\n300GB.','2025-02-06 14:51:15','2025-03-16 21:18:08','ipca',1,'2025-01-29 00:00:00','mensal'),(257,104,22,10,0,'2025-02-01 00:00:00','inativo',12,484.31,0,'Contrato: FID-DAT20','2025-02-06 15:00:01','2025-06-20 14:05:54','igpm',1,'2020-07-21 00:00:00','mensal'),(258,214,24,15,5.16,'2026-06-30 00:00:00','ativo',36,501.73,0,'Contrato nº 076-05-2021\nInfokeep','2025-02-06 18:40:33','2025-07-18 03:07:13','igpm',1,'2021-07-23 00:00:00','mensal'),(259,104,22,10,7.63,'2026-02-01 00:00:00','ativo',12,461.63,0,'Lançado conforme planilha da Tacila - Financeiro.','2025-02-06 18:47:27','2025-07-18 03:07:13','igpm',1,'1979-12-31 21:00:00','mensal'),(260,104,22,10,7.63,'2026-02-01 00:00:00','ativo',12,354.60,0,'Lançado conforme planilha da Tacila - Financeiro.','2025-02-06 18:49:19','2025-07-18 03:07:13','igpm',1,'1979-12-31 21:00:00','mensal'),(261,104,8,10,0,'2025-12-01 00:00:00','ativo',12000,2561.03,0,'Lançado conforme planilha da Tacila - Financeiro.','2025-02-06 18:51:28','2025-03-16 21:18:33','ipca',1,'2021-12-28 00:00:00','mensal'),(262,109,22,20,0,'2025-03-01 00:00:00','ativo',12,3700.00,0,'Contrato nº 0712/2020 - Braga e Fontes','2025-02-06 19:01:28','2025-03-16 21:18:38','',1,'2020-12-23 00:00:00','mensal'),(263,94,9,15,7.72,'2026-05-01 00:00:00','ativo',12,2680.20,0,'Contrato nº 032.05/2005','2025-02-06 19:17:37','2025-07-18 03:07:13','igpm',1,'2005-05-11 21:00:00','mensal'),(264,111,24,10,0,'2026-01-31 00:00:00','ativo',24,775.00,0,'Contrato nº PROLINX-1789\n\nEQUIPAMENTO LOCADO: XGS 107 ','2025-02-06 20:18:36','2025-03-16 21:18:49','ipca',1,'2025-01-23 00:00:00','mensal'),(265,309,14,5,5.44,'2026-06-01 00:00:00','ativo',12,1001.24,0,'CONTRATO Nº: 2023-G305','2025-02-07 11:52:32','2025-07-18 03:07:13','ipca',1,'2023-05-17 21:00:00','mensal'),(266,309,17,5,5.44,'2026-06-01 00:00:00','ativo',12,1262.40,0,'CONTRATO Nº: 2023-G306','2025-02-07 11:54:49','2025-07-18 03:07:13','ipca',1,'2023-05-17 21:00:00','mensal'),(267,101,22,5,-2.15,'2027-05-29 00:00:00','ativo',12,547.95,0,'Contratp 064.06/2008\nInfokeep','2025-02-07 11:59:17','2025-07-20 03:00:39','igpm',1,'2008-06-30 00:00:00','mensal'),(268,239,14,10,0,'2026-01-01 00:00:00','ativo',12,174.38,50,'50GB','2025-02-07 12:21:35','2025-03-16 21:19:11','ipca',1,'2022-01-06 00:00:00','mensal'),(269,311,1,20,0,'2025-12-01 00:00:00','ativo',12,1275.96,0,'Lançado conforme planilha de faturamento da Tacila - Financeiro.','2025-02-07 12:27:21','2025-03-16 21:19:17','igpm',1,'2023-12-01 00:00:00','mensal'),(270,258,23,22,7.72,'2026-05-01 00:00:00','ativo',12,385.06,0,'Lançado conforme planilha de faturamento da Tacila - Financeiro.','2025-02-07 12:31:17','2025-07-18 03:07:13','igpm',1,'2019-04-23 21:00:00','mensal'),(271,100,8,10,0,'2025-09-01 00:00:00','ativo',12,2352.33,0,'','2025-02-07 12:36:17','2025-03-16 21:19:28','igpm',1,'2022-07-18 00:00:00','mensal'),(272,105,17,10,0,'2026-01-01 00:00:00','ativo',12,2370.54,0,'Contrato nº GUI10-12','2025-02-07 12:40:29','2025-03-16 21:19:34','igpm',4,'2012-09-01 00:00:00','mensal'),(273,105,14,10,0,'2026-01-01 00:00:00','ativo',12,1581.42,0,'Contrato: Backup Guia Mkt 09-2018','2025-02-07 12:43:38','2025-03-16 21:19:39','igpm',4,'2018-09-01 00:00:00','mensal'),(274,105,23,10,0,'2026-01-01 00:00:00','ativo',36,898.49,0,'NÚMERO DO CONTRATO: GUIAMKT 09-2019','2025-02-07 12:47:21','2025-03-16 21:19:45','igpm',4,'2019-09-30 00:00:00','mensal'),(275,105,21,1,0,'2024-03-01 00:00:00','ativo',12000,227.30,0,'Lançado conforme planilha de faturamento.\nValor antivírus anual: R$ 2.727.65','2025-02-07 12:49:29','2025-06-26 17:09:55','',1,'2019-10-31 21:00:00','mensal'),(276,210,21,1,0,'2024-11-01 00:00:00','ativo',12000,256.50,0,'Lançado conforme a planilha de faturamento da Tacila - Financeiro. \nValor antivirus anual R$3.078,00','2025-02-07 12:52:46','2025-06-20 14:59:28','',4,'2020-09-30 21:00:00','mensal'),(277,103,17,1,7.72,'2026-05-01 00:00:00','ativo',12,1074.25,0,'Limasoft: LHC-052019','2025-02-07 13:05:09','2025-07-18 03:07:13','igpm',1,'2019-04-30 21:00:00','mensal'),(278,103,24,1,7.72,'2026-05-01 00:00:00','ativo',36,306.62,0,'Limasoft:  CONTRATO: LHCSB-1219','2025-02-07 13:07:32','2025-07-18 03:07:13','igpm',1,'2019-11-27 21:00:00','mensal'),(279,103,4,1,7.72,'2026-05-01 00:00:00','ativo',12000,126.01,0,'Lançado conforme planilha de faturamento Tacila - Financeiro.','2025-02-07 13:08:55','2025-07-18 03:07:13','igpm',1,'2025-04-30 21:00:00','mensal'),(280,256,24,5,5.23,'2026-07-01 00:00:00','ativo',24,813.30,0,'CONTRATO: HXPL - 0822\n','2025-02-07 13:16:50','2025-07-19 03:01:37','ipca',1,'2022-08-26 00:00:00','mensal'),(281,216,14,10,0,'2025-08-01 00:00:00','ativo',12,596.52,0,'Lançado conforme planilha de faturamento da Tacila - Financeiro.','2025-02-07 13:26:33','2025-03-16 21:20:21','ipca',1,'2021-08-10 00:00:00','mensal'),(282,214,24,15,0,'2026-01-31 00:00:00','ativo',36,695.00,0,'Locação XGS 87 - instalado na Fazenda Grama Baixa São Bartolomeu\nContrato Nº: PROLINX-1671-1 ','2025-02-07 14:31:04','2025-03-16 21:20:27','ipca',1,'2025-02-03 00:00:00','mensal'),(283,214,24,15,0,'2026-02-01 00:00:00','ativo',36,695.00,0,'Locação XGS 87 - instalado no Acesso Horto Prainha. S/N - Zona Rural - Antonio Dias. Contrato Nº: PROLINX-1671-1.','2025-02-07 14:37:20','2025-03-16 21:20:32','ipca',1,'2025-02-03 00:00:00','mensal'),(284,215,22,15,5.23,'2026-07-01 00:00:00','ativo',12,281.05,0,'NÚMERO DO CONTRATO: COM 103-21','2025-02-07 14:53:51','2025-07-18 03:07:13','ipca',1,'2021-07-16 00:00:00','mensal'),(285,112,21,1,0,'2019-10-01 00:00:00','ativo',12000,0.00,0,'Sem valor cadastrado na planilha de faturamento da Tacila - Financeiro.','2025-02-07 15:31:19','2025-03-16 21:20:42','',1,'2019-10-01 00:00:00','mensal'),(286,112,24,1,4.35,'2026-07-01 00:00:00','ativo',36,699.00,0,'Limasoft: NÚMERO DO CONTRATO: LISB0719','2025-02-07 16:54:04','2025-07-18 03:07:13','igpm',1,'2019-07-17 00:00:00','mensal'),(287,112,14,1,7.81,'2026-03-01 00:00:00','ativo',12,458.95,0,'Limasoft:  CONTRATO: IBL-092019\n500GB','2025-02-07 16:56:08','2025-07-18 03:07:13','igpm',1,'2019-09-01 21:00:00','mensal'),(288,312,22,10,0,'2025-03-01 00:00:00','inativo',12,2500.00,0,'Lançado conforme planilha de faturamento da Tacila - Financeiro.','2025-02-07 16:59:37','2025-05-07 14:57:23','ipca',1,'2024-03-01 00:00:00','mensal'),(289,111,17,10,7.63,'2026-02-01 00:00:00','ativo',12000,1253.41,0,'Lançado conforme a planilha da Tacila - financeiro.\nContato não encontrado.','2025-02-07 20:38:19','2025-07-18 03:07:13','igpm',1,'2025-01-31 21:00:00','mensal'),(290,111,14,10,7.63,'2026-02-01 00:00:00','ativo',12,640.50,0,'Lançado conforme planilha da Tacila - Financeiro.','2025-02-07 20:41:01','2025-07-18 03:07:13','igpm',1,'2017-01-31 21:00:00','mensal'),(291,111,23,10,0,'2026-03-01 00:00:00','inativo',12,775.00,0,'Contrato: IMP 89-2019\nBraga & Fontes','2025-02-07 20:43:43','2025-06-23 11:18:29','igpm',1,'2019-03-11 21:00:00','mensal'),(292,111,4,10,7.63,'2026-02-01 00:00:00','ativo',12000,126.54,0,'Lançado conforme Planilha da Tacila - Financeiro. ','2025-02-07 20:45:05','2025-07-18 03:07:13','igpm',1,'2025-01-31 21:00:00','mensal'),(293,113,14,1,0,'2025-10-01 00:00:00','ativo',12,923.76,0,'NÚMERO DO CONTRATO: PROLINX-0943\nupgrade para 3TB no aditivo firmado em 14/07/2023','2025-02-10 13:01:32','2025-05-09 09:20:15','inpc',1,'2022-09-22 21:00:00','mensal'),(294,113,4,1,0,'2025-10-01 00:00:00','ativo',12000,153.13,0,'Lançado conforme planilha da Tacila - Financeiro. ','2025-02-10 13:59:50','2025-03-16 21:21:28','inpc',1,'2025-10-01 00:00:00','mensal'),(295,113,24,5,0,'2025-10-01 00:00:00','ativo',36,437.55,0,'INFOKEEP -NÚMERO DO CONTRATO: SIIK1020\n','2025-02-10 14:04:27','2025-03-16 21:21:34','igpm',1,'2020-10-13 00:00:00','mensal'),(296,115,9,10,7.63,'2026-02-01 00:00:00','ativo',12000,123.80,0,'Contrato não encontrado\nLançado conforme planilha de faturamento da Tacila - Financeiro.','2025-02-10 14:56:08','2025-07-18 03:07:13','igpm',1,'2025-01-31 21:00:00','mensal'),(297,313,14,10,5,'2026-06-01 00:00:00','ativo',24,350.00,0,'NÚMERO DO CONTRATO: ARQ15042024\n15tb','2025-02-10 15:13:22','2025-07-18 03:07:13','ipc-fipe',1,'2024-06-03 00:00:00','mensal'),(298,313,23,10,5,'2026-06-01 00:00:00','ativo',24,500.00,0,'Contrato INNP140424\n2 Sophos XGS 2100','2025-02-10 15:17:58','2025-07-18 03:07:13','ipc-fipe',1,'2024-06-03 00:00:00','mensal'),(299,313,8,10,5,'2026-06-01 00:00:00','ativo',24,5990.00,0,'NÚMERO DO CONTRATO: HP300424','2025-02-10 15:20:10','2025-07-18 03:07:13','ipc-fipe',1,'2024-06-03 00:00:00','mensal'),(300,114,21,1,0,'2024-11-01 00:00:00','ativo',12000,1800.00,0,'Lançado conforme planilha de faturamento.\nValor do antivírus anual: R$:1.800,00','2025-02-10 16:56:35','2025-07-14 15:00:22','',1,'2019-07-31 21:00:00','anual'),(301,114,14,10,0,'2025-11-30 00:00:00','ativo',12,1332.23,0,'Contrato Nº: C-IILP.2021-0087\n3TB','2025-02-10 16:59:59','2025-03-16 21:22:05','igpm',1,'2021-02-08 00:00:00','mensal'),(302,114,24,10,5.78,'2026-04-01 00:00:00','ativo',12,1090.07,0,'Contrato Nº: C-IILP.2021-0621\nSophos XGS 116.','2025-02-10 17:11:58','2025-07-18 03:07:13','ipca',1,'2022-03-22 21:00:00','mensal'),(303,314,24,10,5.78,'2026-02-01 00:00:00','ativo',36,2828.35,0,'Contrato Nº: PROLINX-1082','2025-02-10 18:08:53','2025-07-18 03:07:13','ipca',1,'2023-02-01 21:00:00','mensal'),(304,314,22,10,5.78,'2026-02-01 00:00:00','ativo',12,328.17,0,'Contrato N.º: PROLINX-1057','2025-02-11 11:58:58','2025-07-18 03:07:13','ipca',1,'2022-12-28 21:00:00','mensal'),(305,90,17,10,0,'2025-08-01 00:00:00','ativo',12000,1393.67,0,'Contrato INST08-12','2025-02-11 12:13:00','2025-03-16 21:22:26','igpm',4,'2012-08-01 00:00:00','mensal'),(306,117,22,25,7.63,'2026-02-01 00:00:00','ativo',12000,515.97,0,'CONTRATO 112.01/2014\nINFOKEEP','2025-02-11 12:17:32','2025-07-18 03:07:13','igpm',1,'2014-02-15 21:00:00','mensal'),(307,245,14,10,0,'2025-08-01 00:00:00','ativo',12,645.14,0,'','2025-02-11 12:22:31','2025-03-16 21:22:36','ipca',1,'2023-08-16 00:00:00','mensal'),(308,203,14,1,0,'2022-01-31 00:00:00','ativo',12000,375.00,0,'Lançado conforme planilha de faturamento da Tacila - Financeiro.','2025-02-11 12:31:56','2025-03-16 21:22:42','',2,'2022-02-01 00:00:00','mensal'),(309,203,17,10,3.99,'2027-03-29 00:00:00','ativo',12000,1682.49,0,'Lançado conforme planilha de faturamento da Tacila - Financeiro.','2025-02-11 12:38:04','2025-07-20 03:00:39','inpc',2,'2021-04-01 00:00:00','mensal'),(310,102,17,10,5.28,'2026-03-31 00:00:00','ativo',12000,2583.09,0,'Lançado conforme planilha de faturamento da Tacila - Financeiro.\nContrato não encontrado.','2025-02-11 12:42:14','2025-07-18 03:07:13','inpc',1,'2025-03-31 21:00:00','mensal'),(311,102,4,10,5.57,'2026-04-01 00:00:00','ativo',12000,130.98,0,'Lançado conforme planilha de faturamento da Tacila - Financeiro.','2025-02-11 13:01:32','2025-07-18 03:07:13','inpc',1,'2025-03-31 21:00:00','mensal'),(312,102,14,10,7.81,'2026-03-01 00:00:00','ativo',12,390.51,0,'NÚMERO DO CONTRATO: IAS 33-17','2025-02-11 13:03:20','2025-07-18 03:07:13','igpm',1,'2017-03-24 21:00:00','mensal'),(313,159,9,25,7.63,'2026-02-01 00:00:00','ativo',12000,250.00,0,'Lançado conforme planilha de faturamento da Tacila - Financeiro.','2025-02-11 14:05:57','2025-07-18 03:07:13','igpm',1,'2025-02-11 00:00:00','mensal'),(314,159,17,25,7.81,'2026-03-01 00:00:00','ativo',12000,4874.54,0,'Lançado conforme planilha de faturamento da Tacila - Financeiro. Contrato não encontrado.','2025-02-11 14:09:08','2025-07-18 03:07:13','igpm',1,'2025-02-28 21:00:00','mensal'),(315,159,14,25,0,'2025-09-01 00:00:00','ativo',12,3300.00,9,'9TB\nCONTRATO ISQ112023  ','2025-02-11 14:16:17','2025-07-10 12:18:22','igpm',1,'2017-04-17 21:00:00','mensal'),(316,159,14,25,0,'2025-09-01 00:00:00','ativo',12,639.29,0,'Lançado conforme planilha de faturamento da Tacila - Financeiro.','2025-02-11 14:19:45','2025-03-16 21:23:22','igpm',1,'2025-09-01 00:00:00','mensal'),(317,145,24,10,0,'2025-05-31 00:00:00','inativo',36,643.50,0,'Contrato nº C-IILP.2021-0754\nEquipamento: XGS107 ','2025-02-11 14:31:05','2025-05-07 14:53:46','ipca',1,'2022-05-10 00:00:00','mensal'),(318,145,22,15,0,'2025-11-30 00:00:00','inativo',12000,1217.05,0,'Contrato Infokeep: 047.10/2006\nLançado conforme planilha de faturamento Tacila - Financeiro.','2025-02-11 14:33:30','2025-05-07 14:53:46','igpm',1,'2006-03-01 00:00:00','mensal'),(319,120,14,16,0,'2026-01-01 00:00:00','ativo',12,2541.29,0,'Contrato: Backup Jaragua Club | 03-2020\n\nUpgrade em 01/04/2024 por Adriana Lopes: de 2TB de backup em nuvem, totalizando 990,00 mensais, que serão adicionados ao valor mensal de R$1.400,00 mensais, conforme contrato ativo de 4TB de backup, totalizando R$2.390,00 mensais.','2025-02-11 14:41:31','2025-03-16 21:23:39','igpm',1,'2020-03-12 00:00:00','mensal'),(320,160,17,10,8.52,'2026-04-30 00:00:00','ativo',12000,1528.98,0,'Lançado conforme planilha de faturamento Tacila - Financeiro.\nContrato não encontrado. Cliente sem pasta de contratos na pasta do Comercial. ','2025-02-11 14:53:36','2025-07-18 03:07:13','igpm',1,'2025-04-30 21:00:00','mensal'),(321,160,4,10,7.72,'2026-05-01 00:00:00','ativo',12000,136.92,0,'Lançado conforme planilha de faturamento - Tacila Financeiro.','2025-02-11 14:55:43','2025-07-18 03:07:13','igpm',1,'2025-04-30 21:00:00','mensal'),(322,28,21,1,0,'2024-07-01 00:00:00','ativo',12000,70.00,0,'Lançado conforme planilha de faturamento - Tacila financeiro.\nValor antivírus anual: R$840,00','2025-02-11 15:09:27','2025-06-23 14:31:00','',4,'2020-06-30 21:00:00','mensal'),(323,28,14,5,14.35,'2024-04-30 00:00:00','ativo',12,539.29,0,'Contrato: BACKUP CCIGM-05-2019\nUpgrade para 750gb no 5º aditivo.\n','2025-02-11 15:12:27','2025-07-20 03:00:39','igpm',1,'2019-05-20 00:00:00','mensal'),(324,315,24,10,0,'2025-10-01 00:00:00','ativo',36,467.45,0,'Contrato Nº: C-IILP.2021-0443 \nEQUIPAMENTO: SOPHOS XGS 87','2025-02-11 17:27:01','2025-03-16 21:24:04','ipca',1,'2021-10-28 00:00:00','mensal'),(325,315,14,1,0,'2025-11-01 00:00:00','ativo',12,464.69,0,'CONTRATO número Backup CDB 11-2018\n700GB','2025-02-11 17:35:17','2025-03-16 21:24:09','inpc',1,'2018-11-01 00:00:00','mensal'),(326,163,14,5,7.63,'2026-02-01 00:00:00','ativo',12,335.80,0,'CONTRATO: BACKUP JWI-26-2018\n500GB','2025-02-11 17:38:21','2025-07-18 03:07:13','igpm',4,'2018-02-25 21:00:00','mensal'),(327,163,4,5,5.28,'2026-03-01 00:00:00','ativo',12000,113.52,0,'LANÇADO CONFORME PLANILHA DE FATURAMENTO DA TACILA - FINANCEIRO.','2025-02-11 17:39:28','2025-07-18 03:07:13','inpc',1,'2025-02-28 21:00:00','mensal'),(328,316,8,5,0,'2025-10-01 00:00:00','ativo',12,3420.11,0,' CONTRATO: PPK-0322','2025-02-11 17:46:21','2025-03-16 21:24:25','ipca',1,'2022-03-30 00:00:00','mensal'),(329,124,23,5,0,'2025-11-01 00:00:00','ativo',36,680.18,0,'LIMASOFT CONTRATO: AMI21-19','2025-02-11 18:25:57','2025-03-16 21:24:30','igpm',1,'2019-09-03 00:00:00','mensal'),(330,124,4,10,0,'2025-11-01 00:00:00','ativo',12000,344.65,0,'Lançado conforme planilha de faturamento da Tacila - Financeiro.','2025-02-11 18:27:16','2025-03-16 21:24:35','igpm',1,'2025-11-01 00:00:00','mensal'),(331,124,22,10,0,'2025-11-01 00:00:00','ativo',12000,837.57,0,'Lançado conforme planilha da Tacila - Financeiro. \nContrato não encontrado.','2025-02-11 18:54:44','2025-03-16 21:24:41','igpm',1,'2025-11-01 00:00:00','mensal'),(332,124,22,10,0,'2025-10-01 00:00:00','ativo',12000,555.00,0,'Lançado conforme planilha da Tacila - Financeiro. \nContrato não encontrado.','2025-02-11 18:55:48','2025-03-16 21:24:47','igpm',1,'2025-10-01 00:00:00','mensal'),(333,124,14,20,7.11,'2025-12-26 00:00:00','ativo',12,331.11,0,'CONTRATO ROM 04-2018 \nterceiro Aditivo foi realizado um upgrade em 26/12/2024.','2025-02-11 18:59:01','2025-07-18 03:07:13','igpm',1,'2018-03-31 21:00:00','mensal'),(334,129,17,10,7.63,'2026-02-01 00:00:00','ativo',12000,2699.56,0,'Contrato: AUS03-06','2025-02-11 19:15:25','2025-07-18 03:07:13','igpm',4,'2009-05-31 21:00:00','mensal'),(335,129,4,10,0,'2025-03-01 00:00:00','ativo',12000,431.10,0,'Lançado conforme planilha de faturamento da Tacila - Financeiro.','2025-02-11 19:16:49','2025-06-26 16:31:35','',1,'2025-02-28 21:00:00','mensal'),(336,129,14,10,7.72,'2026-05-01 00:00:00','ativo',12,495.74,0,'500gb\nBackup Krug 05-2019','2025-02-11 19:18:36','2025-07-18 03:07:13','igpm',4,'2019-04-30 21:00:00','mensal'),(337,129,22,10,5.23,'2026-07-01 00:00:00','ativo',12,267.61,0,'Lançado conforme planilha de faturamento da Tacila - Financeiro.\nContrato não encontrado. ','2025-02-11 19:21:30','2025-07-18 03:07:13','ipca',1,'2025-07-01 00:00:00','mensal'),(338,129,22,10,5.44,'2026-06-01 00:00:00','ativo',12,195.11,0,'Lançado conforme planilha de faturamento da Tacila - Financeiro. \nContrato não encontrado.','2025-02-11 19:22:45','2025-07-18 03:07:13','ipca',1,'2025-05-31 21:00:00','mensal'),(339,129,18,10,0,'2025-10-01 00:00:00','ativo',12,574.83,0,'Contrato Prolinx -1396','2025-02-11 19:25:44','2025-03-16 21:25:22','ipca',1,'2023-10-28 00:00:00','mensal'),(340,129,23,10,5.78,'2026-02-01 00:00:00','ativo',36,1463.84,0,'Equipamento Sophos XGS 126\nContrato Prolinx-1488','2025-02-11 19:29:52','2025-07-18 03:07:13','ipca',1,'2024-01-18 21:00:00','mensal'),(341,129,19,10,5.78,'2026-02-01 00:00:00','ativo',12000,3345.92,0,'Lançado conforme planilha de faturamento da Tacila - Financeiro. \nContrato não encontrado.','2025-02-11 19:31:17','2025-07-18 03:07:13','ipca',1,'2025-01-31 21:00:00','mensal'),(342,140,21,1,0,'2024-09-01 00:00:00','ativo',12000,480.00,0,'Lançado conforme planilha da Tacila - Financeiro.\nValor Anual: R$5.760,00','2025-02-12 17:54:03','2025-05-19 11:01:32','',1,'2019-06-30 21:00:00','mensal'),(343,140,24,1,5.51,'2026-03-01 00:00:00','ativo',36,1756.77,0,'Contrato Nº: PROLINX-1078\nEquipamento(s) Locado(s): Firewall Sophos XGS 136','2025-02-12 17:59:48','2025-07-18 03:07:13','ipca',1,'2023-01-29 21:00:00','mensal'),(344,249,24,10,5.66,'2026-05-01 00:00:00','ativo',36,2316.38,0,'','2025-02-12 19:58:52','2025-07-18 03:07:13','ipca',1,'2022-03-31 21:00:00','mensal'),(345,128,4,10,7.81,'2026-03-01 00:00:00','ativo',12000,409.33,0,'Lançado conforme planilha da Tacila - Financeiro. ','2025-02-13 11:52:32','2025-07-18 03:07:13','igpm',1,'2025-02-28 21:00:00','mensal'),(346,328,23,10,5.44,'2026-06-01 00:00:00','ativo',12,600.00,0,'NÚMERO DO CONTRATO: ITAP14062024','2025-02-13 11:58:48','2025-07-18 03:07:13','ipca',1,'2024-06-14 00:00:00','mensal'),(347,328,23,10,0,'2025-12-01 00:00:00','ativo',12,700.00,0,'NÚMERO DO CONTRATO: ITAP17112023. Gestão do Firewall Sophos XGS2300 + Mikrotik das filiais, Contagem, Vale do Aço e Fábrica. ','2025-02-13 12:01:46','2025-03-16 21:26:04','ipca',1,'2023-12-11 00:00:00','mensal'),(348,123,14,10,0,'2025-10-01 00:00:00','ativo',12,248.86,0,'NÚMERO DO CONTRATO: CPRP-102020\n500gb','2025-02-13 12:05:35','2025-03-16 21:26:10','igpm',1,'2020-10-26 00:00:00','mensal'),(349,82,19,5,7.81,'2026-03-01 00:00:00','ativo',12,3741.16,0,'NÚMERO DO CONTRATO: GPS 52-21','2025-02-13 12:21:51','2025-07-18 03:07:13','igpm',1,'2021-02-04 21:00:00','mensal'),(350,82,22,5,0,'2025-11-01 00:00:00','ativo',24,3112.83,0,'Contrato nº 090.10/2022 \nC. CUSTO n° ADMBH ','2025-02-13 12:25:59','2025-03-16 21:26:20','igpm',1,'2023-08-31 00:00:00','mensal'),(351,82,14,5,7.63,'2026-02-01 00:00:00','ativo',24,1281.00,0,'1.5TB\n\nContrato nº 090.10/2022 \nC. CUSTO n° ADMBH ','2025-02-13 12:27:30','2025-07-18 03:07:13','igpm',1,'2023-08-30 21:00:00','mensal'),(352,82,9,5,0,'2025-11-01 00:00:00','ativo',24,370.57,0,'Contrato nº 090.10/2022 \nC. CUSTO n° ADMBH ','2025-02-13 12:28:36','2025-03-16 21:26:30','igpm',1,'2023-08-31 00:00:00','mensal'),(353,141,21,1,0,'2019-11-01 00:00:00','ativo',12000,0.00,0,'Lançado conforme planilha de faturamento da Tacila - Financeiro. Contrato não encontrado.','2025-02-13 12:38:15','2025-06-23 15:21:13','',1,'2019-10-31 21:00:00','mensal'),(354,141,24,10,0,'2025-09-28 00:00:00','ativo',36,833.33,0,'NÚMERO DO CONTRATO: LIS10-18\nADITIVO: Equipamento alterado para Sophos XGS 108 Licenciamento standard.','2025-02-13 12:43:31','2025-04-08 14:29:44','igpm',4,'2018-10-01 21:00:00','mensal'),(355,141,22,10,0,'2025-10-01 00:00:00','ativo',12,221.19,0,'Contrato LOC-06-2019','2025-02-13 12:47:01','2025-03-16 21:26:46','igpm',4,'2019-06-01 00:00:00','mensal'),(356,130,23,10,0,'2025-10-01 00:00:00','ativo',36,683.47,0,'LOCTR09-19','2025-02-13 13:12:36','2025-06-23 15:21:59','igpm',4,'2019-09-01 21:00:00','mensal'),(357,130,22,10,0,'2025-10-01 00:00:00','ativo',12,485.38,0,'Contrato: LOCTR-06-19','2025-02-13 13:14:37','2025-03-16 21:26:56','igpm',4,'2019-06-01 00:00:00','mensal'),(358,317,24,10,5.78,'2026-04-01 00:00:00','ativo',24,688.65,0,'NÚMERO DO CONTRATO: CDB-102-2022','2025-02-13 13:26:31','2025-07-18 03:07:13','ipca',1,'2022-05-29 21:00:00','mensal'),(359,127,22,15,0,'2025-08-01 00:00:00','ativo',12000,1247.41,0,'Infokeep.\nLançado conforme planilha de faturamento da Tacila - Financeiro. Contrato não encontrado.','2025-02-13 13:44:47','2025-03-16 21:27:08','igpm',1,'2023-08-01 00:00:00','mensal'),(360,127,22,15,0,'2025-11-01 00:00:00','ativo',12000,1515.54,0,'Contrato não encontrado.\nLançado conforme planilha de faturamento da Tacila - Financeiro.','2025-02-13 13:46:06','2025-03-16 21:27:14','igpm',1,'2023-11-01 00:00:00','mensal'),(361,132,14,10,8.52,'2026-04-01 00:00:00','ativo',12,542.20,0,'Contrato LMPB0419 - Limasoft','2025-02-13 14:23:45','2025-07-18 03:07:13','igpm',1,'2019-04-10 21:00:00','mensal'),(362,132,23,10,5.28,'2026-03-01 00:00:00','ativo',12,509.60,0,'Contrato: LMSB0419 - Limasoft\n','2025-02-13 14:27:04','2025-07-18 03:07:13','inpc',1,'2019-04-10 21:00:00','mensal'),(363,259,24,10,0,'2025-08-01 00:00:00','ativo',36,596.52,0,'Equipamento locado: SOPHOS XGS 87','2025-02-13 15:02:42','2025-03-16 21:27:29','ipca',1,'2022-10-26 00:00:00','mensal'),(364,340,14,10,5.51,'2026-03-01 00:00:00','ativo',12,439.19,0,'Contrato Nº: PROLINX-1113\n\nArmazenamento: Volumetria de 500 GB de backup em nuvem a serem distribuídos da seguinte forma: *300 GB para o CARTORIO DE REGISTRO DE IMOVEIS DE TARUMIRIM e *200 GB para o CARTÓRIO DE REGISTRO CIVIL E TABELIONATO DE NOTAS DURVAL DE BARROS.','2025-02-13 15:27:13','2025-07-18 03:07:13','ipca',1,'2023-03-07 21:00:00','mensal'),(365,318,24,10,5.23,'2026-07-01 00:00:00','ativo',12,1288.19,0,'EQUIPAMENTO LOCADO: Sophos XGS 126\nContrato em nome de: LABBING SANTA LUCIA COWORK, CNPJ nº 33.300.644/0002-35','2025-02-17 13:28:51','2025-07-18 03:07:13','ipca',1,'2022-07-15 00:00:00','mensal'),(366,135,19,20,0,'2025-12-01 00:00:00','inativo',12,3492.32,0,'MAR 191-21','2025-02-17 13:50:02','2025-06-23 15:43:09','ipca',1,'2021-12-01 00:00:00','mensal'),(367,135,19,20,0,'2025-11-01 00:00:00','ativo',12,10452.00,0,'MAR 191-21','2025-02-17 13:52:31','2025-03-16 21:27:49','igpm',1,'2025-12-01 00:00:00','mensal'),(368,106,22,20,5.16,'2026-06-01 00:00:00','ativo',12,2696.65,0,'Contrato: MED 131-20','2025-02-17 14:08:28','2025-07-18 03:07:13','igpm',1,'2020-03-03 21:00:00','mensal'),(369,106,14,5,6.49,'2026-02-26 00:00:00','ativo',12,1932.87,0,'CONTRATO: BACKUP 62-20','2025-02-17 14:11:56','2025-07-20 03:00:39','ipca',1,'2020-03-10 21:00:00','mensal'),(370,106,24,15,0,'2025-12-01 00:00:00','ativo',36,2180.91,0,'CONTRATO: MED1120 (Infokeep)','2025-02-17 14:15:06','2025-06-24 11:25:19','igpm',1,'2020-11-17 21:00:00','mensal'),(371,136,18,5,5.78,'2026-04-01 00:00:00','ativo',12,385.79,0,'Contrato Nº: PROLINX-1147','2025-02-17 14:23:50','2025-07-18 03:07:13','ipca',1,'2021-12-31 21:00:00','mensal'),(372,136,14,5,0,'2026-01-01 00:00:00','ativo',12,707.67,0,'CONTRATO: BACKUP MHES 01-2020','2025-02-17 14:25:48','2025-03-16 21:28:16','inpc',1,'2020-01-08 00:00:00','mensal'),(373,136,4,5,0,'2026-01-01 00:00:00','ativo',12000,24.11,0,'LANÇADO CONFORME PLANILHA DE FATRAMENTO DA TACILA - FINANCEIRO.','2025-02-17 14:27:32','2025-03-16 21:28:22','inpc',1,'2025-01-01 00:00:00','mensal'),(374,138,14,10,0,'2025-10-01 00:00:00','ativo',12,260.65,0,'CONTRATO: MIB 08-2013','2025-02-17 14:30:35','2025-03-16 21:28:27','igpm',1,'2013-08-20 00:00:00','mensal'),(375,139,22,20,5.28,'2026-03-01 00:00:00','ativo',12,423.37,0,'Contrato: MTC12/2017','2025-02-17 15:01:43','2025-07-18 03:07:14','inpc',1,'2018-02-28 21:00:00','mensal'),(376,235,23,10,5.51,'2026-03-01 00:00:00','ativo',36,289.87,0,'Contrato Nº: C-IILP.2021-0408','2025-02-17 15:22:52','2025-07-18 03:07:14','ipca',1,'2022-02-02 21:00:00','mensal'),(377,1,22,5,0,'2025-09-30 00:00:00','ativo',12,1679.41,0,'Lançado conforme planilha de faturamento da Tacila - Financeiro. Contrato não encontrado. (Infokeep)','2025-02-17 17:07:22','2025-03-16 21:28:43','inpc',1,'1997-10-09 00:00:00','mensal'),(378,1,9,5,0,'2025-09-30 00:00:00','ativo',12,324.23,0,'Lançado conforme planilha de faturamento da Tacila - Financeiro. Contrato não encontrado. (Infokeep)','2025-02-17 17:08:32','2025-03-16 21:28:48','inpc',1,'1997-10-09 00:00:00','mensal'),(379,1,14,5,0,'2025-10-01 00:00:00','ativo',12,648.44,0,'Lançado conforme planilha de faturamento da Tacila - Financeiro. Contrato não encontrado. (Infokeep)','2025-02-17 17:09:53','2025-03-16 21:28:53','inpc',1,'1997-10-09 00:00:00','mensal'),(380,155,24,5,5.78,'2026-04-01 00:00:00','ativo',12,318.04,0,'Contrato MP 04-2017','2025-02-17 17:25:43','2025-07-18 03:07:14','ipca',1,'2017-04-11 21:00:00','mensal'),(381,155,17,12,5.66,'2026-05-01 00:00:00','ativo',12,2743.94,0,'CONTRATO: ORP 192-17\n','2025-02-17 17:30:17','2025-07-18 03:07:14','ipca',1,'2017-05-16 21:00:00','mensal'),(382,155,22,5,0,'2025-09-01 00:00:00','ativo',12,916.18,0,'Contrato: ORP 08-2019','2025-02-17 17:39:25','2025-03-16 21:29:09','igpm',1,'2019-08-01 00:00:00','mensal'),(383,155,14,1,0,'2025-11-14 00:00:00','ativo',12,555.40,2,'Lançado conforme planilha de faturamento da Tacila Santos - Financeiro.\n\nContrato não encontrado. 1TB (de acordo com a proposta comercial emitida em: 14/11/2023).\n\nRealizado o upgrade do contrato em 28/02/25 para 1.5TB com vigor até 14/11/25 realizado pela Luciana Costa.\n\n','2025-02-17 17:42:23','2025-06-24 16:55:09','inpc',2,'2022-11-30 21:00:00','mensal'),(384,155,21,1,0,'2018-02-01 00:00:00','ativo',12000,0.00,0,'Cadastrado conforme planilha da Tacila - Financeiro. ','2025-02-17 17:44:17','2025-06-24 16:56:17','',1,'2018-01-31 21:00:00','mensal'),(385,219,17,1,3.65,'2027-05-29 00:00:00','ativo',12000,417.09,0,'lançado conforme planilha de faturamento da Tacila - Financeiro.','2025-02-17 17:57:14','2025-07-20 03:00:39','inpc',2,'2021-06-01 00:00:00','mensal'),(386,150,14,25,7.63,'2026-02-01 00:00:00','ativo',12000,428.89,0,'Lançado conforme planilha de faturamento da Tacila - financeiro. Contrato não encontrado.','2025-02-17 18:46:05','2025-07-18 03:07:14','igpm',1,'2025-01-31 21:00:00','mensal'),(387,150,16,25,0,'2025-09-01 00:00:00','ativo',12,1514.69,0,'Contrato: PHDI-0920','2025-02-17 18:47:23','2025-03-16 21:29:35','igpm',1,'2020-09-28 00:00:00','mensal'),(388,263,24,10,5.51,'2026-03-01 00:00:00','ativo',36,682.89,0,'Contrato Nº: PROLINX-1516\nEquipamento Locado: Firewall Sophos XGS107.\n','2025-02-17 18:52:40','2025-07-18 03:07:14','ipca',1,'2024-02-18 21:00:00','mensal'),(389,148,22,15,4.35,'2026-07-01 00:00:00','ativo',12,4800.00,0,'CONTRATO Nº: 2024-PGD06','2025-02-18 11:29:59','2025-07-18 03:07:14','igpm',1,'2024-06-01 00:00:00','mensal'),(390,149,24,15,7.72,'2026-05-01 00:00:00','ativo',36,3156.15,0,'Contrato: 075-05-2021 - Infokeep','2025-02-18 13:46:08','2025-07-18 03:07:14','igpm',1,'2021-04-30 21:00:00','mensal'),(391,149,22,15,7.63,'2026-02-01 00:00:00','ativo',12,248.03,0,'Contrato 148.09/2019 - Infokeep','2025-02-18 13:56:28','2025-07-18 03:07:14','igpm',1,'2019-09-13 21:00:00','mensal'),(392,154,22,15,0,'2025-12-01 00:00:00','ativo',12,2550.20,0,'Contrato nº 147.11/2019','2025-02-18 15:17:00','2025-06-25 15:24:23','igpm',1,'2019-11-10 21:00:00','mensal'),(393,154,14,15,0,'2025-08-01 00:00:00','ativo',12,2449.80,0,'CONTRATO 147.11/2019 (lançado conforme aditivo salvo na pasta do sharepoint)','2025-02-18 15:49:00','2025-03-16 21:30:05','igpm',1,'2019-11-01 00:00:00','mensal'),(394,226,22,10,0,'2025-11-01 00:00:00','ativo',12,374.22,0,'Contrato Nº: C-IILP.2021-0408 ','2025-02-18 16:08:23','2025-03-16 21:30:10','ipca',1,'2021-01-25 00:00:00','mensal'),(395,320,23,10,5.51,'2026-03-01 00:00:00','ativo',36,791.10,0,'Contrato Nº: PROLINX-1577','2025-02-18 16:13:41','2025-07-18 03:07:14','ipca',1,'2024-04-23 21:00:00','mensal'),(396,321,22,10,0,'2025-10-01 00:00:00','ativo',12,3000.00,0,' CONTRATO: HCP-180924\n','2025-02-18 19:02:24','2025-03-16 21:30:20','ipca',1,'2024-09-19 00:00:00','mensal'),(397,321,23,10,0,'2025-12-01 00:00:00','ativo',36,700.00,0,'Equipamento Locado: Firewall Sophos XGS 107 Security Appliance + Standard Protection .','2025-02-18 19:23:12','2025-06-25 15:31:12','ipca',1,'2024-10-16 21:00:00','mensal'),(398,96,14,1,5.32,'2026-06-01 00:00:00','ativo',12,860.27,0,'CONTRATO: FAAL0519\n500GB','2025-02-18 19:27:31','2025-07-18 03:07:14','inpc',1,'2019-06-02 21:00:00','mensal'),(399,96,23,1,0,'2025-07-31 00:00:00','ativo',12,327.98,0,'CONTRATO: FAALSB 0519\n1 MERAKI MX64','2025-02-18 19:30:02','2025-06-25 15:33:18','igpm',1,'2019-06-02 21:00:00','mensal'),(400,322,22,10,0,'2025-08-01 00:00:00','ativo',12,867.11,0,' CONTRATO: C-IILP.2021-0777','2025-02-18 19:40:14','2025-03-16 21:30:41','ipca',1,'2022-05-20 00:00:00','mensal'),(401,322,24,10,5.44,'2026-06-01 00:00:00','ativo',36,2018.02,0,'Contrato Nº: PROLINX-1224\nEquipamento Locado: Sophos XGS 136 Security Appliance (Xstream Protection).','2025-02-18 19:42:51','2025-07-18 03:07:14','ipca',1,'2023-06-22 21:00:00','mensal'),(402,261,23,10,5.51,'2026-03-01 00:00:00','ativo',12,504.29,0,'Contrato N.º: PROLINX-1530','2025-02-18 19:46:25','2025-07-18 03:07:14','ipca',1,'2024-02-27 21:00:00','mensal'),(403,223,17,1,0,'2025-11-01 00:00:00','ativo',12,525.86,0,'Contrato: VT08_15','2025-02-19 15:41:50','2025-03-16 21:30:56','igpm',1,'2021-08-10 00:00:00','mensal'),(404,345,21,1,0,'2020-04-01 00:00:00','ativo',12000,21.00,0,'VALOR ANTIVIRUS ANUAL: R$252,00','2025-02-19 18:10:08','2025-06-25 15:46:13','',1,'2020-03-31 21:00:00','mensal'),(405,169,24,5,0,'2025-08-01 00:00:00','inativo',12,5719.23,0,'CONTRATO Nº: PPJ210923\n','2025-02-19 18:19:51','2025-06-17 17:22:23','igpm',1,'2023-12-11 00:00:00','mensal'),(406,169,24,5,0,'2025-08-01 00:00:00','inativo',12,1000.00,0,'CONTRATO Nº: PPJ210923','2025-02-19 18:20:41','2025-06-17 17:22:23','igpm',1,'2023-12-11 00:00:00','mensal'),(407,166,21,1,0,'2020-12-01 00:00:00','ativo',12000,70.00,0,'VALOR ANTIVIRUS ANUAL: R$840,00','2025-02-19 18:41:25','2025-06-25 15:47:46','',1,'2020-10-31 21:00:00','mensal'),(408,175,24,5,5.16,'2026-06-01 00:00:00','ativo',12,570.58,0,'Gerenciamento, suporte e comodato de segurança de borda Sonicwall TZ 105 em 12 meses. NÚMERO DO CONTRATO: PL 79-18.','2025-02-19 19:09:56','2025-07-18 03:07:14','igpm',1,'2018-06-27 21:00:00','mensal'),(409,175,14,5,5.32,'2026-06-01 00:00:00','ativo',12,804.70,0,'CONTRATO: BACKUP PLASTIFICA 06-2018\n1050gb','2025-02-19 19:12:22','2025-07-18 03:07:14','inpc',1,'2018-06-28 21:00:00','mensal'),(410,172,23,10,0,'2025-10-01 00:00:00','ativo',36,341.74,0,'Contrato: IGSB0819\nSonicwall SOHO 250 ','2025-02-19 19:21:15','2025-03-16 21:31:33','igpm',1,'2019-10-02 00:00:00','mensal'),(411,173,17,10,0,'2026-01-01 00:00:00','ativo',12,1708.94,0,'Lançado conforme planilha de faturamento da Tacila - Financeiro.','2025-02-19 19:25:45','2025-03-16 21:31:38','igpm',1,'2022-01-25 00:00:00','mensal'),(412,173,4,10,0,'2026-01-01 00:00:00','ativo',12000,138.32,0,'Lançado conforme planilha de faturamento - Tacila Financeiro.','2025-02-19 19:27:11','2025-03-16 21:31:43','ipca',1,'2022-01-25 00:00:00','mensal'),(413,173,14,10,0,'2026-01-01 00:00:00','ativo',12,348.77,0,'500gb','2025-02-19 19:31:10','2025-03-16 21:31:49','ipca',1,'2022-01-25 00:00:00','mensal'),(414,25,4,14,7.72,'2026-05-01 00:00:00','ativo',12000,32.55,0,'Lançado conforme planilha de faturamento Tacila - Financeiro.','2025-02-19 19:44:11','2025-07-18 03:07:14','igpm',1,'2025-04-30 21:00:00','mensal'),(415,25,22,14,7.72,'2026-05-01 00:00:00','ativo',12000,527.65,0,'Lançado conforme planilha de faturamento da Tacila - Financeiro.\nContrato não encontrado.','2025-02-20 13:14:55','2025-07-18 03:07:14','igpm',1,'2025-04-30 21:00:00','mensal'),(416,25,16,14,7.72,'2026-05-01 00:00:00','ativo',12000,146.93,0,'Lançado conforme planilha de faturamento da Tacila - Financeiro.\nContrato não encontrado.','2025-02-20 13:15:48','2025-07-18 03:07:14','igpm',1,'1979-12-31 21:00:00','mensal'),(417,323,16,10,0,'2026-01-01 00:00:00','inativo',12,1677.92,0,'Contrato Nº: PROLINX-1431','2025-02-20 13:19:01','2025-05-07 15:01:49','ipca',1,'2023-12-21 00:00:00','mensal'),(418,32,22,5,0,'2025-10-01 00:00:00','ativo',12,915.32,0,'Contrato Limasoft - CAS 128-19 ','2025-02-20 13:43:52','2025-06-26 09:23:13','ipca',1,'2019-09-30 21:00:00','mensal'),(419,32,24,5,0,'2025-09-01 00:00:00','ativo',36,1125.00,0,'Contrato Limasoft: CAS 211-19','2025-02-20 13:54:44','2025-03-16 21:32:20','igpm',1,'2019-10-22 00:00:00','mensal'),(420,32,14,5,0,'2025-10-01 00:00:00','ativo',12,272.94,0,'Contrato Limasoft: CAS 233-2019\n300gb','2025-02-20 13:56:29','2025-03-16 21:32:25','igpm',1,'2019-10-21 00:00:00','mensal'),(421,324,14,10,0,'2025-08-01 00:00:00','ativo',12,162.59,0,'Contrato Nº: PROLINX-0886\n50gb','2025-02-20 15:00:36','2025-03-16 21:32:31','ipca',1,'2022-08-01 00:00:00','mensal'),(422,347,21,1,0,'2019-08-01 00:00:00','ativo',12000,90.00,0,'Lançado conforme planilha de faturamento da Tacila - Financeiro.\nValor antivírus anual R$:1.080,00.','2025-02-20 15:06:23','2025-06-26 10:18:55','',1,'2019-07-31 21:00:00','mensal'),(423,326,22,0,0,'2025-08-01 00:00:00','ativo',12,750.46,0,'Contrato Nº: PROLINX-1326','2025-02-20 15:25:35','2025-06-26 10:21:06','ipca',1,'2023-08-23 21:00:00','mensal'),(424,326,24,10,0,'2025-09-01 00:00:00','ativo',36,1071.13,0,'Contrato Nº: PROLINX-1362\nEquipamento(s) Locado(s): Sophos XGS 116 Security Appliance - Xstream Protection.','2025-02-20 15:26:59','2025-03-16 21:32:46','ipca',1,'2023-09-01 00:00:00','mensal'),(425,326,14,10,0,'2025-11-01 00:00:00','ativo',12,417.68,0,'750gb\nContrato Nº: PROLINX-1410','2025-02-20 15:28:37','2025-03-16 21:32:51','ipca',1,'2023-10-27 00:00:00','mensal'),(426,174,16,10,0,'2025-08-31 00:00:00','ativo',12,613.06,0,'CONTRATO: RMT-01-0820\n','2025-02-20 16:56:41','2025-03-16 21:32:56','igpm',4,'2020-08-24 00:00:00','mensal'),(427,174,14,10,0,'2025-08-01 00:00:00','ativo',12,324.68,0,'CONTRATO: BNRM 001-20\n500gb','2025-02-20 17:01:42','2025-03-16 21:33:01','inpc',4,'2020-08-24 00:00:00','mensal'),(429,44,14,5,5.32,'2026-06-01 00:00:00','ativo',12,227.23,0,'BACKUP CTNORCPN NM - RO-2019\n200gb','2025-02-20 17:07:03','2025-07-18 03:07:14','inpc',4,'2019-06-09 21:00:00','mensal'),(430,183,22,5,0,'2025-07-31 00:00:00','ativo',12,343.27,0,'Contrato: STP 82-18','2025-02-20 17:16:55','2025-03-16 21:33:12','ipca',4,'2018-06-25 00:00:00','mensal'),(431,234,24,20,5.51,'2026-03-31 00:00:00','ativo',36,881.81,0,'Contrato:Nº. 000406','2025-02-20 17:39:09','2025-07-18 03:07:14','ipca',4,'2023-02-23 21:00:00','mensal'),(432,234,24,10,0,'2025-11-01 00:00:00','ativo',36,1224.11,0,'Contrato: Nº. 00217\nSOPHOS XGS 126\n','2025-02-20 17:44:26','2025-03-16 21:33:22','igpm',1,'2021-09-23 00:00:00','mensal'),(433,379,24,10,5.23,'2026-07-01 00:00:00','ativo',36,805.00,0,'Nº 000555\nSOPHOS XGS 107 com licença de software Xstream Protection','2025-02-20 17:51:21','2025-07-18 03:07:14','ipca',1,'2024-06-04 21:00:00','mensal'),(434,176,14,1,0,'2025-10-01 00:00:00','ativo',12,859.10,0,'Contrato: SDP-102018\n2TB','2025-02-20 19:05:43','2025-03-16 21:33:33','igpm',1,'2018-10-24 00:00:00','mensal'),(435,182,17,15,0,'2025-09-01 00:00:00','ativo',12,3413.63,0,'Contrato Limasoft','2025-02-20 19:14:45','2025-03-16 21:33:38','igpm',1,'2013-08-17 00:00:00','mensal'),(436,327,22,10,0,'2025-06-01 00:00:00','inativo',12,621.00,0,'contrato: C-IILP.2022\n','2025-02-20 20:11:06','2025-05-07 15:02:36','ipca',4,'2022-06-14 00:00:00','mensal'),(437,186,16,5,0,'2025-12-01 00:00:00','ativo',12,606.67,0,'Lançado conforme planilha de faturamento Tacila - Financeiro.\nContrato não encontrado. ','2025-02-21 11:48:58','2025-03-16 21:33:48','igpm',1,'2024-12-01 00:00:00','mensal'),(438,231,16,5,0,'2025-11-01 00:00:00','ativo',36,694.87,0,'Contrato Nº: C-IILP.2021-0441\nEquipamento(s) Locado(s): Sophos XGS 126\n','2025-02-21 11:54:14','2025-03-16 21:33:53','igpm',1,'2021-11-12 00:00:00','mensal'),(439,164,24,15,0,'2025-03-01 00:00:00','inativo',36,2313.04,0,'Contrato Nº: C-IILP.2021-0093\nEquipamento(s) Locado(s): FIREWALL SOPHOS XGS 136 EM HA + LICENCIAMENTO XTREAM PROTECTION.','2025-02-21 12:02:27','2025-06-13 11:51:15','igpm',1,'2021-02-16 00:00:00','mensal'),(440,20,22,10,0,'2025-10-01 00:00:00','ativo',12,2750.62,0,'Contrato RLR-06','2025-02-21 13:04:44','2025-06-26 15:01:01','igpm',4,'2012-05-31 21:00:00','mensal'),(441,20,14,10,7.81,'2026-03-01 00:00:00','ativo',12,807.75,0,'Backup 64-20\n2TB','2025-02-21 19:48:56','2025-07-18 03:07:14','igpm',4,'2020-03-19 21:00:00','mensal'),(442,20,4,10,8.52,'2026-04-01 00:00:00','ativo',12000,724.77,0,'Lançado conforme planilha da Tacila - Financeiro.','2025-02-21 19:53:18','2025-07-18 03:07:14','igpm',1,'2024-03-31 21:00:00','mensal'),(443,247,14,10,0,'2025-11-01 00:00:00','ativo',12,584.75,0,'CONTRATO: C-IILP.2021-0854\n750GB','2025-02-24 13:15:39','2025-03-16 21:34:19','ipca',1,'2022-07-12 00:00:00','mensal'),(444,349,24,10,0,'2025-10-01 00:00:00','ativo',36,646.00,0,'Contrato Nº: PSTA-092024\nEquipamento(s) Locado(s): SophosXGS 87 e licença Standard Protection.','2025-02-24 13:26:51','2025-03-16 21:34:24','ipca',1,'2024-09-19 00:00:00','mensal'),(445,192,24,5,4.35,'2026-07-01 00:00:00','ativo',36,627.17,0,'CONTRATO INFOKEEP: ISSB0720\nSOPHOS X86','2025-02-24 13:31:35','2025-07-18 03:07:14','igpm',1,'2020-07-01 00:00:00','mensal'),(446,350,24,15,4.35,'2026-07-01 00:00:00','ativo',36,627.17,0,'LANÇADO CONFORME PLANILHA DA TACILA - FINANCEIRO.\nCONTRATO NÃO ENCONTRADO.','2025-02-24 13:34:45','2025-07-18 03:07:14','igpm',1,'2020-07-01 00:00:00','mensal'),(447,187,9,10,7.63,'2026-02-01 00:00:00','ativo',12000,81.17,0,'LANÇADO CONFORME PLANILHA DE FATURAMENTO - TACILA FINANCEIRO.','2025-02-24 13:45:40','2025-07-18 03:07:14','igpm',1,'2025-01-31 21:00:00','mensal'),(448,12,21,1,0,'2019-01-01 00:00:00','ativo',12000,0.00,0,'LANÇADO CONFORME PLANILHA DE FATURAMENTO TACILA FINANCEIRO.','2025-02-24 13:53:28','2025-06-26 15:18:19','',1,'2018-12-31 21:00:00','mensal'),(449,12,14,10,0,'2026-01-01 00:00:00','ativo',12,776.15,0,'CONTRATO BACKUP 61-16','2025-02-24 13:55:14','2025-03-16 21:34:51','igpm',1,'2016-12-01 00:00:00','mensal'),(450,351,24,10,0,'2026-01-01 00:00:00','ativo',36,782.18,0,'CONTRATO Nº: PLTANGFW-1023\n','2025-02-24 14:26:35','2025-03-16 21:34:56','ipca',1,'2023-10-28 00:00:00','mensal'),(451,351,4,10,0,'2026-01-01 00:00:00','ativo',12000,2502.75,0,'CONTRATO Nº: PLTANGFW-1023\n','2025-02-24 14:28:23','2025-03-16 21:35:02','ipca',1,'2023-10-28 00:00:00','mensal'),(452,353,4,10,0,'2026-01-01 00:00:00','ativo',12000,5005.51,0,'CONTRATO Nº: PLTANGFW-1023\n','2025-02-24 14:29:50','2025-03-16 21:35:08','ipca',1,'2023-10-28 00:00:00','mensal'),(453,353,24,10,0,'2026-01-01 00:00:00','ativo',36,2753.37,0,'CONTRATO Nº: PLTANGFW-1023\n','2025-02-24 14:31:37','2025-03-16 21:35:13','ipca',1,'2023-10-28 00:00:00','mensal'),(454,355,4,10,0,'2026-01-01 00:00:00','ativo',12000,13252.78,0,'CONTRATO Nº: PLTANGFW-1023\n','2025-02-24 14:33:47','2025-06-26 15:26:00','ipca',1,'2023-10-27 21:00:00','mensal'),(455,355,24,10,0,'2026-01-01 00:00:00','ativo',36,7386.16,0,'CONTRATO Nº: PLTANGFW-1023\n','2025-02-24 14:35:25','2025-06-26 15:26:49','ipca',1,'2023-10-27 21:00:00','mensal'),(456,352,4,10,0,'2026-01-01 00:00:00','ativo',12000,5005.51,0,'CONTRATO Nº: PLTANGFW-1023\n','2025-02-24 14:36:17','2025-03-16 21:35:28','ipca',1,'2023-10-28 00:00:00','mensal'),(457,352,24,10,0,'2026-01-01 00:00:00','ativo',36,1564.37,0,'CONTRATO Nº: PLTANGFW-1023\n','2025-02-24 14:37:21','2025-03-16 21:35:33','ipca',1,'2023-10-28 00:00:00','mensal'),(458,329,8,10,0,'2025-08-01 00:00:00','ativo',12,1563.45,0,' CONTRATO: TCTP04082023\n','2025-02-24 14:40:54','2025-06-26 15:29:45','ipca',1,'2023-07-31 21:00:00','mensal'),(459,225,4,1,0,'2025-01-01 00:00:00','ativo',12000,230.55,0,'Lançado conforme planilha da Tacila - Financeiro.','2025-02-24 14:47:05','2025-03-16 21:35:44','',1,'2025-01-01 00:00:00','mensal'),(460,191,16,10,0,'2025-12-31 00:00:00','ativo',12,1231.29,0,'CONTRATO NÃO ENCONTRADO.\nLANÇADO CONFORME PLANILHA DE FATURAMENTO TACILA - FINANCEIRO. ','2025-02-24 14:57:54','2025-03-16 21:35:49','igpm',4,'2025-01-01 00:00:00','mensal'),(461,191,14,10,5.32,'2026-06-01 00:00:00','ativo',12,564.43,0,'Contrato: BACKUP TECPISO DO BRASIL LTDA. 06-2018 \n1TB','2025-02-24 14:59:46','2025-07-18 03:07:14','inpc',4,'2021-11-25 21:00:00','mensal'),(462,191,24,10,0,'2025-10-01 00:00:00','inativo',36,331.79,0,'NÚMERO DO CONTRATO: IGSB0819 \nSonicwall SOHO 250 com Bundle','2025-02-24 15:09:41','2025-06-26 15:34:28','igpm',4,'2019-09-20 00:00:00','mensal'),(463,191,4,10,0,'2025-10-01 00:00:00','ativo',12000,330.00,0,'Lançado conforme planilha de faturamento da Tacila - Financeiro.','2025-02-24 15:10:55','2025-03-16 21:36:05','igpm',4,'2025-01-01 00:00:00','mensal'),(464,189,14,5,0,'2025-08-01 00:00:00','ativo',12,614.64,0,'750GB\nContrato Nº: PROLINX-1379','2025-02-24 15:23:26','2025-03-16 21:36:10','igpm',1,'2023-09-26 00:00:00','mensal'),(465,189,4,5,0,'2025-08-01 00:00:00','ativo',12000,87.59,0,'Lançado conforme planilha de faturamento da Tacila _ Financeiro.','2025-02-24 15:28:27','2025-03-16 21:36:16','igpm',1,'2018-03-29 00:00:00','mensal'),(466,189,22,5,0,'2025-10-01 00:00:00','ativo',12,414.84,0,'Contrato Nº: PROLINX-1317','2025-02-24 15:31:26','2025-06-26 15:37:03','inpc',1,'2023-08-15 21:00:00','mensal'),(467,196,14,10,0,'2025-10-01 00:00:00','ativo',12,478.36,0,'CONTRATO: TRANSOESTE TRANSPORTES URBANOS LTDA 09-18\n700GB','2025-02-27 17:23:25','2025-03-16 21:36:27','inpc',1,'2018-09-28 00:00:00','mensal'),(468,196,4,10,0,'2025-10-01 00:00:00','ativo',12000,198.22,0,'Lançado conforme planilha de faturamento da Tacila - Financeiro.','2025-02-27 17:27:47','2025-03-16 21:36:32','',1,'2024-10-01 00:00:00','mensal'),(469,255,14,10,0,'2025-05-01 00:00:00','inativo',12,1082.74,0,' CONTRATO: PTCP-032022\n2TB','2025-02-27 17:36:42','2025-06-13 11:51:33','ipca',1,'2022-03-11 00:00:00','mensal'),(470,255,22,10,0,'2025-04-01 00:00:00','inativo',24,765.51,0,'CONTRATO: PTFCP-042022','2025-02-27 17:58:32','2025-06-13 11:51:33','ipca',1,'2022-04-12 00:00:00','mensal'),(471,255,19,10,0,'2025-04-01 00:00:00','inativo',12,1640.39,0,'Contrato não encontrado.\nLançado conforme planilha da Tacila - financeiro.','2025-02-27 18:12:19','2025-06-13 11:51:33','ipca',1,'2024-04-01 00:00:00','mensal'),(472,255,24,10,0,'2025-04-01 00:00:00','inativo',36,2128.85,0,' CONTRATO: PTCF-032022\n\nXGS 126 Security Appliance | STANDARD PROTECTION (life center)\n\nXGS 136 Security Appliance | STANDARD PROTECTION (Matriz)\n\nXGS 116 Security Appliance | STANDARD PROTECTION (São Paulo)\n','2025-02-27 18:18:45','2025-06-13 11:51:33','ipca',1,'2022-03-25 00:00:00','mensal'),(473,356,18,20,0,'2025-10-31 00:00:00','ativo',36,42727.65,0,'CONTRATO: TRA-20240903\n\nContrato guarda-chuva:\n\n-Suporte, Gestão e Monitoramento;\n-Time de Security Operation Center (SOC) – Blue Team;\n-Gestão de Segurança de Borda – Sophos Firewall;\n-Infraestrutura Huawei;\n-Licenciamento Microsoft;\n\nValores lançados de acordo com a planilha de faturamento da Tacila - Financeiro.','2025-02-27 18:57:07','2025-06-26 15:55:24','ipca',1,'2024-09-02 21:00:00','mensal'),(474,230,14,25,7.72,'2026-05-01 00:00:00','ativo',12,480.53,0,'750GB\nContrato C-IIL.2021-0262\n','2025-02-27 19:45:52','2025-07-18 03:07:14','igpm',1,'2021-08-29 21:00:00','mensal'),(475,244,14,10,5.78,'2026-02-01 00:00:00','ativo',12,211.27,0,'Contrato Nº: C-IILP.2021-0586\n250GB','2025-02-28 14:11:32','2025-07-18 03:07:14','ipca',1,'2022-02-21 21:00:00','mensal'),(476,244,17,10,0,'2026-01-01 00:00:00','ativo',12,1188.73,0,'Contrato Nº: C-IILP.2021-0408','2025-02-28 14:13:29','2025-06-26 15:56:53','ipca',1,'2022-01-04 21:00:00','mensal'),(477,97,22,5,7.72,'2026-05-01 00:00:00','ativo',12,1972.87,0,'Contrato 121.05/2015 - Infokeep','2025-02-28 14:34:29','2025-07-18 03:07:14','igpm',1,'2015-05-07 21:00:00','mensal'),(478,251,8,10,0,'2026-01-01 00:00:00','ativo',12,2328.20,0,'','2025-02-28 14:38:42','2025-03-16 21:37:27','igpm',1,'2021-12-28 00:00:00','mensal'),(479,212,9,15,0,'2025-03-01 00:00:00','inativo',12,172.50,0,'Contrato Nº: C-IILP.2021-0134','2025-02-28 14:46:11','2025-06-13 11:50:56','igpm',1,'2021-03-10 00:00:00','mensal'),(480,250,24,10,0,'2026-01-01 00:00:00','ativo',12,1048.70,0,'Contrato Nº: PROLINX-1470','2025-02-28 15:37:23','2025-03-16 21:37:38','ipca',1,'2023-12-27 00:00:00','mensal'),(481,331,23,10,5.78,'2026-02-01 00:00:00','ativo',12,517.57,0,'Contrato N.º: PROLINX-1038','2025-02-28 17:18:21','2025-07-18 03:07:14','ipca',1,'2022-12-14 21:00:00','mensal'),(482,332,23,10,5.78,'2026-02-01 00:00:00','ativo',12,1568.40,0,'Contrato Nº: PROLINX-1473\nEquipamento(s) Locado(s): Sophos XGS136. ','2025-02-28 18:32:32','2025-07-18 03:07:14','ipca',1,'2024-01-01 21:00:00','mensal'),(483,357,24,10,5.51,'2026-03-01 00:00:00','ativo',36,894.86,0,' Unidade Betim – Minas Gerais, Equipamento Sophos XGS 87 Xstream \nProtection – Pagamento mensal de R$ 815,00 com vencimento todo dia 10 (dez), pelo período de 36 meses – Setup inicial: R$1. 100,00\n\nCONTRATO Nº: ICAL-080223 ','2025-03-05 16:28:54','2025-07-18 03:07:14','ipca',1,'2023-02-07 21:00:00','mensal'),(484,195,21,1,0,'2020-01-01 00:00:00','ativo',12000,0.00,0,'Lançado conforme planilha de faturamento - Tacila.','2025-03-05 18:12:43','2025-06-26 16:05:07','',1,'2019-12-31 21:00:00','mensal'),(485,195,17,10,5.16,'2026-06-30 00:00:00','ativo',12,1890.07,0,'CONTRATO USI07-12','2025-03-05 18:28:43','2025-07-18 03:07:14','igpm',4,'2012-07-10 00:00:00','mensal'),(486,195,14,10,0,'2025-09-01 00:00:00','ativo',12,249.74,0,'CONTRATO: USINAGEM MORATO LTDA - ME 09-18\n200GB','2025-03-05 18:40:42','2025-03-16 21:38:10','inpc',4,'2018-09-14 00:00:00','mensal'),(487,200,23,5,0,'2025-10-01 00:00:00','ativo',12,656.80,0,'NÚMERO DO CONTRATO: VITAE 10-18\n','2025-03-05 18:50:21','2025-03-16 21:38:15','igpm',4,'2021-10-09 00:00:00','mensal'),(488,200,14,5,4.35,'2026-07-01 00:00:00','ativo',12,313.58,0,'NÚMERO DO CONTRATO: VTM | 07-2020\n500GB','2025-03-05 18:58:32','2025-07-18 03:07:14','igpm',4,'2020-07-22 00:00:00','mensal'),(489,224,14,10,0,'2025-10-31 00:00:00','ativo',12,1100.33,0,'Contrato Nº: C-IILP.2021-0317\n2TB','2025-03-05 19:09:57','2025-04-23 09:27:37','ipca',1,'2021-07-13 21:00:00','mensal'),(490,224,23,10,5.23,'2026-07-01 00:00:00','ativo',36,543.14,0,'EQUIPAMENTO lOCADO: SOPHOS XG 106 \nCONTRATO Nº C-IILP.2021.0307','2025-03-05 19:15:50','2025-07-18 03:07:14','ipca',1,'2021-07-14 00:00:00','mensal'),(491,224,22,10,0,'2025-11-01 00:00:00','ativo',12,748.46,0,'Contrato Nº: C-IILP.2021-0408','2025-03-05 19:29:21','2025-03-16 21:38:38','ipca',1,'2021-11-01 00:00:00','mensal'),(492,45,17,1,7.63,'2026-02-01 00:00:00','ativo',12,490.16,0,'NÚMERO DO CONTRATO: CT07_2021','2025-03-05 19:31:57','2025-07-18 03:07:14','igpm',1,'2021-01-31 21:00:00','mensal'),(493,358,14,1,6.64,'2026-01-30 00:00:00','ativo',12,965.52,0,'LANÇADO CONFORME PLANILHA DE FATURAMENTO - TACILA FINANCEIRO.','2025-03-05 19:36:41','2025-07-18 03:07:14','igpm',1,'2022-09-04 21:00:00','mensal'),(494,45,23,1,7.63,'2026-02-01 00:00:00','ativo',12,306.35,0,'Lançado conforme planilha de faturamento.','2025-03-05 19:40:36','2025-07-18 03:07:14','igpm',1,'2015-07-27 21:00:00','mensal'),(495,45,14,1,0,'2025-09-01 00:00:00','ativo',12,306.35,0,'NÚMERO DO CONTRATO: PROLINX-0906\n1,5TB','2025-03-05 19:42:39','2025-06-26 16:23:08','ipca',1,'2022-09-04 21:00:00','mensal'),(496,333,22,10,0,'2026-01-01 00:00:00','ativo',12,1468.18,0,'Contrato N.º: PROLINX-1454','2025-03-05 19:52:38','2025-03-16 21:39:04','ipca',1,'2023-12-13 00:00:00','mensal'),(497,205,4,10,4.35,'2026-07-01 00:00:00','ativo',12000,131.58,0,'','2025-03-05 19:55:16','2025-07-18 03:07:14','igpm',1,'2018-06-08 00:00:00','mensal'),(498,26,21,1,0,'2024-07-01 00:00:00','ativo',12000,70.00,0,'LANÇADO CONFORME PLANILHA DE FATURAMENTO .\nValor antivírus anual: R$840,00.','2025-03-05 19:57:12','2025-06-26 16:26:30','',4,'2018-07-31 21:00:00','mensal'),(499,26,14,1,5.28,'2026-03-01 00:00:00','ativo',12,1084.04,0,'CONTRATO: BACKUP C1RITDPJ-08-2019\n250GB','2025-03-05 19:58:52','2025-07-18 03:07:14','inpc',4,'2019-08-22 21:00:00','mensal'),(500,362,24,20,0,'2026-01-01 00:00:00','ativo',36,658.34,0,'Equipamento(s) Locado(s): Firewall XGS107 + Standard Protection for XGS 107. ','2025-03-06 12:30:18','2025-03-16 21:39:25','ipca',1,'2023-01-05 00:00:00','mensal'),(501,360,24,1,5.51,'2026-03-01 00:00:00','ativo',36,1087.00,0,'CONTRATO Nº: ICAL-080223 \n\nItem 4 – Prudente de Moraes - Minas Gerais, Equipamento Sophos XGS 107 Xstream Protection – Pagamento mensal de R$ 990,00 com vencimento todo dia 10 (dez), pelo período de 36 meses – Setup inicial: R$ 1.300,00','2025-03-06 12:59:56','2025-07-18 03:07:14','ipca',1,'2023-02-07 21:00:00','mensal'),(502,361,24,1,5.51,'2026-03-01 00:00:00','ativo',36,1087.00,0,'CONTRATO Nº: ICAL-080223 \n\nItem 5 - Unidade Quixerê – Ceará, Equipamento Sophos XGS 107 Xstream \nProtection – Pagamento mensal de R$ 990,00 com vencimento todo dia 10 (dez), pelo período de 36 meses – Setup inicial: R$ 1.300,00','2025-03-06 13:02:25','2025-07-18 03:07:14','ipca',1,'2023-02-07 21:00:00','mensal'),(503,366,24,1,5.51,'2026-03-01 00:00:00','ativo',36,1372.48,0,'CONTRATO Nº: ICAL-080223\n\nItem 6 - Unidade Pains – Minas Gerais, Equipamento Sophos XGS 116 Xstream \nProtection – Pagamento mensal de R$ 1.250,00 com vencimento todo dia 10 (dez), pelo período de 36 meses – Setup inicial: R$ 1.500,00','2025-03-06 13:05:55','2025-07-18 03:07:14','ipca',1,'2023-02-07 21:00:00','mensal'),(504,359,24,1,5.51,'2026-03-01 00:00:00','ativo',36,4062.53,0,'CONTRATO Nº: ICAL-080223\n\nItem 7 - São José da Lapa – Minas Gerais, Equipamento Sophos XGS 2100 Xstream Protection – Pagamento mensal de R$ 3.700,00 com vencimento todo dia 10 (dez), pelo período de 36 meses – Setup inicial: R$ 3.600,00','2025-03-06 13:07:34','2025-07-18 03:07:14','ipca',1,'2023-02-07 21:00:00','mensal'),(505,363,24,1,5.51,'2026-03-01 00:00:00','ativo',36,894.86,0,'CONTRATO Nº: ICAL-080223\n\nItem 1 – Unidade Sarzedo – Minas Gerais, Equipamento Sophos XGS 87 Xstream \nProtection – Pagamento mensal de R$ 815,00 com vencimento todo dia 10 (dez), pelo período de 36 meses – Setup inicial: R$ 1.100,00 ','2025-03-06 13:10:24','2025-07-18 03:07:14','ipca',1,'2023-02-07 21:00:00','mensal'),(506,319,14,1,0,'2023-05-31 00:00:00','ativo',36,2500.00,0,'CONTRATO Nº190/2023\nPROCESSO LICITATÓRIO Nº 120/2023\nPREGÃO ELETÔNICO Nº054/2023','2025-03-06 13:17:59','2025-05-22 16:53:58','',1,'2023-05-30 21:00:00','mensal'),(507,367,24,1,0,'2026-01-01 00:00:00','ativo',36,1100.00,0,'Contrato nº PROLINX-1767\n\nEquipamento(s) Locado(s): Firewall Sophos XGS128 com licenciamento standard Protection\n','2025-03-06 13:47:10','2025-03-16 21:40:03','ipca',1,'2025-01-07 00:00:00','mensal'),(508,6,3,1,0,'1980-01-01 00:00:00','inativo',12000,3246.28,0,'LANÇADO CONFORME PLANILHA DE CONSOLIDAÇÃO CSP FORNECIDA PELA LUCIANA.','2025-03-11 18:00:43','2025-05-19 10:35:03','',1,'1980-01-01 00:00:00','mensal'),(509,308,26,1,NULL,'2025-11-01 00:00:00','ativo',12,10000.00,0,'Contrato de prestação de Serviços - 127/2024','2025-03-18 09:42:15','2025-03-18 09:42:15','',1,'2024-10-31 21:00:00','mensal'),(510,191,24,10,NULL,'2026-04-01 00:00:00','ativo',36,750.00,0,'Contrato Nº: PROLINX-1841\nEquipamento(s) Locado(s): XGS 108 + Standard Protection.','2025-03-31 13:43:04','2025-03-31 13:43:04','ipca',1,'2025-03-24 21:00:00','mensal'),(511,191,38,1,NULL,'2026-03-28 00:00:00','inativo',12,762.20,0,'25 licenças  - Valor unitário R$30,50','2025-04-02 09:53:42','2025-06-26 15:31:08','',1,'2025-03-27 21:00:00','mensal'),(512,191,40,1,NULL,'2026-03-28 00:00:00','inativo',12,238.50,0,'3 licenças - Valor unitário R$79,50','2025-04-02 09:56:23','2025-06-26 15:31:24','',1,'2025-03-27 21:00:00','mensal'),(513,191,34,1,NULL,'2026-03-28 00:00:00','inativo',12,300.00,0,'12 licenças - valor unitário R$25,00','2025-04-02 09:57:42','2025-06-26 15:31:50','',1,'2025-03-27 21:00:00','mensal'),(514,369,76,10,NULL,'2026-07-10 00:00:00','ativo',12,18843.14,0,'Contrato nº 0095/2023 – Processo Administrativo nº 1427/2023','2025-04-03 11:18:09','2025-04-23 16:17:13','igpm',1,'2025-07-10 21:00:00','mensal'),(515,370,17,10,NULL,'2026-03-01 00:00:00','ativo',12,2000.00,0,'Contrato Nº: PROLINX-1827','2025-04-08 14:36:52','2025-06-18 15:20:33','ipca',1,'2025-03-11 21:00:00','mensal'),(516,365,24,10,NULL,'2026-02-08 00:00:00','inativo',12,1734.87,0,'CONTRATO Nº: ICAL-080223','2025-04-09 15:54:47','2025-05-07 15:02:12','ipca',1,'2023-02-07 21:00:00','mensal'),(517,372,17,10,NULL,'2026-03-01 00:00:00','ativo',12,8800.00,0,'Contrato Nº: PROLINX-1832','2025-04-16 15:43:10','2025-04-16 15:43:10','ipca',1,'2025-03-12 21:00:00','mensal'),(518,75,19,1,NULL,'2026-04-01 00:00:00','ativo',12,2000.00,0,'8h mensais.\nInformação repassada pelo Raphael Marcos (Contrato Não Encontrado).','2025-04-24 11:33:36','2025-04-24 11:33:36','',1,'2025-04-10 21:00:00','mensal'),(519,75,17,1,NULL,'2026-04-01 00:00:00','ativo',12,2000.00,0,'Contrato não encontrado. \nLançado conforme planilha de faturamento - Tacila.','2025-04-24 11:34:52','2025-04-24 11:34:52','',1,'2025-04-10 21:00:00','mensal'),(520,371,23,10,NULL,'2026-03-01 00:00:00','ativo',12,1500.00,0,'Contrato 04/2025','2025-04-28 15:15:15','2025-04-28 15:15:15','',1,'2025-03-25 21:00:00','mensal'),(521,125,4,10,4.35,'2026-07-01 00:00:00','ativo',12000,27.00,0,'Lançado conforme planilha da Tacila - Financeiro.','2025-04-28 15:21:08','2025-07-18 03:07:14','igpm',1,'2025-06-30 21:00:00','mensal'),(522,13,38,1,NULL,'1980-01-01 00:00:00','inativo',12000,198.45,0,'Custo unitário R$28,35 - 35 unidades \nLançado conforme planilha de consolidação CSP enviada pela Luciana. \nDatas e duração do contrato são fictícios. \n','2025-04-29 12:05:42','2025-06-26 16:58:51','',5,'1979-12-31 21:00:00','mensal'),(523,6,31,1,NULL,'1980-01-01 00:00:00','inativo',12000,14460.52,0,'Valor unitário R$3.246,28 - 20 unidades\nLançado conforme planilha de consolidação CSP enviada pela Luciana. \nDatas e duração do contrato são fictícios. ','2025-04-29 12:07:15','2025-06-26 16:59:06','',5,'1979-12-31 21:00:00','mensal'),(524,6,30,1,NULL,'1980-01-01 00:00:00','inativo',12000,3615.13,0,'Valor unitário R$ 368,85 - 5 unidades\nLançado conforme planilha de consolidação CSP enviada pela Luciana. \nDatas e duração do contrato são fictícios. ','2025-04-29 12:09:16','2025-06-26 16:59:20','',5,'1979-12-31 21:00:00','mensal'),(525,246,34,1,NULL,'1980-01-01 00:00:00','inativo',12000,70.70,0,'Valor unitário R$43,50 - 10 unidades\nLançado conforme planilha de consolidação CSP enviada pela Luciana. \nDatas e duração do contrato são fictícios. ','2025-04-29 12:12:25','2025-06-26 16:57:00','',5,'1979-12-31 21:00:00','mensal'),(526,246,38,1,NULL,'1980-01-01 00:00:00','inativo',12000,70.70,0,'Valor unitário R$ 27,20 -  5 unidades \nLançado conforme planilha de consolidação CSP enviada pela Luciana. \nDatas e duração do contrato são fictícios. ','2025-04-29 12:15:54','2025-06-26 16:57:14','',5,'1979-12-31 21:00:00','mensal'),(527,283,38,1,NULL,'1980-01-01 00:00:00','inativo',12000,2617.08,0,'Valor unitário R$76,01 - 175 unidades \nLançado conforme planilha de consolidação CSP enviada pela Luciana. \nDatas e duração do contrato são fictícios. ','2025-04-29 12:17:51','2025-06-26 16:59:44','',5,'1979-12-31 21:00:00','mensal'),(528,334,35,1,NULL,'1980-01-01 00:00:00','inativo',12000,265.80,0,'Valor unitário R$12,08 \nLançado conforme planilha de consolidação CSP enviada pela Luciana. \nDatas e duração do contrato são fictícios. ','2025-04-29 13:53:21','2025-06-26 17:04:16','',5,'1979-12-31 21:00:00','mensal'),(529,334,39,1,NULL,'1980-01-01 00:00:00','inativo',12000,730.20,0,'Valor unitario R$ 179,19 - 25 unidades\nLançado conforme planilha de consolidação CSP enviada pela Luciana. \nDatas e duração do contrato são fictícios. ','2025-04-29 14:25:58','2025-06-26 17:04:16','',5,'1979-12-31 21:00:00','mensal'),(530,373,34,1,NULL,'1980-01-01 00:00:00','inativo',12000,1209.93,0,'Valor unitário R$31,44 - 8 unidades\nLançado conforme planilha de consolidação CSP enviada pela Luciana. \nDatas e duração do contrato são fictícios. ','2025-04-29 15:02:20','2025-06-26 17:00:31','',5,'1979-12-31 21:00:00','mensal'),(531,368,23,20,NULL,'2026-01-01 00:00:00','ativo',12,3300.00,0,'Contrato N.º: PROLINX-1779','2025-05-07 15:05:36','2025-05-07 15:06:20','ipca',1,'2025-01-14 21:00:00','mensal'),(532,354,24,10,NULL,'2025-10-28 00:00:00','ativo',36,782.18,0,'','2025-05-07 15:07:28','2025-05-07 15:11:57','ipca',1,'2023-10-27 21:00:00','mensal'),(533,354,4,10,NULL,'2025-10-28 00:00:00','ativo',36,2502.75,0,'','2025-05-07 15:09:54','2025-05-07 15:09:54','ipca',1,'2023-10-27 21:00:00','mensal'),(535,374,14,1,NULL,'2026-05-01 00:00:00','ativo',12,4600.00,0,'CONTRATO Nº: DHP06042023\n3,7TB - Recuperação de Desastres (DR) – Veeam e Azure','2025-05-21 14:20:49','2025-05-21 14:20:49','',1,'2025-04-28 21:00:00','mensal'),(536,319,24,1,NULL,'2026-05-01 00:00:00','ativo',36,6315.00,0,'CONTRATO N° 086/2025 PREGÃO ELETRÔNICO Nº 90021/2025','2025-05-22 15:26:23','2025-05-22 15:26:23','ipca',1,'2025-05-12 21:00:00','mensal'),(537,104,24,10,NULL,'2026-07-01 00:00:00','ativo',24,2290.00,0,'CONTRATO: PROLINX-1879\nSOPHOS XGS 138 EM HA','2025-05-28 09:54:26','2025-06-20 14:05:02','ipca',1,'2025-07-09 21:00:00','mensal'),(538,11,24,10,NULL,'2025-11-01 00:00:00','ativo',36,650.00,0,'Contrato Nº: PROLINX-174\nEquipamento(s) Locado(s): XGS 88','2025-06-17 11:01:45','2025-06-17 11:01:45','ipca',1,'2024-11-18 21:00:00','mensal'),(539,287,14,10,4.6,'2026-08-31 00:00:00','ativo',12,437.98,0,'Contrato Nº: PROLINX-1409\n750GB.','2025-06-18 14:39:16','2025-07-19 03:01:37','ipca',1,'2023-10-26 21:00:00','mensal'),(540,287,4,1,NULL,'2026-04-01 00:00:00','ativo',12000,180.00,0,'','2025-06-18 14:46:27','2025-06-18 14:46:27','',1,'2025-03-31 21:00:00','mensal'),(541,50,21,1,NULL,'1980-01-01 00:00:00','ativo',12000,216.67,0,'Valor do Antivírus Anual: R$2.600,00 (de acordo com a Planilha de Faturamento). Datas fictícias, pois não foram localizadas as reais.','2025-06-20 10:05:54','2025-07-20 03:00:00','',1,'1979-12-31 21:00:00','mensal'),(542,170,8,1,NULL,'2025-12-01 00:00:00','ativo',12,625.00,0,'Lançado conforme planilha de faturamento. Contrato não encontrado. Datas fictícias.','2025-06-20 10:48:33','2025-06-20 10:48:33','',1,'2024-11-30 21:00:00','mensal'),(543,375,22,10,NULL,'2026-01-01 00:00:00','ativo',6,720.00,0,'Lançado conforme planilha de Faturamento. Contrato não encontrado. ','2025-06-20 14:17:37','2025-06-20 14:17:37','ipca',1,'2025-05-31 21:00:00','mensal'),(544,267,8,5,NULL,'2025-12-01 00:00:00','ativo',12,625.00,0,'Lançado conforme planilha de faturamento. Contrato não encontrado.','2025-06-23 11:02:31','2025-06-23 11:02:31','igpm',1,'1979-12-31 21:00:00','mensal'),(545,267,14,10,NULL,'2025-11-01 00:00:00','ativo',12,300.00,0,'Contrato não encontrado. Lançado conforme planilha de faturamento.','2025-06-23 11:06:13','2025-06-23 11:06:13','ipca',1,'1979-12-31 21:00:00','mensal'),(546,267,6,5,5.23,'2026-07-01 00:00:00','ativo',12,216.00,0,'Contrato não encontrado. Lançado conforme planilha de faturamento. ','2025-06-23 11:07:38','2025-07-18 03:07:14','ipca',1,'1979-12-31 21:00:00','mensal'),(547,159,19,25,7.81,'2026-03-01 00:00:00','ativo',12,1000.00,0,'Lançado conforme planilha de faturamento. Contrato não encontrado.','2025-06-23 14:01:22','2025-07-18 03:07:14','igpm',1,'1979-12-31 21:00:00','mensal'),(548,328,22,20,4.89,'2026-01-01 00:00:00','ativo',12,1309.00,0,'Lançado conforme planilha de faturamento. Contrato não encontrado.','2025-06-23 15:08:23','2025-07-18 03:07:14','ipca',1,'1979-12-31 21:00:00','mensal'),(549,378,23,20,NULL,'2026-04-01 00:00:00','ativo',12,400.00,0,'','2025-06-24 16:39:40','2025-06-24 16:39:40','ipca',1,'2025-02-09 21:00:00','mensal'),(550,154,24,20,NULL,'2026-04-01 00:00:00','ativo',36,890.00,0,'Contrato Nº: PROLINX-1812\nEquipamento(s) Locado(s): Firewalls XGS108 e XGS88. ','2025-06-25 15:27:14','2025-06-25 15:27:14','ipca',1,'2025-02-15 21:00:00','mensal'),(551,152,22,10,NULL,'2025-11-01 00:00:00','ativo',12,18000.00,0,'CONTRATO PLP102023','2025-06-25 15:43:32','2025-06-25 15:43:32','ipca',1,'2023-10-02 21:00:00','mensal'),(552,32,19,5,NULL,'2025-10-01 00:00:00','ativo',12,1200.00,0,'Lançado conforme planilha de faturamento.','2025-06-26 10:16:39','2025-06-26 10:16:39','igpm',1,'1979-12-31 21:00:00','mensal'),(553,326,4,10,NULL,'2026-04-01 00:00:00','ativo',12,300.00,0,'Lançado conforme Planilha de Faturamento.','2025-06-26 10:22:40','2025-06-26 10:22:40','ipca',1,'2025-03-31 21:00:00','mensal'),(554,380,19,10,NULL,'2026-02-01 00:00:00','ativo',12,10000.00,0,'Lançado conforme planilha de faturamento.','2025-06-26 11:49:37','2025-06-26 11:49:37','',1,'2025-01-31 21:00:00','mensal'),(555,190,17,10,7.72,'2026-05-01 00:00:00','ativo',12,334.67,0,'Lançado conforme planilha de faturamento. Data de inicio fictícia. ','2025-06-26 15:51:35','2025-07-18 03:07:14','igpm',1,'1979-12-31 21:00:00','mensal'),(557,233,78,10,NULL,'2025-12-01 00:00:00','ativo',12,330.30,0,'Trata-se de uma ação estratégica para retenção do cliente, sem custos adicionais. Esta demanda foi solicitada por Leonardo Fonseca. Presleyson Lima - 01/07/2025','2025-07-01 10:18:47','2025-07-01 10:20:05','ipca',1,'2025-06-30 21:00:00','mensal'),(558,104,22,10,7.63,'2026-02-01 00:00:00','ativo',12,517.00,0,'Lançado conforme planilha de faturamento.','2025-07-03 09:45:20','2025-07-18 03:07:14','igpm',1,'2020-07-31 21:00:00','mensal');
/*!40000 ALTER TABLE `contratos` ENABLE KEYS */;
UNLOCK TABLES;

--
-- Table structure for table `contratos_erros_reajuste`
--

DROP TABLE IF EXISTS `contratos_erros_reajuste`;
/*!40101 SET @saved_cs_client     = @@character_set_client */;
/*!50503 SET character_set_client = utf8mb4 */;
CREATE TABLE `contratos_erros_reajuste` (
  `id` int NOT NULL AUTO_INCREMENT,
  `id_contrato` int NOT NULL,
  `erro` text NOT NULL,
  `tentativas_reajuste` int NOT NULL DEFAULT '0',
  `created_at` datetime NOT NULL,
  `updated_at` datetime NOT NULL,
  PRIMARY KEY (`id`),
  KEY `id_contrato` (`id_contrato`),
  CONSTRAINT `contratos_erros_reajuste_ibfk_1` FOREIGN KEY (`id_contrato`) REFERENCES `contratos` (`id`) ON DELETE CASCADE ON UPDATE CASCADE
) ENGINE=InnoDB AUTO_INCREMENT=97 DEFAULT CHARSET=utf8mb4 COLLATE=utf8mb4_0900_ai_ci;
/*!40101 SET character_set_client = @saved_cs_client */;

--
-- Dumping data for table `contratos_erros_reajuste`
--

LOCK TABLES `contratos_erros_reajuste` WRITE;
/*!40000 ALTER TABLE `contratos_erros_reajuste` DISABLE KEYS */;
INSERT INTO `contratos_erros_reajuste` VALUES (1,13,'Unexpected token A in JSON at position 0',4,'2025-07-18 03:00:28','2025-07-20 03:00:22'),(3,39,'Unexpected token A in JSON at position 0',4,'2025-07-18 03:01:00','2025-07-20 03:00:22'),(4,182,'Unexpected token A in JSON at position 0',4,'2025-07-18 03:02:32','2025-07-20 03:00:22'),(5,186,'Unexpected token A in JSON at position 0',4,'2025-07-18 03:02:35','2025-07-20 03:00:23'),(6,189,'Unexpected token A in JSON at position 0',4,'2025-07-18 03:02:39','2025-07-20 03:00:23'),(7,198,'Unexpected token A in JSON at position 0',4,'2025-07-18 03:02:46','2025-07-20 03:00:23'),(8,201,'Unexpected token A in JSON at position 0',4,'2025-07-18 03:02:50','2025-07-20 03:00:23'),(9,202,'Unexpected token A in JSON at position 0',4,'2025-07-18 03:02:50','2025-07-20 03:00:23'),(10,206,'Unexpected token A in JSON at position 0',4,'2025-07-18 03:02:55','2025-07-20 03:00:23'),(11,212,'Unexpected token A in JSON at position 0',4,'2025-07-18 03:03:02','2025-07-20 03:00:23'),(12,238,'Unexpected token A in JSON at position 0',4,'2025-07-18 03:03:12','2025-07-20 03:00:24'),(13,262,'Unexpected token A in JSON at position 0',4,'2025-07-18 03:03:29','2025-07-20 03:00:24'),(14,275,'Unexpected token A in JSON at position 0',4,'2025-07-18 03:03:38','2025-07-20 03:00:24'),(15,276,'Unexpected token A in JSON at position 0',4,'2025-07-18 03:03:38','2025-07-20 03:00:24'),(17,285,'Unexpected token A in JSON at position 0',4,'2025-07-18 03:04:16','2025-07-20 03:00:24'),(18,300,'Unexpected token A in JSON at position 0',4,'2025-07-18 03:04:31','2025-07-20 03:00:24'),(19,308,'Unexpected token A in JSON at position 0',4,'2025-07-18 03:04:38','2025-07-20 03:00:25'),(20,322,'Unexpected token A in JSON at position 0',4,'2025-07-18 03:04:52','2025-07-20 03:00:25'),(21,335,'Unexpected token A in JSON at position 0',4,'2025-07-18 03:05:01','2025-07-20 03:00:25'),(22,342,'Unexpected token A in JSON at position 0',4,'2025-07-18 03:05:10','2025-07-20 03:00:25'),(23,353,'Unexpected token A in JSON at position 0',4,'2025-07-18 03:05:20','2025-07-20 03:00:25'),(24,384,'Unexpected token A in JSON at position 0',4,'2025-07-18 03:05:40','2025-07-20 03:00:25'),(25,404,'Unexpected token A in JSON at position 0',4,'2025-07-18 03:05:57','2025-07-20 03:00:26'),(26,407,'Unexpected token A in JSON at position 0',4,'2025-07-18 03:05:57','2025-07-20 03:00:26'),(27,422,'Unexpected token A in JSON at position 0',4,'2025-07-18 03:06:06','2025-07-20 03:00:26'),(28,448,'Unexpected token A in JSON at position 0',4,'2025-07-18 03:06:20','2025-07-20 03:00:26'),(29,459,'Unexpected token A in JSON at position 0',4,'2025-07-18 03:06:20','2025-07-20 03:00:26'),(30,484,'Unexpected token A in JSON at position 0',4,'2025-07-18 03:06:32','2025-07-20 03:00:26'),(31,498,'Unexpected token A in JSON at position 0',4,'2025-07-18 03:06:44','2025-07-20 03:00:27'),(32,506,'Unexpected token A in JSON at position 0',4,'2025-07-18 03:06:54','2025-07-20 03:00:27'),(33,541,'Unexpected token A in JSON at position 0',4,'2025-07-18 03:06:58','2025-07-20 03:00:27'),(34,13,'Unexpected token A in JSON at position 0',3,'2025-07-19 03:00:01','2025-07-20 03:00:27'),(35,39,'Unexpected token A in JSON at position 0',3,'2025-07-19 03:00:05','2025-07-20 03:00:27'),(36,182,'Unexpected token A in JSON at position 0',3,'2025-07-19 03:00:09','2025-07-20 03:00:27'),(37,186,'Unexpected token A in JSON at position 0',3,'2025-07-19 03:00:09','2025-07-20 03:00:27'),(38,189,'Unexpected token A in JSON at position 0',3,'2025-07-19 03:00:09','2025-07-20 03:00:28'),(39,198,'Unexpected token A in JSON at position 0',3,'2025-07-19 03:00:09','2025-07-20 03:00:28'),(40,201,'Unexpected token A in JSON at position 0',3,'2025-07-19 03:00:13','2025-07-20 03:00:28'),(41,202,'Unexpected token A in JSON at position 0',3,'2025-07-19 03:00:13','2025-07-20 03:00:28'),(42,206,'Unexpected token A in JSON at position 0',3,'2025-07-19 03:00:14','2025-07-20 03:00:29'),(43,212,'Unexpected token A in JSON at position 0',3,'2025-07-19 03:00:14','2025-07-20 03:00:29'),(44,238,'Unexpected token A in JSON at position 0',3,'2025-07-19 03:00:14','2025-07-20 03:00:29'),(45,262,'Unexpected token A in JSON at position 0',3,'2025-07-19 03:00:16','2025-07-20 03:00:29'),(46,275,'Unexpected token A in JSON at position 0',3,'2025-07-19 03:00:18','2025-07-20 03:00:29'),(47,276,'Unexpected token A in JSON at position 0',3,'2025-07-19 03:00:18','2025-07-20 03:00:29'),(48,285,'Unexpected token A in JSON at position 0',3,'2025-07-19 03:00:20','2025-07-20 03:00:30'),(49,300,'Unexpected token A in JSON at position 0',3,'2025-07-19 03:00:20','2025-07-20 03:00:30'),(50,308,'Unexpected token A in JSON at position 0',3,'2025-07-19 03:00:20','2025-07-20 03:00:30'),(51,322,'Unexpected token A in JSON at position 0',3,'2025-07-19 03:00:22','2025-07-20 03:00:30'),(53,335,'Unexpected token A in JSON at position 0',3,'2025-07-19 03:00:26','2025-07-20 03:00:31'),(54,342,'Unexpected token < in JSON at position 0',3,'2025-07-19 03:00:38','2025-07-20 03:00:31'),(55,353,'Unexpected token A in JSON at position 0',3,'2025-07-19 03:00:38','2025-07-20 03:00:31'),(56,384,'Unexpected token A in JSON at position 0',3,'2025-07-19 03:00:40','2025-07-20 03:00:31'),(57,404,'Unexpected token A in JSON at position 0',3,'2025-07-19 03:00:42','2025-07-20 03:00:31'),(58,407,'Unexpected token A in JSON at position 0',3,'2025-07-19 03:00:43','2025-07-20 03:00:31'),(59,422,'Unexpected token A in JSON at position 0',3,'2025-07-19 03:00:43','2025-07-20 03:00:32'),(60,448,'Unexpected token A in JSON at position 0',3,'2025-07-19 03:00:43','2025-07-20 03:00:32'),(61,459,'Unexpected token A in JSON at position 0',3,'2025-07-19 03:00:43','2025-07-20 03:00:32'),(62,484,'Unexpected token A in JSON at position 0',3,'2025-07-19 03:00:43','2025-07-20 03:00:32'),(63,498,'Unexpected token A in JSON at position 0',3,'2025-07-19 03:00:43','2025-07-20 03:00:33'),(64,506,'Unexpected token A in JSON at position 0',3,'2025-07-19 03:00:43','2025-07-20 03:00:33'),(65,541,'Unexpected token A in JSON at position 0',3,'2025-07-19 03:00:46','2025-07-20 03:00:33'),(66,13,'Unexpected token A in JSON at position 0',2,'2025-07-20 03:00:00','2025-07-20 03:00:33'),(67,39,'Unexpected token A in JSON at position 0',2,'2025-07-20 03:00:01','2025-07-20 03:00:33'),(68,182,'Unexpected token A in JSON at position 0',2,'2025-07-20 03:00:01','2025-07-20 03:00:34'),(69,186,'Unexpected token A in JSON at position 0',2,'2025-07-20 03:00:01','2025-07-20 03:00:34'),(70,189,'Unexpected token A in JSON at position 0',2,'2025-07-20 03:00:01','2025-07-20 03:00:34'),(71,198,'Unexpected token A in JSON at position 0',2,'2025-07-20 03:00:01','2025-07-20 03:00:34'),(72,201,'Unexpected token A in JSON at position 0',2,'2025-07-20 03:00:05','2025-07-20 03:00:34'),(73,202,'Unexpected token A in JSON at position 0',2,'2025-07-20 03:00:05','2025-07-20 03:00:35'),(74,206,'Unexpected token A in JSON at position 0',2,'2025-07-20 03:00:06','2025-07-20 03:00:35'),(75,212,'Unexpected token A in JSON at position 0',2,'2025-07-20 03:00:06','2025-07-20 03:00:35'),(76,238,'Unexpected token A in JSON at position 0',2,'2025-07-20 03:00:06','2025-07-20 03:00:35'),(77,262,'Unexpected token A in JSON at position 0',2,'2025-07-20 03:00:06','2025-07-20 03:00:36'),(78,275,'Unexpected token A in JSON at position 0',2,'2025-07-20 03:00:08','2025-07-20 03:00:36'),(79,276,'Unexpected token A in JSON at position 0',2,'2025-07-20 03:00:10','2025-07-20 03:00:36'),(80,285,'Unexpected token A in JSON at position 0',2,'2025-07-20 03:00:11','2025-07-20 03:00:36'),(81,300,'Unexpected token A in JSON at position 0',2,'2025-07-20 03:00:11','2025-07-20 03:00:36'),(82,308,'Unexpected token A in JSON at position 0',2,'2025-07-20 03:00:11','2025-07-20 03:00:36'),(83,322,'Unexpected token A in JSON at position 0',2,'2025-07-20 03:00:14','2025-07-20 03:00:36'),(84,335,'Unexpected token A in JSON at position 0',2,'2025-07-20 03:00:16','2025-07-20 03:00:37'),(85,342,'Unexpected token A in JSON at position 0',2,'2025-07-20 03:00:16','2025-07-20 03:00:37'),(86,353,'Unexpected token A in JSON at position 0',2,'2025-07-20 03:00:17','2025-07-20 03:00:37'),(87,384,'Unexpected token A in JSON at position 0',2,'2025-07-20 03:00:19','2025-07-20 03:00:37'),(88,404,'Unexpected token A in JSON at position 0',2,'2025-07-20 03:00:21','2025-07-20 03:00:37'),(89,407,'Unexpected token A in JSON at position 0',2,'2025-07-20 03:00:21','2025-07-20 03:00:37'),(90,422,'Unexpected token A in JSON at position 0',2,'2025-07-20 03:00:21','2025-07-20 03:00:38'),(91,448,'Unexpected token A in JSON at position 0',2,'2025-07-20 03:00:21','2025-07-20 03:00:38'),(92,459,'Unexpected token A in JSON at position 0',2,'2025-07-20 03:00:21','2025-07-20 03:00:38'),(93,484,'Unexpected token A in JSON at position 0',2,'2025-07-20 03:00:21','2025-07-20 03:00:38'),(94,498,'Unexpected token A in JSON at position 0',2,'2025-07-20 03:00:22','2025-07-20 03:00:38'),(95,506,'Unexpected token A in JSON at position 0',2,'2025-07-20 03:00:22','2025-07-20 03:00:38'),(96,541,'Unexpected token A in JSON at position 0',2,'2025-07-20 03:00:22','2025-07-20 03:00:39');
/*!40000 ALTER TABLE `contratos_erros_reajuste` ENABLE KEYS */;
UNLOCK TABLES;

--
-- Table structure for table `fabricantes`
--

DROP TABLE IF EXISTS `fabricantes`;
/*!40101 SET @saved_cs_client     = @@character_set_client */;
/*!50503 SET character_set_client = utf8mb4 */;
CREATE TABLE `fabricantes` (
  `id` int NOT NULL AUTO_INCREMENT,
  `nome` varchar(255) NOT NULL,
  `created_at` datetime NOT NULL,
  `updated_at` datetime NOT NULL,
  `status` enum('ativo','inativo') DEFAULT 'ativo',
  PRIMARY KEY (`id`),
  UNIQUE KEY `nome` (`nome`)
) ENGINE=InnoDB AUTO_INCREMENT=9 DEFAULT CHARSET=utf8mb4 COLLATE=utf8mb4_0900_ai_ci;
/*!40101 SET character_set_client = @saved_cs_client */;

--
-- Dumping data for table `fabricantes`
--

LOCK TABLES `fabricantes` WRITE;
/*!40000 ALTER TABLE `fabricantes` DISABLE KEYS */;
INSERT INTO `fabricantes` VALUES (1,'fornecedor inicial','2024-08-27 14:23:24','2024-08-27 14:23:24','ativo'),(2,'Prolinx','2024-09-25 16:47:17','2024-09-25 16:47:17','ativo'),(3,'Microsoft','2024-09-26 01:54:52','2024-09-26 01:54:52','ativo'),(4,'Go Cache','2024-09-26 01:55:09','2025-03-05 19:16:25','ativo'),(5,'Veeam','2024-09-26 01:55:23','2024-09-26 01:55:23','ativo'),(6,'Sophos','2024-09-26 01:55:38','2024-09-26 01:55:38','ativo'),(7,'Bitdefender','2024-09-27 15:45:17','2024-09-27 15:45:17','ativo'),(8,'fornecedor teste1','2025-02-04 15:06:45','2025-02-04 15:07:08','ativo');
/*!40000 ALTER TABLE `fabricantes` ENABLE KEYS */;
UNLOCK TABLES;

--
-- Table structure for table `fatos_importantes`
--

DROP TABLE IF EXISTS `fatos_importantes`;
/*!40101 SET @saved_cs_client     = @@character_set_client */;
/*!50503 SET character_set_client = utf8mb4 */;
CREATE TABLE `fatos_importantes` (
  `id` int NOT NULL AUTO_INCREMENT,
  `id_cliente` int NOT NULL,
  `conteudo` text NOT NULL,
  `created_at` datetime NOT NULL,
  `updated_at` datetime NOT NULL,
  PRIMARY KEY (`id`),
  KEY `id_cliente` (`id_cliente`),
  CONSTRAINT `fatos_importantes_ibfk_1` FOREIGN KEY (`id_cliente`) REFERENCES `clientes` (`id`) ON DELETE CASCADE ON UPDATE CASCADE
) ENGINE=InnoDB AUTO_INCREMENT=47 DEFAULT CHARSET=utf8mb4 COLLATE=utf8mb4_0900_ai_ci;
/*!40101 SET character_set_client = @saved_cs_client */;

--
-- Dumping data for table `fatos_importantes`
--

LOCK TABLES `fatos_importantes` WRITE;
/*!40000 ALTER TABLE `fatos_importantes` DISABLE KEYS */;
INSERT INTO `fatos_importantes` VALUES (1,31,'Contrato cancelado em 10/2023','2024-09-27 18:57:45','2024-09-27 18:57:45'),(2,31,'CONTRATO CANCELADO EM 10/23','2024-09-27 19:09:17','2024-09-27 19:09:17'),(3,246,'28/03/2023: Solicitaram cancelamento do contrato. Não possuem mais ambiente em cloud','2024-09-30 01:17:22','2024-09-30 01:17:22'),(4,246,'28/03/2023: Solicitaram cancelamento do contrato. Não possuem mais ambiente em cloud','2024-09-30 01:17:35','2024-09-30 01:17:35'),(5,31,'Contrato cancelado\n\n','2024-10-04 00:58:07','2024-10-04 00:58:07'),(6,31,'Contrato cancelado\n','2024-10-04 00:58:20','2024-10-04 00:58:20'),(7,31,'contrato cancelado','2024-10-04 00:59:03','2024-10-04 00:59:03'),(8,7,'Na data de 16/01/23, ficou definido que: • Será cancelado o contrato de Gestão de Datacenter;  ( • A volumetria do serviço de Probackup será reduzida para 1,2TB para as unidades de Contagem e São Paulo;  • O serviço de antivírus será mantido.','2024-10-27 23:36:41','2024-10-27 23:36:41'),(9,7,'22/03/2024: UPGRADE BACKUP PARA 4,2TB','2024-10-27 23:36:56','2024-10-27 23:36:56'),(10,10,'VOLUMETRIA BACKUP: 50GB','2024-10-30 21:38:03','2024-10-30 21:38:03'),(11,21,'12/01/2024 SOLCITARAM CANCELAMENTO DOS SERVIÇO','2024-10-30 21:38:49','2024-10-30 21:38:49'),(12,9,'CONTRATO ATUALIZADO EM 30/04/2024','2024-10-30 22:01:55','2024-10-30 22:01:55'),(13,237,'VOLUMETRIA DO BACKUP: 2TB com 7 agentes','2024-10-30 22:45:04','2024-10-30 22:45:04'),(14,237,'VOLUMETRIA DO BACKUP: 2TB com 7 agentes','2024-10-31 00:15:48','2024-10-31 00:15:48'),(15,209,'31/07/2023 :  SOLICITAÇÃO DE CANCELAMENTO SEM CUMPRIMENTO DO AVISO PRÉVIO','2024-10-31 00:59:36','2024-10-31 00:59:36'),(16,16,'VOLUMETRIA BACKUP: 2TB','2024-10-31 20:22:01','2024-10-31 20:22:01'),(17,21,'teste','2024-10-31 21:01:49','2024-10-31 21:01:49'),(18,152,'03/10/2023: WAF (Web Application Firewall) – Faturamento GoCache','2024-11-03 20:08:43','2024-11-03 20:08:43'),(19,152,'VOLUMETRIA BACKUP: 1TB','2024-11-03 20:08:59','2024-11-03 20:08:59'),(20,267,'01/03/2023: Contrato Gestão de datacenter para Fertilcare (unidade Huntington Brasília)','2024-11-03 23:58:45','2024-11-03 23:58:45'),(21,267,'07/06/23: Cancelamento de Sevice desk + alocado. Prestaremos serviço até 7/8/23','2024-11-03 23:59:04','2024-11-03 23:59:04'),(22,267,'30/04/2024: volumetria Backup 500gb -Fertilcare (unidade Huntington Brasília) ','2024-11-03 23:59:17','2024-11-03 23:59:17'),(23,267,'30/04/2024: volumetria Backup 100GB Cenafert (Unidade Huntington Salvador)','2024-11-03 23:59:27','2024-11-03 23:59:27'),(24,267,'30/04/2024: volumetria Backup 3,5 TB - Huntington','2024-11-03 23:59:51','2024-11-03 23:59:51'),(25,267,'30/04/2024: volumetria Backup 100 GB  - Huntington Salvador','2024-11-04 00:00:50','2024-11-04 00:00:50'),(26,170,'Gerenciamento, monitoramento e suporte de 6TB de armazenamento de backup (arquivo morto) e 1TB backup convencional:','2024-11-04 00:09:47','2024-11-04 00:09:47'),(27,268,'Análise de Vulnerabilidades (Pentest), Gestão de vulnerabilidades (ProSec) e C-SIRT (10h por mês)','2024-11-04 01:49:03','2024-11-04 01:49:03'),(28,15,'VOLUMETRIA BACKUP: 500GB','2024-11-04 17:58:23','2024-11-04 17:58:23'),(29,23,'VOLUMETRIA BACKUP: 500GB','2024-11-04 20:15:18','2024-11-04 20:15:18'),(30,29,'26/10 Cancelamento do contrato de locação de equipamentos - Servidor Dell em 14/10/2022','2024-11-05 17:36:01','2024-11-05 17:36:01'),(31,88,'15/07/2022 Foi rescindido o contrato de Locação de Discos\n','2024-11-12 02:04:50','2024-11-12 02:04:50'),(32,88,'30/11/2022 Rescindido o contrato de Gestão de Datacenter- Engelmig Construção','2024-11-12 02:05:08','2024-11-12 02:05:08'),(33,88,' 31/07/23: Encerramento do contrato de segurança de borda com a Engelmig.','2024-11-12 02:05:18','2024-11-12 02:05:18'),(36,236,'Cliente solicitou o cancelamento de contrato.','2024-12-19 20:31:58','2024-12-19 20:31:58'),(37,107,'Backup em Nuvem 1TB\nGestão DataCenter Monitoramento (SNOC, N2, N3)\n','2025-01-14 17:30:02','2025-01-14 17:30:02'),(38,69,'Solicitou o distrato do Backup em Nuvem em Março/24 com a Andrea e não foi realizado. As medidas necessárias estão sendo tratadas em Janeiro/25.','2025-01-15 14:25:57','2025-01-15 14:25:57'),(39,69,'Bruno entrou em contato com a Prolinx através da Gerente de contas: Andrea Ribeiro (func. desligada) para solicitar o cancelamento do Backup em Nuvem em 2024 e não foi realizado. As tratativas estão sendo realizadas em Janeiro/25.','2025-01-15 14:29:13','2025-01-15 14:29:13'),(40,302,'Mart Minas comprou o Dom Atacadista - os contatos foram dos gestores de chamado e contrato foram atualizados e a conta transferida para o gerente de contas: Rodrigo Moreira.','2025-01-17 13:53:14','2025-01-17 13:53:14'),(41,302,'Dom atacadista foi comprado pelo MartMinas, gestores de contrato e chamados atualizados e a conta passou para o gerente de contas Rodrigo Moreira.','2025-01-17 14:12:14','2025-01-17 14:12:14'),(42,302,'Dom atacadista foi comprado pelo MartMinas, gestores de contrato e chamados atualizados e a conta passou para o gerente de contas Rodrigo Moreira.','2025-01-17 14:12:33','2025-01-17 14:12:33'),(44,201,'teste','2025-02-04 18:00:08','2025-02-04 18:00:08'),(46,221,'Faculdade Arnaldo (UniArnaldo)\nRede Verbita','2025-04-04 10:11:53','2025-04-04 10:11:53');
/*!40000 ALTER TABLE `fatos_importantes` ENABLE KEYS */;
UNLOCK TABLES;

--
-- Table structure for table `faturados`
--

DROP TABLE IF EXISTS `faturados`;
/*!40101 SET @saved_cs_client     = @@character_set_client */;
/*!50503 SET character_set_client = utf8mb4 */;
CREATE TABLE `faturados` (
  `id` int NOT NULL AUTO_INCREMENT,
  `nome` varchar(255) NOT NULL,
  `status` enum('ativo','inativo') DEFAULT 'ativo',
  `created_at` datetime NOT NULL,
  `updated_at` datetime NOT NULL,
  PRIMARY KEY (`id`),
  UNIQUE KEY `nome` (`nome`)
) ENGINE=InnoDB AUTO_INCREMENT=6 DEFAULT CHARSET=utf8mb4 COLLATE=utf8mb4_0900_ai_ci;
/*!40101 SET character_set_client = @saved_cs_client */;

--
-- Dumping data for table `faturados`
--

LOCK TABLES `faturados` WRITE;
/*!40000 ALTER TABLE `faturados` DISABLE KEYS */;
INSERT INTO `faturados` VALUES (1,'Prolinx','ativo','2024-08-27 14:23:24','2024-08-27 14:23:24'),(2,'Clube de Permuta','ativo','2024-08-27 14:23:24','2024-08-27 14:23:24'),(3,'Braga & Fontes','inativo','2024-08-27 14:23:24','2025-01-07 18:38:24'),(4,'Infour','ativo','2024-08-27 14:23:24','2024-08-27 14:23:24'),(5,'Ingram Micro','ativo','2025-04-03 09:14:12','2025-04-03 09:14:12');
/*!40000 ALTER TABLE `faturados` ENABLE KEYS */;
UNLOCK TABLES;

--
-- Table structure for table `grupos_economicos`
--

DROP TABLE IF EXISTS `grupos_economicos`;
/*!40101 SET @saved_cs_client     = @@character_set_client */;
/*!50503 SET character_set_client = utf8mb4 */;
CREATE TABLE `grupos_economicos` (
  `id` int NOT NULL AUTO_INCREMENT,
  `nome` varchar(255) NOT NULL,
  `status` enum('ativo','inativo') NOT NULL DEFAULT 'ativo',
  `created_at` datetime NOT NULL DEFAULT CURRENT_TIMESTAMP,
  `updated_at` datetime NOT NULL DEFAULT CURRENT_TIMESTAMP,
  `id_classificacao_cliente` int DEFAULT NULL,
  PRIMARY KEY (`id`),
  UNIQUE KEY `nome` (`nome`),
  KEY `grupos_economicos_id_classificacao_cliente_foreign_idx` (`id_classificacao_cliente`),
  CONSTRAINT `grupos_economicos_id_classificacao_cliente_foreign_idx` FOREIGN KEY (`id_classificacao_cliente`) REFERENCES `classificacoes_clientes` (`id`) ON DELETE SET NULL ON UPDATE CASCADE
) ENGINE=InnoDB AUTO_INCREMENT=17 DEFAULT CHARSET=utf8mb4 COLLATE=utf8mb4_0900_ai_ci;
/*!40101 SET character_set_client = @saved_cs_client */;

--
-- Dumping data for table `grupos_economicos`
--

LOCK TABLES `grupos_economicos` WRITE;
/*!40000 ALTER TABLE `grupos_economicos` DISABLE KEYS */;
INSERT INTO `grupos_economicos` VALUES (1,'HOTEIS TAUA ','ativo','2025-07-10 15:35:24','2025-07-20 21:55:59',1),(2,'ALNUTRI','ativo','2025-07-10 16:16:22','2025-07-20 21:55:59',2),(3,'CARNEIRO ADVOGADOS','ativo','2025-07-10 16:17:20','2025-07-20 21:55:59',2),(4,'HUNTINGTON','ativo','2025-07-10 16:17:53','2025-07-20 21:55:59',1),(5,'LEITEPEU','ativo','2025-07-10 16:18:06','2025-07-20 21:56:00',4),(6,'MARTMINAS','ativo','2025-07-10 16:18:37','2025-07-20 21:55:59',1),(7,'ICAL','ativo','2025-07-10 16:18:46','2025-07-20 21:55:59',1),(8,'LOCAVIA','ativo','2025-07-10 16:18:58','2025-07-20 21:56:00',3),(9,'TECPISO','ativo','2025-07-10 16:19:17','2025-07-20 21:55:59',2),(10,'SUPERMERCADO TIO ANTONIO ','ativo','2025-07-10 16:19:29','2025-07-20 21:56:00',4),(11,'KRATOS (AMIGÃO)','ativo','2025-07-10 16:19:40','2025-07-20 21:55:59',3),(12,'COLEGIO PIO XII','ativo','2025-07-10 16:19:57','2025-07-20 21:55:59',2),(13,'EROS GUSTAVO','ativo','2025-07-10 16:20:07','2025-07-20 21:56:00',4),(14,'M ROSCOE','ativo','2025-07-10 16:20:18','2025-07-20 21:55:59',3),(15,'BOI BRASIL','ativo','2025-07-10 16:20:24','2025-07-20 21:55:59',1),(16,'SAFM MINERAÇÃO','ativo','2025-07-10 16:20:45','2025-07-20 21:55:59',2);
/*!40000 ALTER TABLE `grupos_economicos` ENABLE KEYS */;
UNLOCK TABLES;

--
-- Table structure for table `logs`
--

DROP TABLE IF EXISTS `logs`;
/*!40101 SET @saved_cs_client     = @@character_set_client */;
/*!50503 SET character_set_client = utf8mb4 */;
CREATE TABLE `logs` (
  `id` int NOT NULL AUTO_INCREMENT,
  `id_usuario` int NOT NULL,
  `id_contrato` int NOT NULL,
  `alteracao` text NOT NULL,
  `created_at` datetime NOT NULL,
  `updated_at` datetime NOT NULL,
  PRIMARY KEY (`id`),
  KEY `id_usuario` (`id_usuario`),
  KEY `id_contrato` (`id_contrato`),
  CONSTRAINT `logs_ibfk_1` FOREIGN KEY (`id_usuario`) REFERENCES `usuarios` (`id`) ON DELETE CASCADE ON UPDATE CASCADE,
  CONSTRAINT `logs_ibfk_2` FOREIGN KEY (`id_contrato`) REFERENCES `contratos` (`id`) ON DELETE CASCADE ON UPDATE CASCADE
) ENGINE=InnoDB DEFAULT CHARSET=utf8mb4 COLLATE=utf8mb4_0900_ai_ci;
/*!40101 SET character_set_client = @saved_cs_client */;

--
-- Dumping data for table `logs`
--

LOCK TABLES `logs` WRITE;
/*!40000 ALTER TABLE `logs` DISABLE KEYS */;
/*!40000 ALTER TABLE `logs` ENABLE KEYS */;
UNLOCK TABLES;

--
-- Table structure for table `produtos`
--

DROP TABLE IF EXISTS `produtos`;
/*!40101 SET @saved_cs_client     = @@character_set_client */;
/*!50503 SET character_set_client = utf8mb4 */;
CREATE TABLE `produtos` (
  `id` int NOT NULL AUTO_INCREMENT,
  `nome` varchar(255) NOT NULL,
  `id_fabricante` int NOT NULL,
  `created_at` datetime NOT NULL,
  `updated_at` datetime NOT NULL,
  `status` enum('ativo','inativo') DEFAULT 'ativo',
  `id_categoria_produto` int DEFAULT NULL,
  PRIMARY KEY (`id`),
  UNIQUE KEY `nome` (`nome`),
  KEY `id_fabricante` (`id_fabricante`),
  KEY `produtos_id_categoria_produto_foreign_idx` (`id_categoria_produto`),
  CONSTRAINT `produtos_ibfk_1` FOREIGN KEY (`id_fabricante`) REFERENCES `fabricantes` (`id`) ON DELETE CASCADE ON UPDATE CASCADE,
  CONSTRAINT `produtos_id_categoria_produto_foreign_idx` FOREIGN KEY (`id_categoria_produto`) REFERENCES `categorias_produtos` (`id`) ON DELETE RESTRICT ON UPDATE CASCADE
) ENGINE=InnoDB AUTO_INCREMENT=79 DEFAULT CHARSET=utf8mb4 COLLATE=utf8mb4_0900_ai_ci;
/*!40101 SET character_set_client = @saved_cs_client */;

--
-- Dumping data for table `produtos`
--

LOCK TABLES `produtos` WRITE;
/*!40000 ALTER TABLE `produtos` DISABLE KEYS */;
INSERT INTO `produtos` VALUES (1,'SUPORTE MICROSOFT 365',2,'2024-08-27 14:23:24','2025-07-14 15:24:27','ativo',3),(2,'NOC',2,'2024-08-27 14:23:24','2025-07-14 15:17:41','ativo',4),(3,'CSP - AZURE',3,'2024-08-27 14:23:24','2025-07-10 16:21:58','ativo',6),(4,'ANTIVÍRUS | MENSAL',2,'2024-08-27 14:23:24','2025-07-10 15:27:31','ativo',2),(5,'SUPORTE TI FLUX ',2,'2024-08-27 14:23:24','2025-07-14 15:24:44','ativo',3),(6,'SUPORTE TECNICO',2,'2024-08-27 14:23:24','2025-07-14 15:24:35','ativo',3),(7,'HORAS DE CONSULTORIA',2,'2024-08-27 14:23:24','2025-07-10 16:33:57','inativo',1),(8,'SOC - SIEM (PROSEC)',2,'2024-08-27 14:23:24','2025-07-14 15:23:43','ativo',4),(9,'HOSPEDAGEM ',2,'2024-08-27 14:23:24','2025-07-14 15:10:42','ativo',3),(10,'LOCAÇÃO SOPHOS',1,'2024-08-27 14:23:24','2025-07-14 15:11:19','inativo',5),(11,'CSP - MICROSOFT 365',3,'2024-08-27 14:23:24','2025-07-10 16:22:13','ativo',6),(12,'ALOCADO BODYSHOP',2,'2024-08-27 14:23:24','2025-07-10 15:27:53','ativo',3),(13,'LOCAÇÃO EQUIPAMENTOS',2,'2024-08-27 14:23:24','2025-07-14 15:11:10','ativo',5),(14,'BACKUP EM NUVEM ',2,'2024-08-27 14:23:24','2025-07-10 16:21:40','ativo',3),(15,'SERVICE DESK + ALOCADO',2,'2024-08-27 14:23:24','2025-07-14 15:23:13','ativo',3),(16,'HELP DESK',2,'2024-08-27 14:23:24','2025-07-10 16:23:24','ativo',3),(17,'SERVICE DESK',2,'2024-08-27 14:23:24','2025-07-14 15:22:37','ativo',3),(18,'GESTÃO DE DATACENTER | CLOUD',3,'2024-08-27 14:23:24','2025-07-10 16:23:06','ativo',3),(19,'GSI',2,'2024-08-27 14:23:24','2025-07-10 16:23:15','ativo',1),(20,'LOCAÇÃO DE EQUIPAMENTOS',2,'2024-08-27 14:23:24','2025-07-14 15:10:29','ativo',5),(21,'ANTIVÍRUS | ANUAL',7,'2024-08-27 14:23:24','2025-07-10 15:27:20','ativo',2),(22,'GESTAO DE DATACENTER',2,'2024-08-27 14:23:24','2025-07-10 16:22:58','ativo',3),(23,'SEGURANÇA DE BORDA',2,'2024-08-29 18:33:37','2025-07-14 15:22:10','ativo',4),(24,'SEGURANÇA DE BORDA C/ EQUIPAMENTO',2,'2024-08-29 18:34:00','2025-07-14 15:22:21','ativo',5),(25,'produto teste',8,'2025-02-04 15:06:58','2025-03-26 10:05:26','inativo',NULL),(26,'SOC SIEM CSIRT',2,'2025-02-06 14:05:49','2025-07-14 15:24:07','ativo',4),(27,'SOC SIEM',2,'2025-02-06 14:06:05','2025-07-14 15:23:55','inativo',4),(28,'MICROSOFT 365 BUSINESS BASIC (NCE COM MTH)',3,'2025-03-26 14:21:35','2025-07-14 15:13:02','ativo',6),(29,'AZURE ACTIVE DIRECTORY PREMIUM P1 (NCE COM MTH)',3,'2025-03-26 14:37:40','2025-07-10 15:28:03','ativo',6),(30,'AZURE NCE RESERVED INSTANCES & SAVINGS PLAN',3,'2025-03-26 14:37:50','2025-07-10 16:21:05','ativo',6),(31,'AZURE NEW COMMERCE EXPERIENCE (NCE)',3,'2025-03-26 14:38:01','2025-07-10 16:21:13','ativo',6),(32,'AZURE RESERVED INSTANCES (NCE ONLY)',3,'2025-03-26 14:39:05','2025-07-10 16:21:20','ativo',6),(33,'COPILOT FOR MICROSOFT 365 (NCE COM ANN)',3,'2025-03-26 14:39:16','2025-07-10 16:21:48','ativo',6),(34,'EXCHANGE ONLINE (PLAN 1) (NCE COM ANN)',3,'2025-03-26 14:39:51','2025-07-10 16:22:24','ativo',6),(35,'EXCHANGE ONLINE (PLAN 2) (NCE COM MTH)',3,'2025-03-26 14:40:00','2025-07-10 16:22:31','ativo',6),(36,'EXCHANGE ONLINE KIOSK (NCE COM MTH)',3,'2025-03-26 14:40:09','2025-07-10 16:22:40','ativo',6),(37,'MICROSOFT 365 APPS FOR ENTERPRISE (NCE COM MTH)',3,'2025-03-26 14:40:44','2025-07-14 15:11:31','ativo',6),(38,'MICROSOFT 365 BUSINESS BASIC  (NCE COM MTH)',3,'2025-03-26 14:40:56','2025-07-14 15:11:41','ativo',6),(39,'MICROSOFT 365 BUSINESS PREMIUM  (NCE COM MTH)',3,'2025-03-26 14:42:40','2025-07-14 15:13:10','ativo',6),(40,'MICROSOFT 365 BUSINESS STANDARD  (NCE COM MTH)',3,'2025-03-26 14:42:49','2025-07-14 15:13:23','ativo',6),(41,'MICROSOFT 365 BUSINESS STANDARD (NO TEAMS) (NCE COM MTH)',3,'2025-03-26 14:42:58','2025-07-14 15:13:30','ativo',6),(42,'MICROSOFT 365 COPILOT (NCE COM MTH)',3,'2025-03-26 14:43:09','2025-07-14 15:13:39','ativo',6),(43,'MICROSOFT 365 F1 (NCE COM MTH)',3,'2025-03-26 14:43:19','2025-07-14 15:13:48','ativo',6),(44,'MICROSOFT TEAMS ENTERPRISE (NCE COM MTH)',3,'2025-03-26 14:43:27','2025-07-14 15:13:57','ativo',6),(45,'MICROSOFT TEAMS ESSENTIALS',3,'2025-03-26 14:43:35','2025-07-14 15:14:05','ativo',6),(46,'MICROSOFT TEAMS ESSENTIALS (AAD IDENTITY) (NCE COM MTH)',3,'2025-03-26 14:43:45','2025-07-14 15:14:14','ativo',6),(47,'MICROSOFT TEAMS ESSENTIALS (NCE COM MTH)',3,'2025-03-26 14:43:55','2025-07-14 15:14:21','ativo',6),(48,'MICROSOFT TEAMS ROOMS PRO',3,'2025-03-26 14:44:08','2025-07-14 15:14:29','ativo',6),(49,'OFFICE 365 E1 (NCE COM MTH)',3,'2025-03-26 14:44:17','2025-07-14 15:15:07','ativo',6),(50,'OFFICE 365 E1 (NO TEAMS) (NCE COM MTH)',3,'2025-03-26 14:44:25','2025-07-14 15:15:17','ativo',6),(53,'OFFICE 365 E3 (NCE COM MTH)',3,'2025-03-26 14:45:03','2025-07-14 15:15:27','ativo',6),(54,'OFFICE 365 E3 (NO TEAMS) (NCE COM MTH)',3,'2025-03-26 14:45:12','2025-07-14 15:15:36','ativo',6),(55,'OFFICE 365 EXTRA FILE STORAGE (NCE COM MTH)',3,'2025-03-26 14:45:19','2025-07-14 15:16:44','ativo',6),(56,'ONEDRIVE FOR BUSINESS (PLAN 1) (NCE COM MTH)',3,'2025-03-26 14:45:25','2025-07-14 15:16:57','ativo',6),(57,'ONEDRIVE FOR BUSINESS (PLAN 2) (NCE COM MTH)',3,'2025-03-26 14:45:32','2025-07-14 15:17:07','ativo',6),(58,'PLANNER AND PROJECT PLAN 3 (NCE COM MTH)',3,'2025-03-26 14:45:41','2025-07-14 15:17:18','ativo',6),(59,'PLANNER PLAN 1 (NCE COM MTH)',3,'2025-03-26 14:45:48','2025-07-14 15:18:29','ativo',6),(60,'POWER APPS PREMIUM (NCE COM MTH)',3,'2025-03-26 14:45:57','2025-07-14 15:18:45','ativo',6),(61,'POWER AUTOMATE PER USER PLAN (NCE COM MTH)',3,'2025-03-26 14:46:05','2025-07-14 15:19:00','ativo',6),(62,'POWER AUTOMATE PREMIUM (NCE COM MTH)',3,'2025-03-26 14:46:13','2025-07-14 15:19:12','ativo',6),(63,'POWER BI PRO (NCE COM ANN)',3,'2025-03-26 14:47:08','2025-07-14 15:21:25','ativo',6),(64,'POWER BI PRO (NCE COM MTH)',3,'2025-03-26 14:47:21','2025-07-14 15:21:44','ativo',6),(65,'PROJECT PLAN 3 (NCE COM MTH)',3,'2025-03-26 14:47:28','2025-07-14 15:21:58','ativo',6),(66,'SHAREPOINT (PLAN 1) (NCE COM MTH)',3,'2025-03-26 14:47:38','2025-07-14 15:23:23','ativo',6),(67,'SHAREPOINT (PLAN 2) (NCE COM ANN)',3,'2025-03-26 14:47:46','2025-07-14 15:23:33','ativo',6),(68,'VISIO PLAN 2 (NCE COM MTH)',3,'2025-03-26 14:47:56','2025-07-14 15:24:52','ativo',6),(69,'WINDOWS SERVER 2022 REMOTE DESKTOP SERVICES - 1 USER CAL 1 YEAR',3,'2025-03-26 14:48:05','2025-07-14 15:25:09','ativo',6),(70,'WINDOWS SERVER 2022 STANDARD - 2 CORE LICENSE PACK 1 YEA',3,'2025-03-26 14:48:13','2025-07-14 15:25:22','ativo',6),(71,'WINDOWS SERVER 2025 CAL - 1 DEVICE CAL - 1 YEAR ',3,'2025-03-26 14:48:36','2025-07-14 15:25:31','ativo',6),(72,'WINDOWS SERVER 2025 STANDARD - 16 CORE LICENSE PACK (NCE COM BAS PER 1TM)',3,'2025-03-26 14:48:49','2025-07-14 15:25:38','ativo',6),(73,'WINDOWS SERVER 2025 STANDARD - 2 CORE LICENSE PACK 1 YEAR ',3,'2025-03-26 14:49:05','2025-07-14 15:25:46','ativo',6),(74,'WINDOWS SERVER 2025 STANDARD - 8 CORE LICENSE PACK 1 YEAR ',3,'2025-03-26 14:49:23','2025-07-14 15:25:54','ativo',6),(75,'POWER BI PREMIUM PER USER ',3,'2025-03-26 14:49:46','2025-07-14 15:19:25','ativo',6),(76,'WAF',4,'2025-04-02 16:25:24','2025-07-14 15:25:01','ativo',4),(78,'MONITORAMENTO DE BACKUP LOCAL',2,'2025-07-01 10:13:50','2025-07-14 15:14:46','ativo',3);
/*!40000 ALTER TABLE `produtos` ENABLE KEYS */;
UNLOCK TABLES;

--
-- Table structure for table `reprocessamentos_contratos`
--

DROP TABLE IF EXISTS `reprocessamentos_contratos`;
/*!40101 SET @saved_cs_client     = @@character_set_client */;
/*!50503 SET character_set_client = utf8mb4 */;
CREATE TABLE `reprocessamentos_contratos` (
  `id` int NOT NULL AUTO_INCREMENT,
  `id_contrato` int NOT NULL,
  `erro` text NOT NULL,
  `created_at` datetime NOT NULL,
  `updated_at` datetime NOT NULL,
  PRIMARY KEY (`id`),
  KEY `id_contrato` (`id_contrato`),
  CONSTRAINT `reprocessamentos_contratos_ibfk_1` FOREIGN KEY (`id_contrato`) REFERENCES `contratos` (`id`) ON DELETE CASCADE ON UPDATE CASCADE
) ENGINE=InnoDB DEFAULT CHARSET=utf8mb4 COLLATE=utf8mb4_0900_ai_ci;
/*!40101 SET character_set_client = @saved_cs_client */;

--
-- Dumping data for table `reprocessamentos_contratos`
--

LOCK TABLES `reprocessamentos_contratos` WRITE;
/*!40000 ALTER TABLE `reprocessamentos_contratos` DISABLE KEYS */;
/*!40000 ALTER TABLE `reprocessamentos_contratos` ENABLE KEYS */;
UNLOCK TABLES;

--
-- Table structure for table `reset_senha`
--

DROP TABLE IF EXISTS `reset_senha`;
/*!40101 SET @saved_cs_client     = @@character_set_client */;
/*!50503 SET character_set_client = utf8mb4 */;
CREATE TABLE `reset_senha` (
  `id` int NOT NULL AUTO_INCREMENT,
  `hash` varchar(255) DEFAULT NULL,
  `id_usuario` int NOT NULL,
  `expires_at` datetime DEFAULT NULL,
  `created_at` datetime NOT NULL,
  `updated_at` datetime NOT NULL,
  PRIMARY KEY (`id`),
  KEY `id_usuario` (`id_usuario`),
  CONSTRAINT `reset_senha_ibfk_1` FOREIGN KEY (`id_usuario`) REFERENCES `usuarios` (`id`) ON DELETE CASCADE ON UPDATE CASCADE
) ENGINE=InnoDB AUTO_INCREMENT=25 DEFAULT CHARSET=utf8mb4 COLLATE=utf8mb4_0900_ai_ci;
/*!40101 SET character_set_client = @saved_cs_client */;

--
-- Dumping data for table `reset_senha`
--

LOCK TABLES `reset_senha` WRITE;
/*!40000 ALTER TABLE `reset_senha` DISABLE KEYS */;
INSERT INTO `reset_senha` VALUES (1,'747ae6ee-d973-4260-bfd2-c344bcaabfef',2,'2025-03-16 23:10:58','2025-03-16 22:10:58','2025-03-16 22:10:58'),(2,'4e872ae9-4a0f-4c76-aa8f-1e45dba5e7fb',2,'2025-03-16 23:14:38','2025-03-16 22:14:38','2025-03-16 22:14:38'),(3,'a600058e-f2f1-4e2b-bac4-b0bd5ce8b117',2,'2025-03-16 23:18:37','2025-03-16 22:18:37','2025-03-16 22:18:37'),(4,'70543efb-f686-47d7-be95-b9cbd03900fa',2,'2025-03-16 23:19:52','2025-03-16 22:19:52','2025-03-16 22:19:52'),(5,'74330177-cd04-418a-8c26-4f0df0f61f5f',2,'2025-03-16 23:26:12','2025-03-16 22:26:12','2025-03-16 22:26:12'),(6,'fd18ee35-0110-41b4-abe7-701e75a13768',2,'2025-03-16 23:31:56','2025-03-16 22:31:56','2025-03-16 22:31:56'),(7,'f07b5277-bc0c-4932-bcb8-2a090ceb88d4',2,'2025-03-16 23:34:19','2025-03-16 22:34:19','2025-03-16 22:34:19'),(8,'ffd7a8a0-07f8-4d0f-b7ea-d7eff4ab9fa0',2,'2025-03-16 23:37:03','2025-03-16 22:37:03','2025-03-16 22:37:03'),(9,'f9cfec77-da7a-434f-b85b-d166d0499736',2,'2025-03-20 12:34:33','2025-03-20 11:34:33','2025-03-20 11:34:33'),(24,'b3b62f3c-a7fb-4c26-a737-2e7c8837b6b3',19,'2025-05-15 12:15:45','2025-05-15 11:15:45','2025-05-15 11:15:45');
/*!40000 ALTER TABLE `reset_senha` ENABLE KEYS */;
UNLOCK TABLES;

--
-- Table structure for table `segmentos`
--

DROP TABLE IF EXISTS `segmentos`;
/*!40101 SET @saved_cs_client     = @@character_set_client */;
/*!50503 SET character_set_client = utf8mb4 */;
CREATE TABLE `segmentos` (
  `id` int NOT NULL AUTO_INCREMENT,
  `nome` varchar(255) NOT NULL,
  `created_at` datetime NOT NULL,
  `updated_at` datetime NOT NULL,
  `status` enum('ativo','inativo') DEFAULT 'ativo',
  PRIMARY KEY (`id`),
  UNIQUE KEY `nome` (`nome`)
) ENGINE=InnoDB AUTO_INCREMENT=17 DEFAULT CHARSET=utf8mb4 COLLATE=utf8mb4_0900_ai_ci;
/*!40101 SET character_set_client = @saved_cs_client */;

--
-- Dumping data for table `segmentos`
--

LOCK TABLES `segmentos` WRITE;
/*!40000 ALTER TABLE `segmentos` DISABLE KEYS */;
INSERT INTO `segmentos` VALUES (1,'segmento inicial','2024-08-27 14:23:24','2024-08-27 14:23:24','ativo'),(2,'Transporte e logística','2024-09-26 01:23:04','2024-09-26 01:23:04','ativo'),(3,'Comércio: Atacado, Varejo','2024-09-26 01:23:30','2024-09-26 01:39:52','ativo'),(4,'Serviços financeiros: Bancos, escritórios de contabilidade, seguradoras, fundos de investimentos','2024-09-26 01:24:55','2024-09-30 00:48:58','ativo'),(5,' Serviços Jurídicos: escritório de advocacia , cartório etc.','2024-09-26 01:26:11','2024-09-26 01:26:11','ativo'),(6,'Serviços','2024-09-26 01:40:05','2024-09-26 01:40:05','ativo'),(7,'Agronegócio','2024-09-26 01:40:14','2024-09-26 01:40:14','ativo'),(8,'Agricultura','2024-09-26 01:40:23','2024-09-26 01:40:23','ativo'),(9,'Construção civil e Engenharia','2024-09-26 01:40:40','2024-09-26 01:40:40','ativo'),(10,'Indústria manufatureira','2024-09-26 01:40:50','2024-09-26 01:40:50','ativo'),(11,'Educação: Escolas, universidades e institutos de formação','2024-09-26 01:40:59','2024-09-26 01:40:59','ativo'),(12,'Saúde: Hospitais, clínicas e serviços de saúde e em geral','2024-09-26 01:41:19','2024-09-26 01:41:19','ativo'),(13,'Turismo e Hotelaria: Hotéis, agências de viagem e serviços relacionados','2024-09-26 01:41:34','2024-09-26 01:41:34','ativo'),(14,'Tecnologia da informação: Desenvolvimento de software, de t.i e consultoria','2024-09-26 01:41:46','2024-09-26 01:41:46','ativo'),(15,'Serviços de informação: Marketing, Publicidade, mídias e serviços relacionados','2024-09-30 00:03:45','2024-09-30 00:03:45','ativo'),(16,'Imobiliário','2024-10-04 01:04:34','2024-10-04 01:04:34','ativo');
/*!40000 ALTER TABLE `segmentos` ENABLE KEYS */;
UNLOCK TABLES;

--
-- Table structure for table `usuarios`
--

DROP TABLE IF EXISTS `usuarios`;
/*!40101 SET @saved_cs_client     = @@character_set_client */;
/*!50503 SET character_set_client = utf8mb4 */;
CREATE TABLE `usuarios` (
  `id` int NOT NULL AUTO_INCREMENT,
  `nome` varchar(255) NOT NULL,
  `email` varchar(255) NOT NULL,
  `tipo` varchar(255) NOT NULL,
  `senha` varchar(255) DEFAULT NULL,
  `logado` tinyint(1) DEFAULT '0',
  `created_at` datetime NOT NULL,
  `updated_at` datetime NOT NULL,
  `microsoft_oid` varchar(255) DEFAULT NULL,
  PRIMARY KEY (`id`),
  UNIQUE KEY `email` (`email`),
  UNIQUE KEY `microsoft_oid` (`microsoft_oid`)
) ENGINE=InnoDB AUTO_INCREMENT=30 DEFAULT CHARSET=utf8mb4 COLLATE=utf8mb4_0900_ai_ci;
/*!40101 SET character_set_client = @saved_cs_client */;

--
-- Dumping data for table `usuarios`
--

LOCK TABLES `usuarios` WRITE;
/*!40000 ALTER TABLE `usuarios` DISABLE KEYS */;
INSERT INTO `usuarios` VALUES (2,'Nathan Marques','nathanbrandao1@gmail.com','dev','$2a$10$dICw1ho4Hbhj9cP5ZAmuVuB0Vy.ye7QUN2a9dp8wzYcMjp3kHIud2',1,'2024-08-27 14:01:05','2025-07-20 21:54:40',NULL),(3,'Adriana Lopes Assis','adriana.lopes@prolinx.com.br','usuario','$2a$10$PTN3CrvTu9GDEcu1OnPQnealjOVHa5711l31vrSOXKFykg6a35MIK',1,'2024-09-06 20:12:13','2025-07-08 14:48:19','4e7cc886-7e45-40bd-9704-a4691927d88c'),(4,'Rodrigo Moreira','rodrigo.moreira@prolinx.com.br','usuario','$2a$10$GQn4wy9PPNbe2CHgbsWGqeMYLu/C.qZMgy14rHX1qK5HcW86N/5pC',1,'2024-09-06 20:16:14','2025-07-04 09:27:07','6c31222b-3346-40eb-aed5-1ef20bb92c8e'),(5,'Luciana Costa','luciana.costa@prolinx.com.br','usuario','$2a$10$w763SyrYxSLnaglN3qI/lulDKt31bDvt2WX1gdBIN3z33fHliNOT2',1,'2024-09-06 20:25:40','2025-03-24 09:11:28',NULL),(6,'Presleyson Lima','presleyson@prolinx.com.br','admin','$2a$10$7SlcufsRTha28NGiEjvwc.S28pKy085A9o.jHMn/MA86tQ/ltNblq',1,'2024-09-18 14:14:20','2025-06-30 10:55:26','e2d5971c-6d67-48ee-bd8a-d2cd81034468'),(7,'Cláudio Sanros','claudio.santos@prolinx.com.br','usuario','$2a$10$qFWLTVSAr40EhzCuiLBuwukJ32sa2XACmXc.xUeNTkJZhBbWOrajW',1,'2024-09-26 01:45:54','2025-06-18 16:57:35','532e5c62-f931-4cde-86c3-0218e72b5f1e'),(8,'Weliton Silva','weliton.silva@prolinx.com.br','admin','$2a$10$9g794vjLm7SJalTr2osUA.B1A0tNNG.SWX1YHFKNTwhmKpVkLybty',0,'2024-09-26 01:46:47','2025-06-23 09:11:56','e5fcc9c7-7333-4573-a479-c6d3152aa906'),(10,'Leonardo Fonseca','leonardo@prolinx.com.br','usuario','$2a$10$oPXkDJ7EEeHDgz.U2el.weovdorgF7ckX4JVXnZ393lxHbtYI5tC2',0,'2024-09-26 01:50:07','2025-03-24 09:20:39',NULL),(12,'Tacila Santos','tacila.santos@prolinx.com.br','usuario','$2a$10$71E2WPZP41SmbGhL/PAnYuSn0/quNuF3OC7lc3w7SvIvhXimbo49.',0,'2024-09-26 01:52:46','2025-03-24 09:21:10',NULL),(13,'Rayssa Silva','rayssa.silva@prolinx.com.br','usuario','$2a$10$gQgZSpkar/1BT1BqhTRXt.NWzMgSLWMWiB78YkUz4wXCa5EwsuE7e',1,'2024-11-25 14:40:34','2025-03-24 09:22:00',NULL),(14,'Ricardo Alexandre','ricardo.alexandre@prolinx.com.br','usuario','$2a$10$d5WbL0/Br82IwLFXzK3GIu2M2mFVgRJFhxQNreZddsvuN1eMkBucq',1,'2025-01-07 17:46:38','2025-05-23 16:02:20',NULL),(18,'Rosangela Laporaes','rosangela.laporaes@prolinx.com.br','usuario','$2a$10$lr05t.JaDkwg.rrhlg9n1ODqoxdtXw8UcdXZ4fElQbpe9knx1EqMm',0,'2025-02-07 18:50:48','2025-03-24 09:23:03',NULL),(19,'Diogo Reis','diogo.reis@prolinx.com.br','usuario','$2a$10$vR1IFkESGZY9M2ZtKR8M3e9kS/vdXkjSPc13AvgFl6dlmstSOmsqW',1,'2025-03-28 15:07:02','2025-06-20 15:21:33','86b070fe-dfc9-43b0-9aeb-7dbc06f8049f'),(20,'Jéssica Martinez','jessica.martinez@prolinx.com.br','admin','$2a$10$ZkbedQLG11Z9EnekFdxAkObxrRFzbDMs2TmZWQwLX/F4H5852kHve',1,'2025-03-28 15:08:52','2025-07-03 09:11:04','58fb2646-f91f-4ed8-96e9-8abae84e6005'),(21,'Gisele Procópio','gisele.procopio@prolinx.com.br','admin','$2a$10$/3VBRZ.UtQ/5y0c8/x8sm.P06UFgUs69zwYH.Keom.jB96qQRNjba',1,'2025-04-14 14:21:51','2025-07-15 16:05:08','50b4122b-8757-441e-bc4b-9f0fe60851d6'),(22,'Pedro Mourão','pedro.mourao@prolinx.com.br','usuario','$2a$10$w37w4eP.58qY9ad6sI7IoudFLqRkwP1pYWU.hmUtwSGt72Uejd5Y6',1,'2025-04-23 10:52:40','2025-06-25 13:55:08',NULL),(23,'Ricardo Ramos','ricardo@prolinx.com.br','usuario','$2a$10$fRG2P9O8b1wC2LLEc.dQVOopN/o7cGkIgb6hLmRH61nFPmL.H8xuG',1,'2025-04-23 14:27:18','2025-06-30 10:43:20','8cce1e30-eda2-47c8-83a4-1d5f9dc02db4'),(24,'Raphael Marcos','raphael.marcos@prolinx.com.br','usuario','$2a$10$Fy8r6bQqc2hW6z7zMSsN7.NLeBLrd2WwFCCpw3DjCVdn0PYENqt6u',1,'2025-04-23 15:42:24','2025-07-01 09:23:32',NULL),(27,'Romney Dutra','romney.dutra@prolinx.com.br','usuario','$2a$10$rZYKcSMFFklwbcrpNo.uAuqE90FUpkIcPZVdxNg1m2eLpnIVQIL0e',0,'2025-04-29 09:55:25','2025-04-29 09:55:25',NULL),(28,'Bethânia Dias','bethania.dias@prolinx.com.br','usuario',NULL,0,'2025-06-18 16:35:51','2025-06-18 16:35:51','f8219cc5-8f60-4b8e-abcf-281d2a36115c'),(29,'Paola Filho','paola.filho@prolinx.com.br','usuario','$2a$10$9KNzWxP2A/qzr0f4wK07euJtfsBMC5aehsO8kOZVUYpWkGet5fGOO',0,'2025-06-20 14:09:04','2025-06-20 14:09:04',NULL);
/*!40000 ALTER TABLE `usuarios` ENABLE KEYS */;
UNLOCK TABLES;

--
-- Table structure for table `vencimento_contratos`
--

DROP TABLE IF EXISTS `vencimento_contratos`;
/*!40101 SET @saved_cs_client     = @@character_set_client */;
/*!50503 SET character_set_client = utf8mb4 */;
CREATE TABLE `vencimento_contratos` (
  `id` int NOT NULL AUTO_INCREMENT,
  `data_vencimento` datetime DEFAULT NULL,
  `id_contrato` int NOT NULL,
  `status` enum('ativo','inativo') DEFAULT NULL,
  `created_at` datetime NOT NULL,
  `updated_at` datetime NOT NULL,
  PRIMARY KEY (`id`),
  KEY `id_contrato` (`id_contrato`),
  CONSTRAINT `vencimento_contratos_ibfk_1` FOREIGN KEY (`id_contrato`) REFERENCES `contratos` (`id`) ON DELETE CASCADE ON UPDATE CASCADE
) ENGINE=InnoDB AUTO_INCREMENT=542 DEFAULT CHARSET=utf8mb4 COLLATE=utf8mb4_0900_ai_ci;
/*!40101 SET character_set_client = @saved_cs_client */;

--
-- Dumping data for table `vencimento_contratos`
--

LOCK TABLES `vencimento_contratos` WRITE;
/*!40000 ALTER TABLE `vencimento_contratos` DISABLE KEYS */;
INSERT INTO `vencimento_contratos` VALUES (1,'2023-11-29 21:00:00',1,'ativo','2025-03-16 20:43:15','2025-05-30 11:54:33'),(2,'2023-05-16 21:00:00',2,'ativo','2025-03-16 20:43:16','2025-06-20 14:39:32'),(3,'2023-10-26 00:00:00',3,'ativo','2025-03-16 20:43:18','2025-03-16 20:43:18'),(4,'2025-05-17 21:00:00',4,'ativo','2025-03-16 20:43:20','2025-06-20 14:41:14'),(5,'2023-10-28 00:00:00',5,'ativo','2025-03-16 20:43:22','2025-03-16 20:43:22'),(6,'2023-05-28 21:00:00',6,'ativo','2025-03-16 20:43:23','2025-06-20 14:44:14'),(7,'2023-05-15 21:00:00',7,'ativo','2025-03-16 20:43:25','2025-06-20 14:40:24'),(8,'2023-06-30 03:12:20',8,'inativo','2025-03-16 20:43:27','2025-06-20 14:42:49'),(9,'2025-06-29 21:00:00',9,'inativo','2025-03-16 20:43:28','2025-06-20 14:42:36'),(10,'2020-05-29 21:00:00',10,'ativo','2025-03-16 20:43:30','2025-06-23 15:23:46'),(11,'3024-06-29 21:00:00',11,'ativo','2025-03-16 20:43:32','2025-06-23 15:24:22'),(12,'2020-07-21 21:00:00',12,'ativo','2025-03-16 20:43:33','2025-05-16 17:18:55'),(13,'3025-02-13 00:00:00',13,'ativo','2025-03-16 20:43:35','2025-03-16 20:43:35'),(14,'2022-02-16 21:00:00',14,'ativo','2025-03-16 20:43:37','2025-06-20 11:54:33'),(15,'2022-07-04 00:37:43',15,'ativo','2025-03-16 20:43:39','2025-03-16 20:43:39'),(16,'2019-02-28 21:00:00',16,'ativo','2025-03-16 20:43:40','2025-05-30 12:03:39'),(17,'2025-04-01 00:00:00',17,'inativo','2025-03-16 20:43:42','2025-06-26 16:56:23'),(18,'2025-07-01 01:12:36',18,'inativo','2025-03-16 20:43:44','2025-06-26 16:56:49'),(19,'2022-01-27 01:16:27',22,'ativo','2025-03-16 20:43:46','2025-03-16 20:43:46'),(20,'2018-08-03 00:00:00',23,'ativo','2025-03-16 20:43:48','2025-03-16 20:43:48'),(21,'2021-08-27 00:00:00',24,'ativo','2025-03-16 20:43:49','2025-03-16 20:43:49'),(22,'2021-01-26 21:00:00',25,'ativo','2025-03-16 20:43:51','2025-06-13 10:53:32'),(23,'3020-01-31 21:00:00',26,'ativo','2025-03-16 20:43:53','2025-06-13 10:55:57'),(24,'2021-10-31 00:00:00',27,'ativo','2025-03-16 20:43:54','2025-03-16 20:43:54'),(25,'2013-08-31 00:00:00',28,'ativo','2025-03-16 20:43:56','2025-03-16 20:43:56'),(26,'2015-10-31 00:00:00',29,'ativo','2025-03-16 20:43:58','2025-03-16 20:43:58'),(27,'2020-05-17 00:00:00',30,'ativo','2025-03-16 20:43:59','2025-03-16 20:43:59'),(28,'2025-10-01 00:17:06',31,'inativo','2025-03-16 20:44:01','2025-05-19 10:34:51'),(29,'2021-08-31 21:00:00',32,'ativo','2025-03-16 20:44:03','2025-06-24 16:49:17'),(30,'2022-05-01 00:00:00',33,'ativo','2025-03-16 20:44:05','2025-03-16 20:44:05'),(31,'2021-07-31 21:00:00',34,'ativo','2025-03-16 20:44:06','2025-07-20 21:56:01'),(32,'2020-05-23 00:00:00',35,'ativo','2025-03-16 20:44:08','2025-03-16 20:44:08'),(33,'2019-09-11 00:00:00',36,'ativo','2025-03-16 20:44:10','2025-03-16 20:44:10'),(34,'2024-09-05 00:00:00',37,'ativo','2025-03-16 20:44:11','2025-03-16 20:44:11'),(35,'2024-09-05 00:00:00',38,'ativo','2025-03-16 20:44:13','2025-03-16 20:44:13'),(36,'2025-04-11 00:00:00',39,'ativo','2025-03-16 20:44:15','2025-03-16 20:44:15'),(37,'2020-11-24 21:00:00',40,'ativo','2025-03-16 20:44:17','2025-06-23 15:42:38'),(38,'2022-07-07 21:00:00',41,'ativo','2025-03-16 20:44:18','2025-06-23 15:41:55'),(39,'2022-11-30 21:00:00',42,'ativo','2025-03-16 20:44:20','2025-06-23 15:40:33'),(40,'2021-03-01 00:00:00',43,'inativo','2025-03-16 20:44:22','2025-03-16 20:44:22'),(41,'2021-03-01 00:00:00',44,'inativo','2025-03-16 20:44:23','2025-03-16 20:44:23'),(42,'3018-12-13 01:00:00',45,'ativo','2025-03-16 20:44:25','2025-03-16 20:44:25'),(43,'3018-12-13 01:00:00',46,'ativo','2025-03-16 20:44:27','2025-03-16 20:44:27'),(44,'3018-01-13 01:00:00',47,'ativo','2025-03-16 20:44:28','2025-03-16 20:44:28'),(45,'2021-08-03 00:00:00',49,'inativo','2025-03-16 20:44:30','2025-04-28 15:32:33'),(46,'2025-04-29 21:00:00',50,'ativo','2025-03-16 20:44:32','2025-06-13 11:09:42'),(47,'2014-03-31 21:00:00',51,'ativo','2025-03-16 20:44:33','2025-06-13 11:19:29'),(48,'3016-08-01 00:00:00',52,'inativo','2025-03-16 20:44:35','2025-03-16 20:44:35'),(49,'2023-03-21 21:00:00',53,'ativo','2025-03-16 20:44:37','2025-06-17 10:04:52'),(50,'2024-05-14 21:00:00',54,'inativo','2025-03-16 20:44:38','2025-06-27 12:25:23'),(51,'2022-09-14 21:00:00',55,'ativo','2025-03-16 20:44:40','2025-06-17 10:22:27'),(52,'2023-09-15 00:00:00',56,'ativo','2025-03-16 20:44:42','2025-03-16 20:44:42'),(53,'2022-09-14 21:00:00',57,'ativo','2025-03-16 20:44:43','2025-06-17 10:22:41'),(54,'2016-08-01 00:00:00',58,'inativo','2025-03-16 20:44:45','2025-03-16 20:44:45'),(55,'2021-05-01 00:00:00',59,'inativo','2025-03-16 20:44:47','2025-03-16 20:44:47'),(56,'2023-02-22 21:00:00',60,'ativo','2025-03-16 20:44:49','2025-06-17 10:31:41'),(57,'2011-01-26 21:00:00',61,'ativo','2025-03-16 20:44:50','2025-06-17 10:29:55'),(58,'2011-01-27 00:00:00',62,'ativo','2025-03-16 20:44:52','2025-03-16 20:44:52'),(59,'2025-07-01 00:00:00',63,'inativo','2025-03-16 20:44:54','2025-06-26 16:57:39'),(60,'2024-10-03 00:00:00',64,'ativo','2025-03-16 20:44:55','2025-03-16 20:44:55'),(61,'2025-10-03 00:00:00',65,'ativo','2025-03-16 20:44:57','2025-03-16 20:44:57'),(62,'2024-10-03 00:00:00',66,'ativo','2025-03-16 20:44:59','2025-03-16 20:44:59'),(63,'2020-12-02 00:00:00',67,'ativo','2025-03-16 20:45:01','2025-03-16 20:45:01'),(64,'2021-02-04 00:00:00',68,'ativo','2025-03-16 20:45:02','2025-03-16 20:45:02'),(65,'2024-12-01 00:00:00',69,'inativo','2025-03-16 20:45:04','2025-06-25 15:40:40'),(66,'2025-10-08 00:00:00',70,'inativo','2025-03-16 20:45:06','2025-06-20 16:57:48'),(67,'2023-03-18 00:00:00',71,'ativo','2025-03-16 20:45:08','2025-03-16 20:45:08'),(68,'2022-07-01 00:00:00',72,'ativo','2025-03-16 20:45:10','2025-03-16 20:45:10'),(69,'2022-07-08 00:00:00',73,'ativo','2025-03-16 20:45:11','2025-03-16 20:45:11'),(70,'2022-06-23 00:00:00',74,'ativo','2025-03-16 20:45:13','2025-03-16 20:45:13'),(71,'2025-04-23 21:00:00',75,'ativo','2025-03-16 20:45:15','2025-06-20 16:50:24'),(72,'2025-05-14 21:00:00',76,'ativo','2025-03-16 20:45:16','2025-06-20 16:47:59'),(73,'2025-04-24 00:00:00',77,'inativo','2025-03-16 20:45:18','2025-06-23 10:46:07'),(74,'2024-03-03 00:00:00',79,'inativo','2025-03-16 20:45:20','2025-06-23 10:47:47'),(75,'2025-05-09 00:00:00',80,'inativo','2025-03-16 20:45:21','2025-06-20 16:52:12'),(76,'2025-03-01 00:00:00',81,'inativo','2025-03-16 20:45:23','2025-06-23 10:48:33'),(77,'2025-04-24 00:00:00',82,'inativo','2025-03-16 20:45:25','2025-06-23 10:49:16'),(78,'2025-05-09 00:00:00',84,'inativo','2025-03-16 20:45:26','2025-06-23 10:49:49'),(79,'2024-07-01 00:00:00',85,'inativo','2025-03-16 20:45:28','2025-06-20 16:45:39'),(80,'2020-10-22 00:00:00',86,'ativo','2025-03-16 20:45:30','2025-03-16 20:45:30'),(81,'2024-06-06 00:00:00',87,'ativo','2025-03-16 20:45:32','2025-03-16 20:45:32'),(82,'2024-09-06 00:00:00',88,'ativo','2025-03-16 20:45:33','2025-03-16 20:45:33'),(83,'2025-05-09 00:00:00',89,'ativo','2025-03-16 20:45:35','2025-03-16 20:45:35'),(84,'2024-07-01 00:00:00',90,'inativo','2025-03-16 20:45:37','2025-06-26 16:57:55'),(85,'2023-05-25 21:00:00',91,'ativo','2025-03-16 20:45:38','2025-06-23 11:29:40'),(86,'2019-08-20 00:00:00',92,'ativo','2025-03-16 20:45:40','2025-03-16 20:45:40'),(87,'2025-05-31 21:00:00',94,'ativo','2025-03-16 20:45:42','2025-06-23 11:30:08'),(88,'2025-06-20 21:00:00',95,'ativo','2025-03-16 20:45:43','2025-06-23 11:32:40'),(89,'2025-06-20 21:00:00',96,'ativo','2025-03-16 20:45:45','2025-06-23 11:32:01'),(90,'2026-10-23 00:00:00',98,'ativo','2025-03-16 20:45:47','2025-03-16 20:45:47'),(91,'2024-12-18 00:00:00',99,'ativo','2025-03-16 20:45:48','2025-03-16 20:45:48'),(92,'2025-04-17 21:00:00',100,'ativo','2025-03-16 20:45:50','2025-06-20 14:32:50'),(93,'2025-08-29 00:00:00',101,'ativo','2025-03-16 20:45:52','2025-03-16 20:45:52'),(94,'2025-02-16 21:00:00',102,'ativo','2025-03-16 20:45:53','2025-05-21 12:14:22'),(95,'2018-11-06 21:00:00',103,'ativo','2025-03-16 20:45:55','2025-06-17 10:59:10'),(96,'2025-09-01 00:00:00',104,'ativo','2025-03-16 20:45:57','2025-03-16 20:45:57'),(97,'2024-03-25 21:00:00',105,'ativo','2025-03-16 20:45:58','2025-06-17 10:44:48'),(98,'2020-06-06 21:00:00',106,'ativo','2025-03-16 20:46:00','2025-06-17 15:20:41'),(99,'2020-06-06 21:00:00',107,'ativo','2025-03-16 20:46:02','2025-06-17 15:23:27'),(100,'2020-06-06 21:00:00',108,'ativo','2025-03-16 20:46:03','2025-06-17 15:23:50'),(101,'2025-11-01 00:00:00',109,'ativo','2025-03-16 20:46:05','2025-03-16 20:46:05'),(102,'2013-11-06 00:00:00',110,'ativo','2025-03-16 20:46:07','2025-03-16 20:46:07'),(103,'2020-06-06 21:00:00',111,'ativo','2025-03-16 20:46:08','2025-06-18 10:28:13'),(104,'2020-06-06 21:00:00',112,'ativo','2025-03-16 20:46:10','2025-06-18 10:26:50'),(105,'2025-05-25 21:00:00',113,'ativo','2025-03-16 20:46:12','2025-06-18 10:24:25'),(106,'2025-05-13 21:00:00',114,'ativo','2025-03-16 20:46:14','2025-06-18 14:02:02'),(107,'2025-05-13 21:00:00',115,'ativo','2025-03-16 20:46:16','2025-06-18 14:02:37'),(108,'2020-12-31 21:00:00',116,'ativo','2025-03-16 20:46:17','2025-06-18 14:07:33'),(109,'2021-01-01 00:00:00',117,'ativo','2025-03-16 20:46:19','2025-03-16 20:46:19'),(110,'2016-11-10 00:00:00',118,'ativo','2025-03-16 20:46:21','2025-03-16 20:46:21'),(111,'2024-07-31 00:00:00',119,'inativo','2025-03-16 20:46:22','2025-06-26 17:02:09'),(112,'2019-10-15 21:00:00',120,'ativo','2025-03-16 20:46:24','2025-06-26 17:03:03'),(113,'2019-11-26 01:00:00',121,'ativo','2025-03-16 20:46:26','2025-03-16 20:46:26'),(114,'2019-06-05 21:00:00',122,'ativo','2025-03-16 20:46:27','2025-06-13 12:26:20'),(115,'2019-10-05 21:00:00',123,'ativo','2025-03-16 20:46:29','2025-06-13 12:22:30'),(116,'2025-10-01 00:00:00',124,'ativo','2025-03-16 20:46:31','2025-03-16 20:46:31'),(117,'2022-02-24 21:00:00',125,'ativo','2025-03-16 20:46:32','2025-06-26 15:05:34'),(118,'2023-04-03 21:00:00',126,'ativo','2025-03-16 20:46:34','2025-06-26 15:10:03'),(119,'2023-02-24 21:00:00',127,'ativo','2025-03-16 20:46:36','2025-06-26 15:09:09'),(120,'2023-09-22 21:00:00',128,'ativo','2025-03-16 20:46:37','2025-06-26 15:08:45'),(121,'3024-06-01 00:00:00',129,'inativo','2025-03-16 20:46:39','2025-06-26 15:03:52'),(122,'2023-09-01 00:00:00',130,'inativo','2025-03-16 20:46:41','2025-06-26 15:04:50'),(123,'2019-11-30 01:00:00',131,'ativo','2025-03-16 20:46:42','2025-03-16 20:46:42'),(124,'3023-07-01 00:00:00',133,'inativo','2025-03-16 20:46:44','2025-06-26 16:58:11'),(125,'2028-09-01 00:00:00',134,'inativo','2025-03-16 20:46:46','2025-06-26 16:58:23'),(126,'2023-06-14 21:00:00',135,'ativo','2025-03-16 20:46:48','2025-06-26 16:00:21'),(127,'2023-06-23 21:00:00',136,'ativo','2025-03-16 20:46:49','2025-06-26 16:01:13'),(128,'2023-06-23 21:00:00',137,'ativo','2025-03-16 20:46:51','2025-06-26 16:02:27'),(129,'2024-06-06 00:00:00',138,'ativo','2025-03-16 20:46:53','2025-03-16 20:46:53'),(130,'2025-11-01 00:00:00',139,'ativo','2025-03-16 20:46:54','2025-03-16 20:46:54'),(131,'2025-11-01 00:00:00',140,'ativo','2025-03-16 20:46:56','2025-03-16 20:46:56'),(132,'2023-08-04 00:00:00',141,'ativo','2025-03-16 20:46:58','2025-03-16 20:46:58'),(133,'2023-08-04 00:00:00',142,'ativo','2025-03-16 20:46:59','2025-03-16 20:46:59'),(134,'2023-08-04 00:00:00',143,'ativo','2025-03-16 20:47:01','2025-03-16 20:47:01'),(135,'2023-01-26 00:00:00',144,'inativo','2025-03-16 20:47:03','2025-03-16 20:47:03'),(136,'2017-01-25 00:00:00',145,'inativo','2025-03-16 20:47:05','2025-03-16 20:47:05'),(137,'2020-09-27 00:00:00',146,'inativo','2025-03-16 20:47:06','2025-03-16 20:47:06'),(138,'2028-01-24 00:00:00',147,'ativo','2025-03-16 20:47:08','2025-03-16 20:47:08'),(139,'2023-12-01 00:00:00',148,'ativo','2025-03-16 20:47:10','2025-03-16 20:47:10'),(140,'2023-06-06 00:00:00',149,'ativo','2025-03-16 20:47:11','2025-03-16 20:47:11'),(141,'2025-03-20 21:00:00',150,'ativo','2025-03-16 20:47:13','2025-06-13 12:18:43'),(142,'2023-07-20 21:00:00',151,'ativo','2025-03-16 20:47:15','2025-06-13 12:30:47'),(143,'2023-06-19 21:00:00',152,'ativo','2025-03-16 20:47:16','2025-06-17 15:25:58'),(144,'2019-09-30 21:00:00',153,'ativo','2025-03-16 20:47:18','2025-06-18 14:11:38'),(145,'2026-08-31 21:00:00',154,'ativo','2025-03-16 20:47:20','2025-06-18 14:36:36'),(146,'2022-12-15 21:00:00',155,'inativo','2025-03-16 20:47:21','2025-06-26 17:02:23'),(147,'2023-11-01 00:00:00',156,'ativo','2025-03-16 20:47:23','2025-03-16 20:47:23'),(148,'2024-10-08 21:00:00',157,'ativo','2025-03-16 20:47:25','2025-06-18 14:50:43'),(149,'2017-12-31 21:00:00',158,'ativo','2025-03-16 20:47:26','2025-06-18 14:59:34'),(150,'2018-10-31 22:00:00',159,'ativo','2025-03-16 20:47:28','2025-06-18 15:03:35'),(151,'2018-01-01 00:00:00',160,'ativo','2025-03-16 20:47:30','2025-03-16 20:47:30'),(152,'2026-07-03 21:00:00',161,'ativo','2025-03-16 20:47:31','2025-06-18 14:56:32'),(153,'2022-12-01 21:00:00',162,'ativo','2025-03-16 20:47:33','2025-07-01 10:19:46'),(154,'2025-12-01 21:00:00',163,'ativo','2025-03-16 20:47:35','2025-06-18 15:12:29'),(155,'2024-05-15 00:00:00',166,'ativo','2025-03-16 20:47:36','2025-03-16 20:47:36'),(156,'2025-04-30 21:00:00',167,'ativo','2025-03-16 20:47:38','2025-06-20 09:47:31'),(157,'2025-04-23 21:00:00',168,'ativo','2025-03-16 20:47:40','2025-06-18 15:25:33'),(158,'2025-05-09 00:00:00',169,'ativo','2025-03-16 20:47:42','2025-03-16 20:47:42'),(159,'2025-05-09 00:00:00',170,'ativo','2025-03-16 20:47:43','2025-03-16 20:47:43'),(160,'2023-11-23 00:00:00',171,'ativo','2025-03-16 20:47:45','2025-03-16 20:47:45'),(161,'2024-03-05 21:00:00',172,'ativo','2025-03-16 20:47:47','2025-06-20 09:59:59'),(162,'2025-04-23 21:00:00',173,'ativo','2025-03-16 20:47:48','2025-06-20 10:01:22'),(163,'2025-05-09 00:00:00',174,'ativo','2025-03-16 20:47:50','2025-03-16 20:47:50'),(164,'2026-12-01 00:00:00',176,'ativo','2025-03-16 20:47:52','2025-03-16 20:47:52'),(165,'2021-01-01 00:00:00',178,'ativo','2025-03-16 20:47:53','2025-03-16 20:47:53'),(166,'2023-12-04 00:00:00',179,'ativo','2025-03-16 20:47:55','2025-03-16 20:47:55'),(167,'2023-05-06 00:00:00',180,'ativo','2025-03-16 20:47:57','2025-03-16 20:47:57'),(168,'2025-01-05 00:00:00',181,'ativo','2025-03-16 20:47:58','2025-03-16 20:47:58'),(169,'2021-04-30 21:00:00',182,'ativo','2025-03-16 20:48:00','2025-06-20 10:50:38'),(170,'2010-09-19 21:00:00',183,'ativo','2025-03-16 20:48:02','2025-06-20 10:52:42'),(171,'2007-01-10 00:00:00',184,'ativo','2025-03-16 20:48:04','2025-03-16 20:48:04'),(172,'2026-03-20 21:00:00',185,'ativo','2025-03-16 20:48:05','2025-06-20 10:54:01'),(173,'2020-07-31 21:00:00',186,'ativo','2025-03-16 20:48:07','2025-05-19 11:21:26'),(174,'2025-06-12 21:00:00',187,'ativo','2025-03-16 20:48:09','2025-06-20 10:57:25'),(175,'2017-02-23 21:00:00',188,'ativo','2025-03-16 20:48:10','2025-06-20 10:56:48'),(176,'2027-06-01 00:00:00',189,'ativo','2025-03-16 20:48:12','2025-03-16 20:48:12'),(177,'2017-10-18 00:00:00',190,'ativo','2025-03-16 20:48:14','2025-03-16 20:48:14'),(178,'2025-03-01 21:00:00',192,'ativo','2025-03-16 20:48:15','2025-06-20 10:59:17'),(179,'2025-12-01 00:00:00',193,'ativo','2025-03-16 20:48:17','2025-03-16 20:48:17'),(180,'2019-03-25 21:00:00',194,'ativo','2025-03-16 20:48:19','2025-06-20 10:58:41'),(181,'2021-07-06 00:00:00',195,'ativo','2025-03-16 20:48:20','2025-03-16 20:48:20'),(182,'2021-08-20 00:00:00',196,'ativo','2025-03-16 20:48:22','2025-03-16 20:48:22'),(183,'2026-05-19 00:00:00',197,'ativo','2025-03-16 20:48:24','2025-03-16 20:48:24'),(184,'2022-07-31 21:00:00',198,'ativo','2025-03-16 20:48:25','2025-05-19 11:19:25'),(185,'2022-08-31 21:00:00',199,'ativo','2025-03-16 20:48:27','2025-05-20 15:21:02'),(186,'2022-06-01 00:00:00',200,'ativo','2025-03-16 20:48:29','2025-03-16 20:48:29'),(187,'2022-04-30 21:00:00',201,'ativo','2025-03-16 20:48:31','2025-06-20 11:04:53'),(188,'2022-04-30 21:00:00',202,'ativo','2025-03-16 20:48:32','2025-06-20 11:02:37'),(189,'2023-02-15 21:00:00',203,'ativo','2025-03-16 20:48:34','2025-06-20 11:14:19'),(190,'2023-02-15 21:00:00',204,'ativo','2025-03-16 20:48:36','2025-06-20 11:14:57'),(191,'2023-02-15 21:00:00',205,'ativo','2025-03-16 20:48:38','2025-06-20 11:15:24'),(192,'2020-02-28 21:00:00',206,'ativo','2025-03-16 20:48:39','2025-06-20 11:16:27'),(193,'2024-06-01 00:00:00',207,'ativo','2025-03-16 20:48:41','2025-03-16 20:48:41'),(194,'2021-06-23 00:00:00',208,'ativo','2025-03-16 20:48:43','2025-03-16 20:48:43'),(195,'2024-01-20 00:00:00',209,'ativo','2025-03-16 20:48:44','2025-03-16 20:48:44'),(196,'2027-03-31 21:00:00',210,'ativo','2025-03-16 20:48:46','2025-06-20 11:18:53'),(197,'2019-04-10 21:00:00',211,'ativo','2025-03-16 20:48:48','2025-06-20 11:19:27'),(198,'2021-07-31 21:00:00',212,'ativo','2025-03-16 20:48:50','2025-06-26 17:08:48'),(199,'2023-04-17 21:00:00',213,'ativo','2025-03-16 20:48:51','2025-06-20 11:20:20'),(200,'2021-10-26 00:00:00',214,'ativo','2025-03-16 20:48:53','2025-03-16 20:48:53'),(201,'2024-11-10 00:00:00',215,'ativo','2025-03-16 20:48:55','2025-03-16 20:48:55'),(202,'2024-11-28 00:00:00',216,'ativo','2025-03-16 20:48:56','2025-03-16 20:48:56'),(203,'2024-12-01 00:00:00',217,'ativo','2025-03-16 20:48:58','2025-03-16 20:48:58'),(204,'2024-11-30 21:00:00',218,'ativo','2025-03-16 20:49:00','2025-06-20 11:23:22'),(205,'2015-04-23 21:00:00',219,'ativo','2025-03-16 20:49:02','2025-06-26 17:27:40'),(206,'2015-04-23 21:00:00',220,'inativo','2025-03-16 20:49:03','2025-06-26 17:27:20'),(207,'2025-11-10 00:00:00',221,'ativo','2025-03-16 20:49:05','2025-03-16 20:49:05'),(208,'3021-01-31 21:00:00',222,'ativo','2025-03-16 20:49:07','2025-06-20 11:51:51'),(209,'2023-10-31 00:00:00',223,'ativo','2025-03-16 20:49:08','2025-03-16 20:49:08'),(210,'2028-01-29 00:00:00',224,'ativo','2025-03-16 20:49:10','2025-03-16 20:49:10'),(211,'2026-10-01 00:00:00',225,'ativo','2025-03-16 20:49:12','2025-03-16 20:49:12'),(212,'2015-03-19 00:00:00',226,'ativo','2025-03-16 20:49:13','2025-03-16 20:49:13'),(213,'2020-09-25 00:00:00',227,'ativo','2025-03-16 20:49:15','2025-03-16 20:49:15'),(214,'2026-05-15 00:00:00',228,'ativo','2025-03-16 20:49:17','2025-03-16 20:49:17'),(215,'3025-10-01 00:00:00',229,'ativo','2025-03-16 20:49:18','2025-03-16 20:49:18'),(216,'2023-09-14 00:00:00',230,'ativo','2025-03-16 20:49:20','2025-03-16 20:49:20'),(217,'2024-02-27 21:00:00',231,'ativo','2025-03-16 20:49:22','2025-06-20 13:49:20'),(218,'2022-03-14 21:00:00',232,'ativo','2025-03-16 20:49:23','2025-06-20 13:49:47'),(219,'2014-09-19 00:00:00',233,'ativo','2025-03-16 20:49:25','2025-03-16 20:49:25'),(220,'3025-08-01 00:00:00',234,'ativo','2025-03-16 20:49:27','2025-03-16 20:49:27'),(221,'2026-08-01 00:00:00',235,'ativo','2025-03-16 20:49:28','2025-03-16 20:49:28'),(222,'2011-08-19 00:00:00',236,'ativo','2025-03-16 20:49:30','2025-03-16 20:49:30'),(223,'2022-11-17 21:00:00',237,'ativo','2025-03-16 20:49:32','2025-06-20 13:54:03'),(224,'2024-08-01 00:00:00',238,'ativo','2025-03-16 20:49:34','2025-03-16 20:49:34'),(225,'2015-08-01 00:00:00',239,'ativo','2025-03-16 20:49:35','2025-03-16 20:49:35'),(226,'2021-08-03 00:00:00',240,'ativo','2025-03-16 20:49:37','2025-03-16 20:49:37'),(227,'3025-08-01 00:00:00',241,'ativo','2025-03-16 20:49:39','2025-03-16 20:49:39'),(228,'2027-02-28 00:00:00',242,'ativo','2025-03-16 20:49:41','2025-03-16 20:49:41'),(229,'2017-12-19 21:00:00',243,'ativo','2025-03-16 20:49:42','2025-06-20 13:56:16'),(230,'2024-09-26 21:00:00',244,'ativo','2025-03-16 20:49:44','2025-06-20 13:55:50'),(231,'2024-11-23 21:00:00',245,'ativo','2025-03-16 20:49:46','2025-06-20 13:57:12'),(232,'2026-06-01 00:00:00',246,'ativo','2025-03-16 20:49:47','2025-03-16 20:49:47'),(233,'3025-06-01 00:00:00',247,'ativo','2025-03-16 20:49:49','2025-03-16 20:49:49'),(234,'2024-09-28 00:00:00',249,'ativo','2025-03-16 20:49:51','2025-03-16 20:49:51'),(235,'3022-12-01 00:00:00',250,'ativo','2025-03-16 20:49:53','2025-03-16 20:49:53'),(236,'2025-09-06 00:00:00',251,'ativo','2025-03-16 20:49:55','2025-03-16 20:49:55'),(237,'2024-11-24 00:00:00',252,'ativo','2025-03-16 20:49:56','2025-03-16 20:49:56'),(238,'2025-04-10 00:00:00',253,'inativo','2025-03-16 20:49:58','2025-03-16 20:49:58'),(239,'2025-04-30 00:00:00',254,'ativo','2025-03-16 20:50:00','2025-03-16 20:50:00'),(240,'2024-10-19 00:00:00',255,'ativo','2025-03-16 20:50:01','2025-03-16 20:50:01'),(241,'2026-01-29 00:00:00',256,'ativo','2025-03-16 20:50:03','2025-03-16 20:50:03'),(242,'2021-07-21 00:00:00',257,'inativo','2025-03-16 20:50:05','2025-06-20 14:05:58'),(243,'2024-07-23 00:00:00',258,'ativo','2025-03-16 20:50:06','2025-03-16 20:50:06'),(244,'1980-12-31 21:00:00',259,'ativo','2025-03-16 20:50:08','2025-07-03 09:49:37'),(245,'1980-12-31 21:00:00',260,'ativo','2025-03-16 20:50:10','2025-07-03 09:48:41'),(246,'3021-12-28 00:00:00',261,'ativo','2025-03-16 20:50:11','2025-03-16 20:50:11'),(247,'2021-12-23 00:00:00',262,'ativo','2025-03-16 20:50:13','2025-03-16 20:50:13'),(248,'2006-05-11 21:00:00',263,'ativo','2025-03-16 20:50:15','2025-06-20 14:31:52'),(249,'2027-01-23 00:00:00',264,'ativo','2025-03-16 20:50:16','2025-03-16 20:50:16'),(250,'2024-05-17 21:00:00',265,'ativo','2025-03-16 20:50:18','2025-06-20 14:36:44'),(251,'2024-05-17 21:00:00',266,'ativo','2025-03-16 20:50:20','2025-06-20 14:36:09'),(252,'2009-06-30 00:00:00',267,'ativo','2025-03-16 20:50:21','2025-03-16 20:50:21'),(253,'2023-01-06 00:00:00',268,'ativo','2025-03-16 20:50:23','2025-03-16 20:50:23'),(254,'2024-12-01 00:00:00',269,'ativo','2025-03-16 20:50:25','2025-03-16 20:50:25'),(255,'2020-04-23 21:00:00',270,'ativo','2025-03-16 20:50:26','2025-06-20 14:45:19'),(256,'2023-07-18 00:00:00',271,'ativo','2025-03-16 20:50:28','2025-03-16 20:50:28'),(257,'2013-09-01 00:00:00',272,'ativo','2025-03-16 20:50:30','2025-03-16 20:50:30'),(258,'2019-09-01 00:00:00',273,'ativo','2025-03-16 20:50:31','2025-03-16 20:50:31'),(259,'2022-09-30 00:00:00',274,'ativo','2025-03-16 20:50:33','2025-03-16 20:50:33'),(260,'3019-10-31 21:00:00',275,'ativo','2025-03-16 20:50:35','2025-06-26 17:09:59'),(261,'3020-09-30 21:00:00',276,'ativo','2025-03-16 20:50:36','2025-06-20 14:59:32'),(262,'2020-04-30 21:00:00',277,'ativo','2025-03-16 20:50:38','2025-06-20 16:43:02'),(263,'2022-11-27 21:00:00',278,'ativo','2025-03-16 20:50:40','2025-06-20 16:43:44'),(264,'3025-04-30 21:00:00',279,'ativo','2025-03-16 20:50:41','2025-06-20 16:44:15'),(265,'2024-08-26 00:00:00',280,'ativo','2025-03-16 20:50:43','2025-03-16 20:50:43'),(266,'2022-08-10 00:00:00',281,'ativo','2025-03-16 20:50:45','2025-03-16 20:50:45'),(267,'2028-02-03 00:00:00',282,'ativo','2025-03-16 20:50:47','2025-03-16 20:50:47'),(268,'2028-02-03 00:00:00',283,'ativo','2025-03-16 20:50:48','2025-03-16 20:50:48'),(269,'2022-07-16 00:00:00',284,'ativo','2025-03-16 20:50:50','2025-03-16 20:50:50'),(270,'3019-10-01 00:00:00',285,'ativo','2025-03-16 20:50:52','2025-03-16 20:50:52'),(271,'2022-07-17 00:00:00',286,'ativo','2025-03-16 20:50:53','2025-03-16 20:50:53'),(272,'2020-09-01 21:00:00',287,'ativo','2025-03-16 20:50:55','2025-06-23 11:10:47'),(273,'2025-03-01 00:00:00',288,'inativo','2025-03-16 20:50:57','2025-04-28 08:31:40'),(274,'3025-01-31 21:00:00',289,'ativo','2025-03-16 20:50:59','2025-06-23 11:12:21'),(275,'2018-01-31 21:00:00',290,'ativo','2025-03-16 20:51:00','2025-06-23 11:16:48'),(276,'2020-03-11 21:00:00',291,'inativo','2025-03-16 20:51:02','2025-06-23 11:18:33'),(277,'3025-01-31 21:00:00',292,'ativo','2025-03-16 20:51:04','2025-06-23 11:19:01'),(278,'2023-09-22 21:00:00',293,'ativo','2025-03-16 20:51:05','2025-05-09 09:20:15'),(279,'3025-10-01 00:00:00',294,'ativo','2025-03-16 20:51:07','2025-03-16 20:51:07'),(280,'2023-10-13 00:00:00',295,'ativo','2025-03-16 20:51:09','2025-03-16 20:51:09'),(281,'3025-01-31 21:00:00',296,'ativo','2025-03-16 20:51:10','2025-06-23 11:33:40'),(282,'2026-06-03 00:00:00',297,'ativo','2025-03-16 20:51:12','2025-03-16 20:51:12'),(283,'2026-06-03 00:00:00',298,'ativo','2025-03-16 20:51:14','2025-03-16 20:51:14'),(284,'2026-06-03 00:00:00',299,'ativo','2025-03-16 20:51:15','2025-03-16 20:51:15'),(285,'3019-07-31 21:00:00',300,'ativo','2025-03-16 20:51:17','2025-07-14 15:00:24'),(286,'2022-02-08 00:00:00',301,'ativo','2025-03-16 20:51:19','2025-03-16 20:51:19'),(287,'2023-03-22 21:00:00',302,'ativo','2025-03-16 20:51:20','2025-06-23 11:39:11'),(288,'2026-02-01 21:00:00',303,'ativo','2025-03-16 20:51:22','2025-06-23 11:40:51'),(289,'2023-12-28 21:00:00',304,'ativo','2025-03-16 20:51:24','2025-06-23 11:41:40'),(290,'3012-08-01 00:00:00',305,'ativo','2025-03-16 20:51:25','2025-03-16 20:51:25'),(291,'3014-02-15 22:00:00',306,'ativo','2025-03-16 20:51:27','2025-06-23 11:42:44'),(292,'2024-08-16 00:00:00',307,'ativo','2025-03-16 20:51:29','2025-03-16 20:51:29'),(293,'3022-02-01 00:00:00',308,'ativo','2025-03-16 20:51:30','2025-03-16 20:51:30'),(294,'3021-04-01 00:00:00',309,'ativo','2025-03-16 20:51:32','2025-03-16 20:51:32'),(295,'3025-03-31 21:00:00',310,'ativo','2025-03-16 20:51:34','2025-06-23 11:48:13'),(296,'3025-03-31 21:00:00',311,'ativo','2025-03-16 20:51:35','2025-06-23 11:49:19'),(297,'2018-03-24 21:00:00',312,'ativo','2025-03-16 20:51:37','2025-06-23 11:48:42'),(298,'3025-02-11 00:00:00',313,'ativo','2025-03-16 20:51:39','2025-03-16 20:51:39'),(299,'3025-02-28 21:00:00',314,'ativo','2025-03-16 20:51:40','2025-06-23 13:56:33'),(300,'2018-04-17 21:00:00',315,'ativo','2025-03-16 20:51:42','2025-07-10 12:18:26'),(301,'2026-09-01 00:00:00',316,'ativo','2025-03-16 20:51:44','2025-03-16 20:51:44'),(302,'2025-05-10 00:00:00',317,'inativo','2025-03-16 20:51:45','2025-04-09 16:04:55'),(303,'3006-03-01 00:00:00',318,'inativo','2025-03-16 20:51:47','2025-04-09 16:05:41'),(304,'2021-03-12 00:00:00',319,'ativo','2025-03-16 20:51:49','2025-03-16 20:51:49'),(305,'3025-04-30 21:00:00',320,'ativo','2025-03-16 20:51:50','2025-06-23 14:29:26'),(306,'3025-04-30 21:00:00',321,'ativo','2025-03-16 20:51:52','2025-06-23 14:29:48'),(307,'3020-06-30 21:00:00',322,'ativo','2025-03-16 20:51:54','2025-06-23 14:31:04'),(308,'2020-05-20 00:00:00',323,'ativo','2025-03-16 20:51:56','2025-03-16 20:51:56'),(309,'2024-10-28 00:00:00',324,'ativo','2025-03-16 20:51:57','2025-03-16 20:51:57'),(310,'2019-11-01 00:00:00',325,'ativo','2025-03-16 20:51:59','2025-03-16 20:51:59'),(311,'2019-02-25 21:00:00',326,'ativo','2025-03-16 20:52:01','2025-06-23 14:33:15'),(312,'3025-02-28 21:00:00',327,'ativo','2025-03-16 20:52:02','2025-06-23 14:33:38'),(313,'2023-03-30 00:00:00',328,'ativo','2025-03-16 20:52:04','2025-03-16 20:52:04'),(314,'2022-09-03 00:00:00',329,'ativo','2025-03-16 20:52:06','2025-03-16 20:52:06'),(315,'3025-11-01 00:00:00',330,'ativo','2025-03-16 20:52:07','2025-03-16 20:52:07'),(316,'3025-11-01 00:00:00',331,'ativo','2025-03-16 20:52:09','2025-03-16 20:52:09'),(317,'3025-10-01 00:00:00',332,'ativo','2025-03-16 20:52:11','2025-03-16 20:52:11'),(318,'2019-03-31 21:00:00',333,'ativo','2025-03-16 20:52:13','2025-04-02 16:52:59'),(319,'3009-05-31 21:00:00',334,'ativo','2025-03-16 20:52:14','2025-06-26 16:29:24'),(320,'3025-02-28 21:00:00',335,'ativo','2025-03-16 20:52:16','2025-06-26 16:31:38'),(321,'2020-04-30 21:00:00',336,'ativo','2025-03-16 20:52:18','2025-06-26 16:31:16'),(322,'2026-07-01 00:00:00',337,'ativo','2025-03-16 20:52:19','2025-03-16 20:52:19'),(323,'2026-05-31 21:00:00',338,'ativo','2025-03-16 20:52:21','2025-06-26 16:32:19'),(324,'2024-10-28 00:00:00',339,'ativo','2025-03-16 20:52:23','2025-03-16 20:52:23'),(325,'2027-01-18 21:00:00',340,'ativo','2025-03-16 20:52:24','2025-06-26 16:30:01'),(326,'3025-01-31 21:00:00',341,'ativo','2025-03-16 20:52:26','2025-06-26 16:28:33'),(327,'3019-06-30 21:00:00',342,'ativo','2025-03-16 20:52:28','2025-05-19 11:01:37'),(328,'2026-01-29 21:00:00',343,'ativo','2025-03-16 20:52:29','2025-06-23 14:59:26'),(329,'2025-03-31 21:00:00',344,'ativo','2025-03-16 20:52:31','2025-06-23 15:03:23'),(330,'3025-02-28 21:00:00',345,'ativo','2025-03-16 20:52:33','2025-06-23 15:04:07'),(331,'2025-06-14 00:00:00',346,'ativo','2025-03-16 20:52:34','2025-03-16 20:52:34'),(332,'2024-12-11 00:00:00',347,'ativo','2025-03-16 20:52:36','2025-03-16 20:52:36'),(333,'2021-10-26 00:00:00',348,'ativo','2025-03-16 20:52:38','2025-03-16 20:52:38'),(334,'2022-02-04 21:00:00',349,'ativo','2025-03-16 20:52:40','2025-05-19 10:41:57'),(335,'2025-08-31 00:00:00',350,'ativo','2025-03-16 20:52:41','2025-03-16 20:52:41'),(336,'2025-08-30 21:00:00',351,'ativo','2025-03-16 20:52:43','2025-05-19 10:42:56'),(337,'2025-08-31 00:00:00',352,'ativo','2025-03-16 20:52:45','2025-03-16 20:52:45'),(338,'3019-10-31 21:00:00',353,'ativo','2025-03-16 20:52:46','2025-06-23 15:21:17'),(339,'2021-10-01 21:00:00',354,'ativo','2025-03-16 20:52:48','2025-04-08 14:29:44'),(340,'2020-06-01 00:00:00',355,'ativo','2025-03-16 20:52:50','2025-03-16 20:52:50'),(341,'2022-09-01 21:00:00',356,'ativo','2025-03-16 20:52:51','2025-06-23 15:22:03'),(342,'2020-06-01 00:00:00',357,'ativo','2025-03-16 20:52:53','2025-03-16 20:52:53'),(343,'2024-05-29 21:00:00',358,'ativo','2025-03-16 20:52:55','2025-06-23 15:22:55'),(344,'3023-08-01 00:00:00',359,'ativo','2025-03-16 20:52:56','2025-03-16 20:52:56'),(345,'3023-11-01 00:00:00',360,'ativo','2025-03-16 20:52:58','2025-03-16 20:52:58'),(346,'2020-04-10 21:00:00',361,'ativo','2025-03-16 20:53:00','2025-06-23 15:29:10'),(347,'2020-04-10 21:00:00',362,'ativo','2025-03-16 20:53:01','2025-06-23 15:30:01'),(348,'2025-10-26 00:00:00',363,'ativo','2025-03-16 20:53:03','2025-03-16 20:53:03'),(349,'2024-03-07 21:00:00',364,'ativo','2025-03-16 20:53:05','2025-06-23 15:31:41'),(350,'2023-07-15 00:00:00',365,'ativo','2025-03-16 20:53:06','2025-03-16 20:53:06'),(351,'2022-12-01 00:00:00',366,'inativo','2025-03-16 20:53:08','2025-06-23 15:43:13'),(352,'2026-12-01 00:00:00',367,'ativo','2025-03-16 20:53:10','2025-03-16 20:53:10'),(353,'2021-03-03 21:00:00',368,'ativo','2025-03-16 20:53:12','2025-06-24 11:24:21'),(354,'2021-03-10 21:00:00',369,'ativo','2025-03-16 20:53:13','2025-06-24 11:24:51'),(355,'2023-11-17 21:00:00',370,'ativo','2025-03-16 20:53:15','2025-06-24 11:25:23'),(356,'2022-12-31 21:00:00',371,'ativo','2025-03-16 20:53:17','2025-06-24 16:10:49'),(357,'2021-01-08 00:00:00',372,'ativo','2025-03-16 20:53:18','2025-03-16 20:53:18'),(358,'3025-01-01 00:00:00',373,'ativo','2025-03-16 20:53:20','2025-03-16 20:53:20'),(359,'2014-08-20 00:00:00',374,'ativo','2025-03-16 20:53:22','2025-03-16 20:53:22'),(360,'2019-02-28 21:00:00',375,'ativo','2025-03-16 20:53:23','2025-06-24 16:41:28'),(361,'2025-02-02 21:00:00',376,'ativo','2025-03-16 20:53:25','2025-06-24 16:43:53'),(362,'1998-10-09 01:00:00',377,'ativo','2025-03-16 20:53:26','2025-03-16 20:53:26'),(363,'1998-10-09 01:00:00',378,'ativo','2025-03-16 20:53:28','2025-03-16 20:53:28'),(364,'1998-10-09 01:00:00',379,'ativo','2025-03-16 20:53:30','2025-03-16 20:53:30'),(365,'2018-04-11 21:00:00',380,'ativo','2025-03-16 20:53:32','2025-06-24 16:55:47'),(366,'2018-05-16 21:00:00',381,'ativo','2025-03-16 20:53:33','2025-06-24 16:54:24'),(367,'2020-08-01 00:00:00',382,'ativo','2025-03-16 20:53:35','2025-03-16 20:53:35'),(368,'2023-11-30 21:00:00',383,'ativo','2025-03-16 20:53:37','2025-06-24 16:55:13'),(369,'3018-01-31 22:00:00',384,'ativo','2025-03-16 20:53:38','2025-06-24 16:56:21'),(370,'3021-06-01 00:00:00',385,'ativo','2025-03-16 20:53:40','2025-03-16 20:53:40'),(371,'3025-01-31 21:00:00',386,'ativo','2025-03-16 20:53:42','2025-06-25 11:49:42'),(372,'2021-09-28 00:00:00',387,'ativo','2025-03-16 20:53:43','2025-03-16 20:53:43'),(373,'2027-02-18 21:00:00',388,'ativo','2025-03-16 20:53:45','2025-06-25 11:51:02'),(374,'2025-06-01 00:00:00',389,'ativo','2025-03-16 20:53:47','2025-03-16 20:53:47'),(375,'2024-04-30 21:00:00',390,'ativo','2025-03-16 20:53:48','2025-06-25 15:23:05'),(376,'2020-09-13 21:00:00',391,'ativo','2025-03-16 20:53:50','2025-06-25 15:23:25'),(377,'2020-11-10 21:00:00',392,'ativo','2025-03-16 20:53:52','2025-06-25 15:24:27'),(378,'2020-11-01 00:00:00',393,'ativo','2025-03-16 20:53:53','2025-03-16 20:53:53'),(379,'2022-01-25 00:00:00',394,'ativo','2025-03-16 20:53:55','2025-03-16 20:53:55'),(380,'2027-04-23 21:00:00',395,'ativo','2025-03-16 20:53:57','2025-06-25 15:28:45'),(381,'2025-09-19 00:00:00',396,'ativo','2025-03-16 20:53:58','2025-03-16 20:53:58'),(382,'2027-10-16 21:00:00',397,'ativo','2025-03-16 20:54:00','2025-06-25 15:31:16'),(383,'2020-06-02 21:00:00',398,'ativo','2025-03-16 20:54:02','2025-06-25 15:32:51'),(384,'2020-06-02 21:00:00',399,'ativo','2025-03-16 20:54:03','2025-06-25 15:33:24'),(385,'2023-05-20 00:00:00',400,'ativo','2025-03-16 20:54:05','2025-03-16 20:54:05'),(386,'2026-06-22 21:00:00',401,'ativo','2025-03-16 20:54:07','2025-06-25 15:34:25'),(387,'2025-02-27 21:00:00',402,'ativo','2025-03-16 20:54:08','2025-06-25 15:35:34'),(388,'2022-08-10 00:00:00',403,'ativo','2025-03-16 20:54:10','2025-03-16 20:54:10'),(389,'3020-03-31 21:00:00',404,'ativo','2025-03-16 20:54:12','2025-06-25 15:46:17'),(390,'2024-12-11 00:00:00',405,'inativo','2025-03-16 20:54:13','2025-03-16 20:54:13'),(391,'2024-12-11 00:00:00',406,'inativo','2025-03-16 20:54:15','2025-03-16 20:54:15'),(392,'3020-10-31 21:00:00',407,'ativo','2025-03-16 20:54:17','2025-06-25 15:47:50'),(393,'2019-06-27 21:00:00',408,'ativo','2025-03-16 20:54:18','2025-06-25 15:52:56'),(394,'2019-06-28 21:00:00',409,'ativo','2025-03-16 20:54:20','2025-06-25 15:51:58'),(395,'2022-10-02 00:00:00',410,'ativo','2025-03-16 20:54:22','2025-03-16 20:54:22'),(396,'2023-01-25 00:00:00',411,'ativo','2025-03-16 20:54:23','2025-03-16 20:54:23'),(397,'3022-01-25 00:00:00',412,'ativo','2025-03-16 20:54:25','2025-03-16 20:54:25'),(398,'2023-01-25 00:00:00',413,'ativo','2025-03-16 20:54:27','2025-03-16 20:54:27'),(399,'3025-04-30 21:00:00',414,'ativo','2025-03-16 20:54:28','2025-06-25 16:49:08'),(400,'3025-04-30 21:00:00',415,'ativo','2025-03-16 20:54:30','2025-06-25 16:49:40'),(401,'2979-12-31 21:00:00',416,'ativo','2025-03-16 20:54:32','2025-06-25 16:50:11'),(402,'2024-12-21 00:00:00',417,'inativo','2025-03-16 20:54:34','2025-03-16 20:54:34'),(403,'2020-09-30 21:00:00',418,'ativo','2025-03-16 20:54:35','2025-06-26 09:23:17'),(404,'2022-10-22 00:00:00',419,'ativo','2025-03-16 20:54:37','2025-03-16 20:54:37'),(405,'2020-10-21 00:00:00',420,'ativo','2025-03-16 20:54:39','2025-03-16 20:54:39'),(406,'2023-08-01 00:00:00',421,'ativo','2025-03-16 20:54:40','2025-03-16 20:54:40'),(407,'3019-07-31 21:00:00',422,'ativo','2025-03-16 20:54:42','2025-06-26 10:18:59'),(408,'2024-08-23 21:00:00',423,'ativo','2025-03-16 20:54:44','2025-06-26 10:21:10'),(409,'2026-09-01 00:00:00',424,'ativo','2025-03-16 20:54:45','2025-03-16 20:54:45'),(410,'2024-10-27 00:00:00',425,'ativo','2025-03-16 20:54:47','2025-03-16 20:54:47'),(411,'2021-08-24 00:00:00',426,'ativo','2025-03-16 20:54:49','2025-03-16 20:54:49'),(412,'2021-08-24 00:00:00',427,'ativo','2025-03-16 20:54:50','2025-03-16 20:54:50'),(413,'2020-06-09 21:00:00',429,'ativo','2025-03-16 20:54:52','2025-06-26 10:52:23'),(414,'2019-06-25 00:00:00',430,'ativo','2025-03-16 20:54:54','2025-03-16 20:54:54'),(415,'2026-02-23 21:00:00',431,'ativo','2025-03-16 20:54:55','2025-06-26 11:23:12'),(416,'2024-09-23 00:00:00',432,'ativo','2025-03-16 20:54:57','2025-03-16 20:54:57'),(417,'2027-06-04 21:00:00',433,'ativo','2025-03-16 20:54:59','2025-06-26 11:23:52'),(418,'2019-10-24 00:00:00',434,'ativo','2025-03-16 20:55:00','2025-03-16 20:55:00'),(419,'2014-08-17 00:00:00',435,'ativo','2025-03-16 20:55:02','2025-03-16 20:55:02'),(420,'2023-06-14 00:00:00',436,'inativo','2025-03-16 20:55:04','2025-04-28 08:31:20'),(421,'2025-12-01 00:00:00',437,'ativo','2025-03-16 20:55:05','2025-03-16 20:55:05'),(422,'2024-11-12 00:00:00',438,'ativo','2025-03-16 20:55:07','2025-03-16 20:55:07'),(423,'2024-02-16 00:00:00',439,'ativo','2025-03-16 20:55:09','2025-03-16 20:55:09'),(424,'2013-05-31 21:00:00',440,'ativo','2025-03-16 20:55:11','2025-06-26 15:01:05'),(425,'2021-03-19 21:00:00',441,'ativo','2025-03-16 20:55:12','2025-06-26 15:02:16'),(426,'3024-03-31 21:00:00',442,'ativo','2025-03-16 20:55:14','2025-06-26 15:02:53'),(427,'2023-07-12 00:00:00',443,'ativo','2025-03-16 20:55:16','2025-03-16 20:55:16'),(428,'2027-09-19 00:00:00',444,'ativo','2025-03-16 20:55:17','2025-03-16 20:55:17'),(429,'2023-07-01 00:00:00',445,'ativo','2025-03-16 20:55:19','2025-03-16 20:55:19'),(430,'2023-07-01 00:00:00',446,'ativo','2025-03-16 20:55:21','2025-03-16 20:55:21'),(431,'3025-01-31 21:00:00',447,'ativo','2025-03-16 20:55:22','2025-06-26 15:12:49'),(432,'3018-12-31 22:00:00',448,'ativo','2025-03-16 20:55:24','2025-06-26 15:18:23'),(433,'2017-12-01 00:00:00',449,'ativo','2025-03-16 20:55:26','2025-03-16 20:55:26'),(434,'2026-10-28 00:00:00',450,'ativo','2025-03-16 20:55:27','2025-03-16 20:55:27'),(435,'3023-10-28 00:00:00',451,'ativo','2025-03-16 20:55:29','2025-03-16 20:55:29'),(436,'3023-10-28 00:00:00',452,'ativo','2025-03-16 20:55:31','2025-03-16 20:55:31'),(437,'2026-10-28 00:00:00',453,'ativo','2025-03-16 20:55:32','2025-03-16 20:55:32'),(438,'3023-10-27 21:00:00',454,'ativo','2025-03-16 20:55:34','2025-06-26 15:26:04'),(439,'2026-10-27 21:00:00',455,'ativo','2025-03-16 20:55:36','2025-06-26 15:26:52'),(440,'3023-10-28 00:00:00',456,'ativo','2025-03-16 20:55:38','2025-03-16 20:55:38'),(441,'2026-10-28 00:00:00',457,'ativo','2025-03-16 20:55:40','2025-03-16 20:55:40'),(442,'2024-07-31 21:00:00',458,'ativo','2025-03-16 20:55:41','2025-06-26 15:29:49'),(443,'3025-01-01 00:00:00',459,'ativo','2025-03-16 20:55:43','2025-03-16 20:55:43'),(444,'2026-01-01 00:00:00',460,'ativo','2025-03-16 20:55:45','2025-03-16 20:55:45'),(445,'2022-11-25 21:00:00',461,'ativo','2025-03-16 20:55:46','2025-06-26 15:33:04'),(446,'2022-09-20 00:00:00',462,'inativo','2025-03-16 20:55:48','2025-06-26 15:34:32'),(447,'3025-01-01 00:00:00',463,'ativo','2025-03-16 20:55:50','2025-03-16 20:55:50'),(448,'2024-09-26 00:00:00',464,'ativo','2025-03-16 20:55:51','2025-03-16 20:55:51'),(449,'3018-03-29 00:00:00',465,'ativo','2025-03-16 20:55:53','2025-03-16 20:55:53'),(450,'2024-08-15 21:00:00',466,'ativo','2025-03-16 20:55:55','2025-06-26 15:37:08'),(451,'2019-09-28 00:00:00',467,'ativo','2025-03-16 20:55:57','2025-03-16 20:55:57'),(452,'3024-10-01 00:00:00',468,'ativo','2025-03-16 20:55:58','2025-03-16 20:55:58'),(453,'2023-03-11 00:00:00',469,'ativo','2025-03-16 20:56:00','2025-03-16 20:56:00'),(454,'2024-04-12 00:00:00',470,'ativo','2025-03-16 20:56:02','2025-03-16 20:56:02'),(455,'2025-04-01 00:00:00',471,'ativo','2025-03-16 20:56:03','2025-03-16 20:56:03'),(456,'2025-03-25 00:00:00',472,'ativo','2025-03-16 20:56:05','2025-03-16 20:56:05'),(457,'2027-09-02 21:00:00',473,'ativo','2025-03-16 20:56:07','2025-06-26 15:55:28'),(458,'2022-08-29 21:00:00',474,'ativo','2025-03-16 20:56:09','2025-06-26 15:55:56'),(459,'2023-02-21 21:00:00',475,'ativo','2025-03-16 20:56:11','2025-06-26 15:57:27'),(460,'2023-01-04 21:00:00',476,'ativo','2025-03-16 20:56:12','2025-06-26 15:56:56'),(461,'2016-05-07 21:00:00',477,'ativo','2025-03-16 20:56:14','2025-06-26 15:58:37'),(462,'2022-12-28 00:00:00',478,'ativo','2025-03-16 20:56:16','2025-03-16 20:56:16'),(463,'2022-03-10 00:00:00',479,'inativo','2025-03-16 20:56:17','2025-06-13 11:37:58'),(464,'2024-12-27 00:00:00',480,'ativo','2025-03-16 20:56:19','2025-03-16 20:56:19'),(465,'2023-12-14 21:00:00',481,'ativo','2025-03-16 20:56:21','2025-06-26 16:03:36'),(466,'2025-01-01 21:00:00',482,'ativo','2025-03-16 20:56:22','2025-06-26 16:04:13'),(467,'2026-02-07 21:00:00',483,'ativo','2025-03-16 20:56:24','2025-06-26 16:04:48'),(468,'3019-12-31 21:00:00',484,'ativo','2025-03-16 20:56:26','2025-06-26 16:05:10'),(469,'2013-07-10 00:00:00',485,'ativo','2025-03-16 20:56:27','2025-03-16 20:56:27'),(470,'2019-09-14 00:00:00',486,'ativo','2025-03-16 20:56:29','2025-03-16 20:56:29'),(471,'2022-10-09 00:00:00',487,'ativo','2025-03-16 20:56:31','2025-03-16 20:56:31'),(472,'2021-07-22 00:00:00',488,'ativo','2025-03-16 20:56:32','2025-03-16 20:56:32'),(473,'2022-07-13 21:00:00',489,'ativo','2025-03-16 20:56:34','2025-04-23 09:27:37'),(474,'2024-07-14 00:00:00',490,'ativo','2025-03-16 20:56:36','2025-03-16 20:56:36'),(475,'2022-11-01 00:00:00',491,'ativo','2025-03-16 20:56:37','2025-03-16 20:56:37'),(476,'2022-01-31 21:00:00',492,'ativo','2025-03-16 20:56:39','2025-06-26 16:22:26'),(477,'2023-09-04 21:00:00',493,'ativo','2025-03-16 20:56:41','2025-06-26 16:24:59'),(478,'2016-07-27 21:00:00',494,'ativo','2025-03-16 20:56:43','2025-06-26 16:24:11'),(479,'2023-09-04 21:00:00',495,'ativo','2025-03-16 20:56:44','2025-06-26 16:23:12'),(480,'2024-12-13 00:00:00',496,'ativo','2025-03-16 20:56:46','2025-03-16 20:56:46'),(481,'3018-06-08 00:00:00',497,'ativo','2025-03-16 20:56:48','2025-03-16 20:56:48'),(482,'3018-07-31 21:00:00',498,'ativo','2025-03-16 20:56:49','2025-06-26 16:26:34'),(483,'2020-08-22 21:00:00',499,'ativo','2025-03-16 20:56:51','2025-06-26 16:27:06'),(484,'2026-01-05 00:00:00',500,'ativo','2025-03-16 20:56:53','2025-03-16 20:56:53'),(485,'2026-02-07 21:00:00',501,'ativo','2025-03-16 20:56:54','2025-06-20 13:54:37'),(486,'2026-02-07 21:00:00',502,'ativo','2025-03-16 20:56:56','2025-06-20 14:03:02'),(487,'2026-02-07 21:00:00',503,'ativo','2025-03-16 20:56:58','2025-06-23 11:09:11'),(488,'2026-02-07 21:00:00',504,'ativo','2025-03-16 20:56:59','2025-06-23 11:09:45'),(489,'2026-02-07 21:00:00',505,'ativo','2025-03-16 20:57:01','2025-06-24 16:47:26'),(490,'2026-05-30 21:00:00',506,'ativo','2025-03-16 20:57:03','2025-05-22 16:54:02'),(491,'2028-01-07 00:00:00',507,'ativo','2025-03-16 20:57:04','2025-03-16 20:57:04'),(492,'2980-01-01 00:00:00',508,'inativo','2025-03-16 20:57:06','2025-05-19 10:35:07'),(493,'2025-10-31 21:00:00',509,'ativo','2025-03-18 09:42:19','2025-03-18 09:42:19'),(494,'2028-03-24 21:00:00',510,'ativo','2025-03-31 13:43:07','2025-03-31 13:43:07'),(495,'2026-03-27 21:00:00',511,'inativo','2025-04-02 09:53:46','2025-06-26 15:31:12'),(496,'2026-03-27 21:00:00',512,'inativo','2025-04-02 09:56:26','2025-06-26 15:31:27'),(497,'2026-03-27 21:00:00',513,'inativo','2025-04-02 09:57:46','2025-06-26 15:31:53'),(498,'2026-07-10 21:00:00',514,'ativo','2025-04-03 11:18:13','2025-04-23 16:17:13'),(499,'2026-03-11 21:00:00',515,'ativo','2025-04-08 14:36:56','2025-06-18 15:20:37'),(500,'2024-02-07 21:00:00',516,'inativo','2025-04-09 15:54:50','2025-04-09 16:04:13'),(501,'2026-03-12 21:00:00',517,'ativo','2025-04-16 15:43:14','2025-04-16 15:43:14'),(502,'2026-04-10 21:00:00',518,'ativo','2025-04-24 11:33:40','2025-04-24 11:33:40'),(503,'2026-04-10 21:00:00',519,'ativo','2025-04-24 11:34:56','2025-04-24 11:34:56'),(504,'2026-03-25 21:00:00',520,'ativo','2025-04-28 15:15:19','2025-04-28 15:15:19'),(505,'3025-06-30 21:00:00',521,'ativo','2025-04-28 15:21:12','2025-04-28 15:21:12'),(506,'2979-12-31 21:00:00',522,'inativo','2025-04-29 12:05:46','2025-06-26 16:58:55'),(507,'2979-12-31 21:00:00',523,'inativo','2025-04-29 12:07:19','2025-06-26 16:59:10'),(508,'2979-12-31 21:00:00',524,'inativo','2025-04-29 12:09:20','2025-06-26 16:59:24'),(509,'2979-12-31 21:00:00',525,'inativo','2025-04-29 12:12:29','2025-06-26 16:57:04'),(510,'2979-12-31 21:00:00',526,'inativo','2025-04-29 12:15:58','2025-06-26 16:57:18'),(511,'2979-12-31 21:00:00',527,'inativo','2025-04-29 12:17:55','2025-06-26 16:59:48'),(512,'2979-12-31 21:00:00',528,'inativo','2025-04-29 13:53:25','2025-06-26 17:00:03'),(513,'2979-12-31 21:00:00',529,'inativo','2025-04-29 14:26:02','2025-06-26 17:00:18'),(514,'2979-12-31 21:00:00',530,'inativo','2025-04-29 15:02:24','2025-06-26 17:00:35'),(515,'2026-01-14 21:00:00',531,'ativo','2025-05-07 15:05:40','2025-05-07 15:06:20'),(516,'2026-10-27 21:00:00',532,'ativo','2025-05-07 15:07:32','2025-05-07 15:11:57'),(517,'2026-10-27 21:00:00',533,'ativo','2025-05-07 15:09:58','2025-05-07 15:09:58'),(519,'2026-04-28 21:00:00',535,'ativo','2025-05-21 14:20:53','2025-05-21 14:20:53'),(520,'2028-05-12 21:00:00',536,'ativo','2025-05-22 15:26:27','2025-05-22 15:26:27'),(521,'2027-07-09 21:00:00',537,'ativo','2025-05-28 09:54:29','2025-06-20 14:05:06'),(522,'2027-11-18 21:00:00',538,'ativo','2025-06-17 11:01:50','2025-06-17 11:01:50'),(523,'2024-10-26 21:00:00',539,'ativo','2025-06-18 14:39:21','2025-06-18 14:39:21'),(524,'3025-03-31 21:00:00',540,'ativo','2025-06-18 14:46:31','2025-06-18 14:46:31'),(525,'2979-12-31 21:00:00',541,'ativo','2025-06-20 10:05:58','2025-06-20 10:05:58'),(526,'2025-11-30 21:00:00',542,'ativo','2025-06-20 10:48:38','2025-06-20 10:48:38'),(527,'2025-12-01 21:00:00',543,'ativo','2025-06-20 14:17:41','2025-06-20 14:17:41'),(528,'1980-12-31 21:00:00',544,'ativo','2025-06-23 11:02:41','2025-06-23 11:02:41'),(529,'1980-12-31 21:00:00',545,'ativo','2025-06-23 11:06:17','2025-06-23 11:06:17'),(530,'1980-12-31 21:00:00',546,'ativo','2025-06-23 11:07:43','2025-06-23 11:07:43'),(531,'1980-12-31 21:00:00',547,'ativo','2025-06-23 14:01:26','2025-06-23 14:01:26'),(532,'1980-12-31 21:00:00',548,'ativo','2025-06-23 15:08:27','2025-06-23 15:08:27'),(533,'2026-02-09 21:00:00',549,'ativo','2025-06-24 16:39:44','2025-06-24 16:39:44'),(534,'2028-02-15 21:00:00',550,'ativo','2025-06-25 15:27:19','2025-06-25 15:27:19'),(535,'2024-10-02 21:00:00',551,'ativo','2025-06-25 15:43:36','2025-06-25 15:43:36'),(536,'1980-12-31 21:00:00',552,'ativo','2025-06-26 10:16:43','2025-06-26 10:16:43'),(537,'2026-03-31 21:00:00',553,'ativo','2025-06-26 10:22:44','2025-06-26 10:22:44'),(538,'2026-01-31 21:00:00',554,'ativo','2025-06-26 11:49:40','2025-06-26 11:49:40'),(539,'1980-12-31 21:00:00',555,'ativo','2025-06-26 15:51:38','2025-06-26 15:51:38'),(540,'2026-06-30 21:00:00',557,'ativo','2025-07-01 10:18:51','2025-07-01 10:20:09'),(541,'2021-07-31 21:00:00',558,'ativo','2025-07-03 09:45:24','2025-07-03 09:45:24');
/*!40000 ALTER TABLE `vencimento_contratos` ENABLE KEYS */;
UNLOCK TABLES;
/*!40103 SET TIME_ZONE=@OLD_TIME_ZONE */;

/*!40101 SET SQL_MODE=@OLD_SQL_MODE */;
/*!40014 SET FOREIGN_KEY_CHECKS=@OLD_FOREIGN_KEY_CHECKS */;
/*!40014 SET UNIQUE_CHECKS=@OLD_UNIQUE_CHECKS */;
/*!40101 SET CHARACTER_SET_CLIENT=@OLD_CHARACTER_SET_CLIENT */;
/*!40101 SET CHARACTER_SET_RESULTS=@OLD_CHARACTER_SET_RESULTS */;
/*!40101 SET COLLATION_CONNECTION=@OLD_COLLATION_CONNECTION */;
/*!40111 SET SQL_NOTES=@OLD_SQL_NOTES */;

-- Dump completed on 2025-07-20 22:15:02
